--- 任务开始: Mon Jul 13 02:10:01 AM CST 2026 ---
--- 任务结束: Mon Jul 13 02:10:01 AM CST 2026 ---
--- 任务开始: Mon Jul 13 02:15:01 AM CST 2026 ---
--- 任务结束: Mon Jul 13 02:15:01 AM CST 2026 ---
--- 任务开始: Mon Jul 13 02:20:01 AM CST 2026 ---
/home/ubuntu/DouyinLiveRecorder-main/upload_baidu.sh: line 12: msmtp: command not found
--- 任务结束: Mon Jul 13 02:20:01 AM CST 2026 ---
--- 任务开始: Mon Jul 13 02:25:01 AM CST 2026 ---
/home/ubuntu/DouyinLiveRecorder-main/upload_baidu.sh: line 12: msmtp: command not found
--- 任务结束: Mon Jul 13 02:25:01 AM CST 2026 ---
--- 任务开始: Mon Jul 13 02:30:01 AM CST 2026 ---
--- 任务结束: Mon Jul 13 02:30:01 AM CST 2026 ---
--- 任务开始: Mon Jul 13 02:35:01 AM CST 2026 ---
--- 任务结束: Mon Jul 13 02:35:01 AM CST 2026 ---
--- 任务开始: Mon Jul 13 02:40:01 AM CST 2026 ---
--- 任务结束: Mon Jul 13 02:40:02 AM CST 2026 ---
--- 任务开始: Mon Jul 13 02:45:01 AM CST 2026 ---
--- 任务结束: Mon Jul 13 02:45:01 AM CST 2026 ---
--- 任务开始: Mon Jul 13 02:50:02 AM CST 2026 ---
/home/ubuntu/DouyinLiveRecorder-main/upload_baidu.sh: line 12: msmtp: command not found
--- 任务结束: Mon Jul 13 02:50:02 AM CST 2026 ---
--- 任务开始: Mon Jul 13 02:55:01 AM CST 2026 ---
/home/ubuntu/DouyinLiveRecorder-main/upload_baidu.sh: line 12: msmtp: command not found
--- 任务结束: Mon Jul 13 02:55:02 AM CST 2026 ---
--- 任务开始: Mon Jul 13 03:00:01 AM CST 2026 ---
/home/ubuntu/DouyinLiveRecorder-main/upload_baidu.sh: line 12: msmtp: command not found
--- 任务结束: Mon Jul 13 03:00:02 AM CST 2026 ---
--- 任务开始: Mon Jul 13 03:05:01 AM CST 2026 ---
/home/ubuntu/DouyinLiveRecorder-main/upload_baidu.sh: line 12: msmtp: command not found
--- 任务结束: Mon Jul 13 03:05:02 AM CST 2026 ---
--- 任务开始: Mon Jul 13 03:10:01 AM CST 2026 ---
/home/ubuntu/DouyinLiveRecorder-main/upload_baidu.sh: line 12: msmtp: command not found
--- 任务结束: Mon Jul 13 03:10:03 AM CST 2026 ---
--- 任务开始: Mon Jul 13 03:15:01 AM CST 2026 ---
/home/ubuntu/DouyinLiveRecorder-main/upload_baidu.sh: line 12: msmtp: command not found
--- 任务结束: Mon Jul 13 03:15:03 AM CST 2026 ---
--- 任务开始: Mon Jul 13 03:20:01 AM CST 2026 ---
/home/ubuntu/DouyinLiveRecorder-main/upload_baidu.sh: line 12: msmtp: command not found
cp: cannot stat '1_000.mp3': No such file or directory
--- 任务结束: Mon Jul 13 03:20:37 AM CST 2026 ---
--- 任务开始: Mon Jul 13 03:25:01 AM CST 2026 ---
/home/ubuntu/DouyinLiveRecorder-main/upload_baidu.sh: line 12: msmtp: command not found
--- 任务结束: Mon Jul 13 03:25:04 AM CST 2026 ---
--- 任务开始: Mon Jul 13 03:30:01 AM CST 2026 ---
/home/ubuntu/DouyinLiveRecorder-main/upload_baidu.sh: line 12: msmtp: command not found
--- 任务结束: Mon Jul 13 03:30:05 AM CST 2026 ---
--- 任务开始: Mon Jul 13 03:35:01 AM CST 2026 ---
/home/ubuntu/DouyinLiveRecorder-main/upload_baidu.sh: line 12: msmtp: command not found
--- 任务结束: Mon Jul 13 03:35:01 AM CST 2026 ---
--- 任务开始: Mon Jul 13 03:40:01 AM CST 2026 ---
/home/ubuntu/DouyinLiveRecorder-main/upload_baidu.sh: line 12: msmtp: command not found
--- 任务结束: Mon Jul 13 03:40:02 AM CST 2026 ---
--- 任务开始: Mon Jul 13 03:45:01 AM CST 2026 ---
/home/ubuntu/DouyinLiveRecorder-main/upload_baidu.sh: line 12: msmtp: command not found
--- 任务结束: Mon Jul 13 03:45:01 AM CST 2026 ---
--- 任务开始: Mon Jul 13 03:50:01 AM CST 2026 ---
cp: cannot stat ''$'\222\255''/未知主播_2026-07-13_03-23-57_000.mp3': No such file or directory
/home/ubuntu/DouyinLiveRecorder-main/upload_baidu.sh: line 12: msmtp: command not found
--- 任务结束: Mon Jul 13 03:50:39 AM CST 2026 ---
--- 任务开始: Mon Jul 13 03:55:01 AM CST 2026 ---
/home/ubuntu/DouyinLiveRecorder-main/upload_baidu.sh: line 12: msmtp: command not found
cp: cannot stat '026-07-13_02-22-11_000.mp3': No such file or directory
--- 任务结束: Mon Jul 13 03:55:06 AM CST 2026 ---
--- 任务开始: Mon Jul 13 04:00:01 AM CST 2026 ---
/home/ubuntu/DouyinLiveRecorder-main/upload_baidu.sh: line 12: msmtp: command not found
--- 任务结束: Mon Jul 13 04:00:02 AM CST 2026 ---
--- 任务开始: Mon Jul 13 04:05:01 AM CST 2026 ---
/home/ubuntu/DouyinLiveRecorder-main/upload_baidu.sh: line 12: msmtp: command not found
--- 任务开始: Mon Jul 13 04:10:01 AM CST 2026 ---
/home/ubuntu/DouyinLiveRecorder-main/upload_baidu.sh: line 12: msmtp: command not found
--- 任务结束: Mon Jul 13 04:12:43 AM CST 2026 ---
/home/ubuntu/DouyinLiveRecorder-main/upload_baidu.sh: line 12: msmtp: command not found
--- 任务结束: Mon Jul 13 04:14:45 AM CST 2026 ---
--- 任务开始: Mon Jul 13 04:15:01 AM CST 2026 ---
/home/ubuntu/DouyinLiveRecorder-main/upload_baidu.sh: line 12: msmtp: command not found
--- 任务结束: Mon Jul 13 04:17:35 AM CST 2026 ---
--- 任务开始: Mon Jul 13 04:20:01 AM CST 2026 ---
/home/ubuntu/DouyinLiveRecorder-main/upload_baidu.sh: line 12: msmtp: command not found
--- 任务结束: Mon Jul 13 04:20:02 AM CST 2026 ---
--- 任务开始: Mon Jul 13 04:30:01 AM CST 2026 ---
/home/ubuntu/DouyinLiveRecorder-main/upload_baidu.sh: line 12: msmtp: command not found
--- 任务结束: Mon Jul 13 04:30:02 AM CST 2026 ---
--- 任务开始: Mon Jul 13 04:50:01 AM CST 2026 ---
2026-07-13 04:50:19,063 | INFO    | modelscope_hub.download | Downloading 20 files from iic/SenseVoiceSmall@master
2026-07-13 04:50:19,063 | INFO    | modelscope_hub.download | Downloading 20 files from iic/SenseVoiceSmall@master
加载 SenseVoice 模型...
funasr version: 1.3.14.
加载 SenseVoice 模型...
funasr version: 1.3.14.
Downloading:   0%|          | 0/20 [00:00<?, ?file/s]Downloading:   0%|          | 0/20 [00:00<?, ?file/s]Downloading: 100%|██████████| 20/20 [00:04<00:00,  4.78file/s]Downloading: 100%|██████████| 20/20 [00:04<00:00,  4.78file/s]Downloading: 100%|██████████| 20/20 [00:04<00:00,  4.78file/s]
Downloading: 100%|██████████| 20/20 [00:04<00:00,  4.78file/s]
WARNING:root:trust_remote_code: False
WARNING:root:trust_remote_code: False
--- 任务开始: Mon Jul 13 05:05:04 AM CST 2026 ---
--- 任务结束: Mon Jul 13 05:05:48 AM CST 2026 ---
--- 任务结束: Mon Jul 13 05:06:10 AM CST 2026 ---
--- 任务开始: Mon Jul 13 05:10:01 AM CST 2026 ---
--- 任务结束: Mon Jul 13 05:10:01 AM CST 2026 ---
--- 任务开始: Mon Jul 13 05:20:02 AM CST 2026 ---
--- 任务结束: Mon Jul 13 05:20:02 AM CST 2026 ---
--- 任务开始: Mon Jul 13 05:30:01 AM CST 2026 ---
--- 任务结束: Mon Jul 13 05:30:02 AM CST 2026 ---
--- 任务开始: Mon Jul 13 05:40:01 AM CST 2026 ---
--- 任务结束: Mon Jul 13 05:40:02 AM CST 2026 ---
--- 任务开始: Mon Jul 13 05:50:01 AM CST 2026 ---
--- 任务结束: Mon Jul 13 05:50:01 AM CST 2026 ---
--- 任务开始: Mon Jul 13 06:00:01 AM CST 2026 ---
--- 任务结束: Mon Jul 13 06:00:02 AM CST 2026 ---
--- 任务开始: Mon Jul 13 06:10:01 AM CST 2026 ---
--- 任务结束: Mon Jul 13 06:10:02 AM CST 2026 ---
--- 任务开始: Mon Jul 13 06:20:01 AM CST 2026 ---
--- 任务结束: Mon Jul 13 06:20:02 AM CST 2026 ---
--- 任务开始: Mon Jul 13 06:30:01 AM CST 2026 ---
--- 任务结束: Mon Jul 13 06:30:02 AM CST 2026 ---
--- 任务开始: Mon Jul 13 06:40:01 AM CST 2026 ---
--- 任务结束: Mon Jul 13 06:40:02 AM CST 2026 ---
--- 任务开始: Mon Jul 13 06:50:01 AM CST 2026 ---
--- 任务结束: Mon Jul 13 06:50:02 AM CST 2026 ---
--- 任务开始: Mon Jul 13 07:00:01 AM CST 2026 ---
--- 任务结束: Mon Jul 13 07:00:01 AM CST 2026 ---
--- 任务开始: Mon Jul 13 07:10:01 AM CST 2026 ---
--- 任务结束: Mon Jul 13 07:10:02 AM CST 2026 ---
--- 任务开始: Mon Jul 13 07:20:01 AM CST 2026 ---
--- 任务结束: Mon Jul 13 07:20:02 AM CST 2026 ---
--- 任务开始: Mon Jul 13 07:30:01 AM CST 2026 ---
--- 任务结束: Mon Jul 13 07:30:02 AM CST 2026 ---
--- 任务开始: Mon Jul 13 07:40:01 AM CST 2026 ---
--- 任务结束: Mon Jul 13 07:40:01 AM CST 2026 ---
--- 任务开始: Mon Jul 13 07:50:01 AM CST 2026 ---
--- 任务结束: Mon Jul 13 07:50:02 AM CST 2026 ---
--- 任务开始: Mon Jul 13 08:00:01 AM CST 2026 ---
--- 任务结束: Mon Jul 13 08:00:02 AM CST 2026 ---
--- 任务开始: Mon Jul 13 08:10:01 AM CST 2026 ---
--- 任务结束: Mon Jul 13 08:10:01 AM CST 2026 ---
--- 任务开始: Mon Jul 13 08:20:01 AM CST 2026 ---
--- 任务结束: Mon Jul 13 08:20:02 AM CST 2026 ---
--- 任务开始: Mon Jul 13 08:30:01 AM CST 2026 ---
--- 任务结束: Mon Jul 13 08:30:02 AM CST 2026 ---
--- 任务开始: Mon Jul 13 08:40:01 AM CST 2026 ---
--- 任务结束: Mon Jul 13 08:40:01 AM CST 2026 ---
--- 任务开始: Mon Jul 13 08:50:01 AM CST 2026 ---
--- 任务结束: Mon Jul 13 08:50:02 AM CST 2026 ---
--- 任务开始: Mon Jul 13 09:00:01 AM CST 2026 ---
--- 任务结束: Mon Jul 13 09:00:02 AM CST 2026 ---
--- 任务开始: Mon Jul 13 09:10:01 AM CST 2026 ---
--- 任务结束: Mon Jul 13 09:10:02 AM CST 2026 ---
--- 任务开始: Mon Jul 13 09:20:01 AM CST 2026 ---
--- 任务结束: Mon Jul 13 09:20:01 AM CST 2026 ---
--- 任务开始: Mon Jul 13 09:30:01 AM CST 2026 ---
--- 任务结束: Mon Jul 13 09:30:01 AM CST 2026 ---
--- 任务开始: Mon Jul 13 09:40:01 AM CST 2026 ---
--- 任务结束: Mon Jul 13 09:40:02 AM CST 2026 ---
--- 任务开始: Mon Jul 13 09:50:01 AM CST 2026 ---
--- 任务结束: Mon Jul 13 09:50:02 AM CST 2026 ---
--- 任务开始: Mon Jul 13 10:00:01 AM CST 2026 ---
--- 任务结束: Mon Jul 13 10:00:02 AM CST 2026 ---
--- 任务开始: Mon Jul 13 10:10:01 AM CST 2026 ---
--- 任务结束: Mon Jul 13 10:10:01 AM CST 2026 ---
--- 任务开始: Mon Jul 13 10:20:01 AM CST 2026 ---
--- 任务结束: Mon Jul 13 10:20:01 AM CST 2026 ---
--- 任务开始: Mon Jul 13 10:30:01 AM CST 2026 ---
--- 任务结束: Mon Jul 13 10:30:02 AM CST 2026 ---
--- 任务开始: Mon Jul 13 10:40:01 AM CST 2026 ---
--- 任务结束: Mon Jul 13 10:40:02 AM CST 2026 ---
--- 任务开始: Mon Jul 13 10:50:01 AM CST 2026 ---
--- 任务结束: Mon Jul 13 10:50:01 AM CST 2026 ---
--- 任务开始: Mon Jul 13 11:00:01 AM CST 2026 ---
--- 任务结束: Mon Jul 13 11:00:02 AM CST 2026 ---
--- 任务开始: Mon Jul 13 11:10:01 AM CST 2026 ---
--- 任务结束: Mon Jul 13 11:10:02 AM CST 2026 ---
--- 任务开始: Mon Jul 13 11:20:01 AM CST 2026 ---
--- 任务结束: Mon Jul 13 11:20:02 AM CST 2026 ---
--- 任务开始: Mon Jul 13 11:30:01 AM CST 2026 ---
--- 任务结束: Mon Jul 13 11:30:01 AM CST 2026 ---
--- 任务开始: Mon Jul 13 11:40:01 AM CST 2026 ---
--- 任务结束: Mon Jul 13 11:40:02 AM CST 2026 ---
--- 任务开始: Mon Jul 13 11:50:01 AM CST 2026 ---
--- 任务结束: Mon Jul 13 11:50:02 AM CST 2026 ---
--- 任务开始: Mon Jul 13 12:00:01 PM CST 2026 ---
--- 任务结束: Mon Jul 13 12:00:02 PM CST 2026 ---
--- 任务开始: Mon Jul 13 12:10:01 PM CST 2026 ---
--- 任务结束: Mon Jul 13 12:10:01 PM CST 2026 ---
--- 任务开始: Mon Jul 13 12:20:01 PM CST 2026 ---
--- 任务结束: Mon Jul 13 12:20:02 PM CST 2026 ---
--- 任务开始: Mon Jul 13 12:30:01 PM CST 2026 ---
--- 任务结束: Mon Jul 13 12:30:02 PM CST 2026 ---
--- 任务开始: Mon Jul 13 12:40:01 PM CST 2026 ---
--- 任务结束: Mon Jul 13 12:40:02 PM CST 2026 ---
--- 任务开始: Mon Jul 13 12:50:01 PM CST 2026 ---
--- 任务结束: Mon Jul 13 12:50:02 PM CST 2026 ---
--- 任务开始: Mon Jul 13 01:00:01 PM CST 2026 ---
--- 任务结束: Mon Jul 13 01:00:01 PM CST 2026 ---
--- 任务开始: Mon Jul 13 01:10:01 PM CST 2026 ---
--- 任务结束: Mon Jul 13 01:10:01 PM CST 2026 ---
--- 任务开始: Mon Jul 13 01:20:01 PM CST 2026 ---
--- 任务结束: Mon Jul 13 01:20:02 PM CST 2026 ---
--- 任务开始: Mon Jul 13 01:30:01 PM CST 2026 ---
--- 任务结束: Mon Jul 13 01:30:02 PM CST 2026 ---
--- 任务开始: Mon Jul 13 01:40:01 PM CST 2026 ---
--- 任务结束: Mon Jul 13 01:40:01 PM CST 2026 ---
--- 任务开始: Mon Jul 13 01:50:01 PM CST 2026 ---
--- 任务结束: Mon Jul 13 01:50:03 PM CST 2026 ---
--- 任务开始: Mon Jul 13 02:00:01 PM CST 2026 ---
--- 任务结束: Mon Jul 13 02:00:01 PM CST 2026 ---
--- 任务开始: Mon Jul 13 02:10:01 PM CST 2026 ---
--- 任务结束: Mon Jul 13 02:10:02 PM CST 2026 ---
--- 任务开始: Mon Jul 13 02:20:01 PM CST 2026 ---
--- 任务结束: Mon Jul 13 02:20:02 PM CST 2026 ---
--- 任务开始: Mon Jul 13 02:30:01 PM CST 2026 ---
--- 任务结束: Mon Jul 13 02:30:01 PM CST 2026 ---
--- 任务开始: Mon Jul 13 02:40:01 PM CST 2026 ---
--- 任务结束: Mon Jul 13 02:40:02 PM CST 2026 ---
--- 任务开始: Mon Jul 13 02:50:01 PM CST 2026 ---
--- 任务结束: Mon Jul 13 02:50:02 PM CST 2026 ---
--- 任务开始: Mon Jul 13 03:00:01 PM CST 2026 ---
--- 任务结束: Mon Jul 13 03:00:02 PM CST 2026 ---
--- 任务开始: Mon Jul 13 03:10:01 PM CST 2026 ---
--- 任务结束: Mon Jul 13 03:10:01 PM CST 2026 ---
--- 任务开始: Mon Jul 13 03:20:01 PM CST 2026 ---
--- 任务结束: Mon Jul 13 03:20:01 PM CST 2026 ---
--- 任务开始: Mon Jul 13 03:30:01 PM CST 2026 ---
--- 任务结束: Mon Jul 13 03:30:02 PM CST 2026 ---
--- 任务开始: Mon Jul 13 03:40:01 PM CST 2026 ---
--- 任务结束: Mon Jul 13 03:40:02 PM CST 2026 ---
--- 任务开始: Mon Jul 13 03:50:01 PM CST 2026 ---
--- 任务结束: Mon Jul 13 03:50:01 PM CST 2026 ---
--- 任务开始: Mon Jul 13 04:00:01 PM CST 2026 ---
--- 任务结束: Mon Jul 13 04:00:02 PM CST 2026 ---
--- 任务开始: Mon Jul 13 04:10:01 PM CST 2026 ---
--- 任务结束: Mon Jul 13 04:10:02 PM CST 2026 ---
--- 任务开始: Mon Jul 13 04:20:01 PM CST 2026 ---
--- 任务结束: Mon Jul 13 04:20:01 PM CST 2026 ---
--- 任务开始: Mon Jul 13 04:30:01 PM CST 2026 ---
--- 任务结束: Mon Jul 13 04:30:02 PM CST 2026 ---
--- 任务开始: Mon Jul 13 04:40:01 PM CST 2026 ---
--- 任务结束: Mon Jul 13 04:40:02 PM CST 2026 ---
--- 任务开始: Mon Jul 13 04:50:01 PM CST 2026 ---
--- 任务结束: Mon Jul 13 04:50:01 PM CST 2026 ---
--- 任务开始: Mon Jul 13 05:00:01 PM CST 2026 ---
--- 任务结束: Mon Jul 13 05:00:02 PM CST 2026 ---
--- 任务开始: Mon Jul 13 05:10:01 PM CST 2026 ---
--- 任务结束: Mon Jul 13 05:10:02 PM CST 2026 ---
--- 任务开始: Mon Jul 13 06:00:02 PM CST 2026 ---
--- 任务结束: Mon Jul 13 06:00:03 PM CST 2026 ---
--- 任务开始: Mon Jul 13 06:10:01 PM CST 2026 ---
--- 任务结束: Mon Jul 13 06:10:01 PM CST 2026 ---
--- 任务开始: Mon Jul 13 06:20:01 PM CST 2026 ---
--- 任务结束: Mon Jul 13 06:20:02 PM CST 2026 ---
--- 任务开始: Mon Jul 13 06:30:01 PM CST 2026 ---
--- 任务结束: Mon Jul 13 06:30:02 PM CST 2026 ---
--- 任务开始: Mon Jul 13 06:40:01 PM CST 2026 ---
--- 任务结束: Mon Jul 13 06:40:02 PM CST 2026 ---
--- 任务开始: Mon Jul 13 06:50:01 PM CST 2026 ---
--- 任务结束: Mon Jul 13 06:50:01 PM CST 2026 ---
--- 任务开始: Mon Jul 13 07:00:01 PM CST 2026 ---
--- 任务结束: Mon Jul 13 07:00:02 PM CST 2026 ---
--- 任务开始: Mon Jul 13 07:10:01 PM CST 2026 ---
--- 任务结束: Mon Jul 13 07:10:02 PM CST 2026 ---
--- 任务开始: Mon Jul 13 07:20:01 PM CST 2026 ---
--- 任务结束: Mon Jul 13 07:20:01 PM CST 2026 ---
--- 任务开始: Mon Jul 13 07:30:01 PM CST 2026 ---
--- 任务结束: Mon Jul 13 07:30:02 PM CST 2026 ---
--- 任务开始: Mon Jul 13 07:40:01 PM CST 2026 ---
--- 任务结束: Mon Jul 13 07:40:02 PM CST 2026 ---
--- 任务开始: Mon Jul 13 07:50:01 PM CST 2026 ---
--- 任务结束: Mon Jul 13 07:50:01 PM CST 2026 ---
--- 任务开始: Mon Jul 13 08:00:01 PM CST 2026 ---
--- 任务结束: Mon Jul 13 08:00:01 PM CST 2026 ---
--- 任务开始: Mon Jul 13 08:10:01 PM CST 2026 ---
--- 任务结束: Mon Jul 13 08:10:02 PM CST 2026 ---
--- 任务开始: Mon Jul 13 08:20:01 PM CST 2026 ---
--- 任务结束: Mon Jul 13 08:20:02 PM CST 2026 ---
--- 任务开始: Mon Jul 13 08:30:01 PM CST 2026 ---
--- 任务结束: Mon Jul 13 08:30:01 PM CST 2026 ---
--- 任务开始: Mon Jul 13 08:40:01 PM CST 2026 ---
--- 任务结束: Mon Jul 13 08:40:01 PM CST 2026 ---
--- 任务开始: Mon Jul 13 08:50:01 PM CST 2026 ---
--- 任务结束: Mon Jul 13 08:50:02 PM CST 2026 ---
--- 任务开始: Mon Jul 13 09:00:01 PM CST 2026 ---
--- 任务结束: Mon Jul 13 09:00:04 PM CST 2026 ---
--- 任务开始: Mon Jul 13 09:10:01 PM CST 2026 ---
--- 任务结束: Mon Jul 13 09:10:01 PM CST 2026 ---
--- 任务开始: Mon Jul 13 09:20:01 PM CST 2026 ---
--- 任务结束: Mon Jul 13 09:20:02 PM CST 2026 ---
--- 任务开始: Mon Jul 13 09:30:01 PM CST 2026 ---
--- 任务结束: Mon Jul 13 09:30:02 PM CST 2026 ---
--- 任务开始: Mon Jul 13 09:40:01 PM CST 2026 ---
--- 任务结束: Mon Jul 13 09:40:01 PM CST 2026 ---
--- 任务开始: Mon Jul 13 09:50:01 PM CST 2026 ---
--- 任务结束: Mon Jul 13 09:50:02 PM CST 2026 ---
--- 任务开始: Mon Jul 13 10:00:01 PM CST 2026 ---
--- 任务结束: Mon Jul 13 10:00:02 PM CST 2026 ---
--- 任务开始: Mon Jul 13 10:10:01 PM CST 2026 ---
--- 任务结束: Mon Jul 13 10:10:01 PM CST 2026 ---
--- 任务开始: Mon Jul 13 10:20:02 PM CST 2026 ---
--- 任务结束: Mon Jul 13 10:20:02 PM CST 2026 ---
--- 任务开始: Mon Jul 13 10:30:01 PM CST 2026 ---
--- 任务结束: Mon Jul 13 10:30:02 PM CST 2026 ---
--- 任务开始: Mon Jul 13 10:40:01 PM CST 2026 ---
--- 任务结束: Mon Jul 13 10:40:02 PM CST 2026 ---
--- 任务开始: Mon Jul 13 10:50:01 PM CST 2026 ---
--- 任务结束: Mon Jul 13 10:50:01 PM CST 2026 ---
--- 任务开始: Mon Jul 13 11:00:01 PM CST 2026 ---
--- 任务结束: Mon Jul 13 11:00:01 PM CST 2026 ---
--- 任务开始: Mon Jul 13 11:10:01 PM CST 2026 ---
--- 任务结束: Mon Jul 13 11:10:02 PM CST 2026 ---
--- 任务开始: Mon Jul 13 11:20:01 PM CST 2026 ---
--- 任务结束: Mon Jul 13 11:20:02 PM CST 2026 ---
--- 任务开始: Mon Jul 13 11:30:01 PM CST 2026 ---
--- 任务结束: Mon Jul 13 11:30:02 PM CST 2026 ---
--- 任务开始: Mon Jul 13 11:40:01 PM CST 2026 ---
--- 任务结束: Mon Jul 13 11:40:01 PM CST 2026 ---
--- 任务开始: Mon Jul 13 11:50:01 PM CST 2026 ---
--- 任务结束: Mon Jul 13 11:50:01 PM CST 2026 ---
--- 任务开始: Tue Jul 14 12:00:01 AM CST 2026 ---
--- 任务结束: Tue Jul 14 12:00:02 AM CST 2026 ---
--- 任务开始: Tue Jul 14 12:10:02 AM CST 2026 ---
--- 任务结束: Tue Jul 14 12:10:02 AM CST 2026 ---
--- 任务开始: Tue Jul 14 12:20:01 AM CST 2026 ---
--- 任务结束: Tue Jul 14 12:20:02 AM CST 2026 ---
--- 任务开始: Tue Jul 14 12:30:01 AM CST 2026 ---
--- 任务结束: Tue Jul 14 12:30:02 AM CST 2026 ---
--- 任务开始: Tue Jul 14 12:40:01 AM CST 2026 ---
--- 任务结束: Tue Jul 14 12:40:02 AM CST 2026 ---
--- 任务开始: Tue Jul 14 12:50:01 AM CST 2026 ---
--- 任务结束: Tue Jul 14 12:50:02 AM CST 2026 ---
--- 任务开始: Tue Jul 14 01:00:01 AM CST 2026 ---
/home/ubuntu/DouyinLiveRecorder-main/upload_baidu.sh: line 12: msmtp: command not found
--- 任务结束: Tue Jul 14 01:00:02 AM CST 2026 ---
--- 任务开始: Tue Jul 14 01:10:01 AM CST 2026 ---
--- 任务结束: Tue Jul 14 01:10:19 AM CST 2026 ---
--- 任务开始: Tue Jul 14 01:20:01 AM CST 2026 ---
--- 任务结束: Tue Jul 14 01:20:01 AM CST 2026 ---
--- 任务开始: Tue Jul 14 01:30:01 AM CST 2026 ---
--- 任务结束: Tue Jul 14 01:30:02 AM CST 2026 ---
--- 任务开始: Tue Jul 14 01:40:01 AM CST 2026 ---
--- 任务结束: Tue Jul 14 01:40:01 AM CST 2026 ---
--- 任务开始: Tue Jul 14 01:50:01 AM CST 2026 ---
--- 任务结束: Tue Jul 14 01:50:01 AM CST 2026 ---
--- 任务开始: Tue Jul 14 02:00:01 AM CST 2026 ---
--- 任务结束: Tue Jul 14 02:00:01 AM CST 2026 ---
--- 任务开始: Tue Jul 14 02:10:01 AM CST 2026 ---
--- 任务结束: Tue Jul 14 02:10:01 AM CST 2026 ---
--- 任务开始: Tue Jul 14 02:20:01 AM CST 2026 ---
--- 任务结束: Tue Jul 14 02:20:01 AM CST 2026 ---
--- 任务开始: Tue Jul 14 02:30:01 AM CST 2026 ---
--- 任务结束: Tue Jul 14 02:30:01 AM CST 2026 ---
--- 任务开始: Tue Jul 14 02:40:01 AM CST 2026 ---
--- 任务结束: Tue Jul 14 02:40:01 AM CST 2026 ---
--- 任务开始: Tue Jul 14 02:50:01 AM CST 2026 ---
--- 任务结束: Tue Jul 14 02:50:01 AM CST 2026 ---
--- 任务开始: Tue Jul 14 03:00:01 AM CST 2026 ---
--- 任务结束: Tue Jul 14 03:00:01 AM CST 2026 ---
--- 任务开始: Tue Jul 14 03:10:01 AM CST 2026 ---
--- 任务结束: Tue Jul 14 03:10:01 AM CST 2026 ---
--- 任务开始: Tue Jul 14 03:20:01 AM CST 2026 ---
--- 任务结束: Tue Jul 14 03:20:01 AM CST 2026 ---
--- 任务开始: Tue Jul 14 03:30:01 AM CST 2026 ---
--- 任务结束: Tue Jul 14 03:30:01 AM CST 2026 ---
--- 任务开始: Tue Jul 14 03:40:01 AM CST 2026 ---
--- 任务结束: Tue Jul 14 03:40:01 AM CST 2026 ---
--- 任务开始: Tue Jul 14 03:50:01 AM CST 2026 ---
--- 任务结束: Tue Jul 14 03:50:01 AM CST 2026 ---
--- 任务开始: Tue Jul 14 04:00:01 AM CST 2026 ---
--- 任务结束: Tue Jul 14 04:00:01 AM CST 2026 ---
--- 任务开始: Tue Jul 14 04:10:01 AM CST 2026 ---
--- 任务结束: Tue Jul 14 04:10:01 AM CST 2026 ---
--- 任务开始: Tue Jul 14 04:20:01 AM CST 2026 ---
--- 任务结束: Tue Jul 14 04:20:01 AM CST 2026 ---
--- 任务开始: Tue Jul 14 04:30:01 AM CST 2026 ---
--- 任务结束: Tue Jul 14 04:30:01 AM CST 2026 ---
--- 任务开始: Tue Jul 14 04:40:01 AM CST 2026 ---
--- 任务结束: Tue Jul 14 04:40:01 AM CST 2026 ---
--- 任务开始: Tue Jul 14 04:50:01 AM CST 2026 ---
--- 任务结束: Tue Jul 14 04:50:01 AM CST 2026 ---
--- 任务开始: Tue Jul 14 05:00:01 AM CST 2026 ---
--- 任务结束: Tue Jul 14 05:00:01 AM CST 2026 ---
--- 任务开始: Tue Jul 14 05:10:01 AM CST 2026 ---
--- 任务结束: Tue Jul 14 05:10:01 AM CST 2026 ---
--- 任务开始: Tue Jul 14 05:20:01 AM CST 2026 ---
--- 任务结束: Tue Jul 14 05:20:01 AM CST 2026 ---
--- 任务开始: Tue Jul 14 05:30:01 AM CST 2026 ---
--- 任务结束: Tue Jul 14 05:30:01 AM CST 2026 ---
--- 任务开始: Tue Jul 14 05:40:01 AM CST 2026 ---
--- 任务结束: Tue Jul 14 05:40:01 AM CST 2026 ---
--- 任务开始: Tue Jul 14 05:50:01 AM CST 2026 ---
--- 任务结束: Tue Jul 14 05:50:01 AM CST 2026 ---
--- 任务开始: Tue Jul 14 06:00:01 AM CST 2026 ---
--- 任务结束: Tue Jul 14 06:00:01 AM CST 2026 ---
--- 任务开始: Tue Jul 14 06:10:01 AM CST 2026 ---
--- 任务结束: Tue Jul 14 06:10:01 AM CST 2026 ---
--- 任务开始: Tue Jul 14 06:20:01 AM CST 2026 ---
--- 任务结束: Tue Jul 14 06:20:01 AM CST 2026 ---
--- 任务开始: Tue Jul 14 06:30:01 AM CST 2026 ---
--- 任务结束: Tue Jul 14 06:30:01 AM CST 2026 ---
--- 任务开始: Tue Jul 14 06:40:01 AM CST 2026 ---
--- 任务结束: Tue Jul 14 06:40:01 AM CST 2026 ---
--- 任务开始: Tue Jul 14 06:50:01 AM CST 2026 ---
--- 任务结束: Tue Jul 14 06:50:01 AM CST 2026 ---
--- 任务开始: Tue Jul 14 07:00:01 AM CST 2026 ---
--- 任务结束: Tue Jul 14 07:00:01 AM CST 2026 ---
--- 任务开始: Tue Jul 14 07:10:01 AM CST 2026 ---
--- 任务结束: Tue Jul 14 07:10:01 AM CST 2026 ---
--- 任务开始: Tue Jul 14 07:20:01 AM CST 2026 ---
--- 任务结束: Tue Jul 14 07:20:01 AM CST 2026 ---
--- 任务开始: Tue Jul 14 07:30:01 AM CST 2026 ---
--- 任务结束: Tue Jul 14 07:30:01 AM CST 2026 ---
--- 任务开始: Tue Jul 14 07:40:01 AM CST 2026 ---
--- 任务结束: Tue Jul 14 07:40:01 AM CST 2026 ---
--- 任务开始: Tue Jul 14 07:50:01 AM CST 2026 ---
--- 任务结束: Tue Jul 14 07:50:01 AM CST 2026 ---
--- 任务开始: Tue Jul 14 08:00:01 AM CST 2026 ---
--- 任务结束: Tue Jul 14 08:00:01 AM CST 2026 ---
--- 任务开始: Tue Jul 14 08:10:01 AM CST 2026 ---
--- 任务结束: Tue Jul 14 08:10:01 AM CST 2026 ---
--- 任务开始: Tue Jul 14 08:20:01 AM CST 2026 ---
--- 任务结束: Tue Jul 14 08:20:01 AM CST 2026 ---
--- 任务开始: Tue Jul 14 08:30:01 AM CST 2026 ---
--- 任务结束: Tue Jul 14 08:30:01 AM CST 2026 ---
--- 任务开始: Tue Jul 14 08:40:01 AM CST 2026 ---
--- 任务结束: Tue Jul 14 08:40:01 AM CST 2026 ---
--- 任务开始: Tue Jul 14 08:50:01 AM CST 2026 ---
--- 任务结束: Tue Jul 14 08:50:01 AM CST 2026 ---
--- 任务开始: Tue Jul 14 09:00:01 AM CST 2026 ---
--- 任务结束: Tue Jul 14 09:00:01 AM CST 2026 ---
--- 任务开始: Tue Jul 14 09:10:01 AM CST 2026 ---
--- 任务结束: Tue Jul 14 09:10:01 AM CST 2026 ---
--- 任务开始: Tue Jul 14 09:20:02 AM CST 2026 ---
--- 任务结束: Tue Jul 14 09:20:02 AM CST 2026 ---
--- 任务开始: Tue Jul 14 09:30:01 AM CST 2026 ---
--- 任务结束: Tue Jul 14 09:30:01 AM CST 2026 ---
--- 任务开始: Tue Jul 14 09:40:01 AM CST 2026 ---
--- 任务结束: Tue Jul 14 09:40:01 AM CST 2026 ---
--- 任务开始: Tue Jul 14 09:50:01 AM CST 2026 ---
--- 任务结束: Tue Jul 14 09:50:01 AM CST 2026 ---
--- 任务开始: Tue Jul 14 10:00:01 AM CST 2026 ---
--- 任务结束: Tue Jul 14 10:00:01 AM CST 2026 ---
--- 任务开始: Tue Jul 14 10:10:01 AM CST 2026 ---
--- 任务结束: Tue Jul 14 10:10:01 AM CST 2026 ---
--- 任务开始: Tue Jul 14 10:20:01 AM CST 2026 ---
--- 任务结束: Tue Jul 14 10:20:01 AM CST 2026 ---
--- 任务开始: Tue Jul 14 10:30:01 AM CST 2026 ---
--- 任务结束: Tue Jul 14 10:30:01 AM CST 2026 ---
--- 任务开始: Tue Jul 14 10:40:01 AM CST 2026 ---
--- 任务结束: Tue Jul 14 10:40:01 AM CST 2026 ---
--- 任务开始: Tue Jul 14 10:50:01 AM CST 2026 ---
--- 任务结束: Tue Jul 14 10:50:01 AM CST 2026 ---
--- 任务开始: Tue Jul 14 11:00:01 AM CST 2026 ---
--- 任务结束: Tue Jul 14 11:00:01 AM CST 2026 ---
--- 任务开始: Tue Jul 14 11:10:01 AM CST 2026 ---
--- 任务结束: Tue Jul 14 11:10:01 AM CST 2026 ---
--- 任务开始: Tue Jul 14 11:20:01 AM CST 2026 ---
--- 任务结束: Tue Jul 14 11:20:01 AM CST 2026 ---
--- 任务开始: Tue Jul 14 11:30:01 AM CST 2026 ---
--- 任务结束: Tue Jul 14 11:30:01 AM CST 2026 ---
--- 任务开始: Tue Jul 14 11:40:01 AM CST 2026 ---
--- 任务结束: Tue Jul 14 11:40:01 AM CST 2026 ---
--- 任务开始: Tue Jul 14 11:50:01 AM CST 2026 ---
--- 任务结束: Tue Jul 14 11:50:01 AM CST 2026 ---
--- 任务开始: Tue Jul 14 12:00:01 PM CST 2026 ---
--- 任务结束: Tue Jul 14 12:00:01 PM CST 2026 ---
--- 任务开始: Tue Jul 14 12:10:01 PM CST 2026 ---
--- 任务结束: Tue Jul 14 12:10:01 PM CST 2026 ---
--- 任务开始: Tue Jul 14 12:20:01 PM CST 2026 ---
--- 任务结束: Tue Jul 14 12:20:01 PM CST 2026 ---
--- 任务开始: Tue Jul 14 12:30:01 PM CST 2026 ---
--- 任务结束: Tue Jul 14 12:30:01 PM CST 2026 ---
--- 任务开始: Tue Jul 14 12:40:01 PM CST 2026 ---
--- 任务结束: Tue Jul 14 12:40:01 PM CST 2026 ---
--- 任务开始: Tue Jul 14 12:50:01 PM CST 2026 ---
--- 任务结束: Tue Jul 14 12:50:01 PM CST 2026 ---
--- 任务开始: Tue Jul 14 01:00:01 PM CST 2026 ---
--- 任务结束: Tue Jul 14 01:00:01 PM CST 2026 ---
--- 任务开始: Tue Jul 14 01:10:01 PM CST 2026 ---
--- 任务结束: Tue Jul 14 01:10:01 PM CST 2026 ---
--- 任务开始: Tue Jul 14 01:20:01 PM CST 2026 ---
--- 任务结束: Tue Jul 14 01:20:01 PM CST 2026 ---
--- 任务开始: Tue Jul 14 01:30:01 PM CST 2026 ---
--- 任务结束: Tue Jul 14 01:30:01 PM CST 2026 ---
--- 任务开始: Tue Jul 14 01:40:01 PM CST 2026 ---
--- 任务结束: Tue Jul 14 01:40:01 PM CST 2026 ---
--- 任务开始: Tue Jul 14 01:50:01 PM CST 2026 ---
--- 任务结束: Tue Jul 14 01:50:01 PM CST 2026 ---
--- 任务开始: Tue Jul 14 02:00:01 PM CST 2026 ---
--- 任务结束: Tue Jul 14 02:00:01 PM CST 2026 ---
--- 任务开始: Tue Jul 14 02:10:01 PM CST 2026 ---
--- 任务结束: Tue Jul 14 02:10:01 PM CST 2026 ---
--- 任务开始: Tue Jul 14 02:20:01 PM CST 2026 ---
--- 任务结束: Tue Jul 14 02:20:01 PM CST 2026 ---
--- 任务开始: Tue Jul 14 02:30:01 PM CST 2026 ---
--- 任务结束: Tue Jul 14 02:30:01 PM CST 2026 ---
--- 任务开始: Tue Jul 14 02:40:01 PM CST 2026 ---
--- 任务结束: Tue Jul 14 02:40:01 PM CST 2026 ---
--- 任务开始: Tue Jul 14 02:50:01 PM CST 2026 ---
--- 任务结束: Tue Jul 14 02:50:01 PM CST 2026 ---
--- 任务开始: Tue Jul 14 03:00:01 PM CST 2026 ---
--- 任务结束: Tue Jul 14 03:00:01 PM CST 2026 ---
--- 任务开始: Tue Jul 14 03:10:01 PM CST 2026 ---
--- 任务结束: Tue Jul 14 03:10:01 PM CST 2026 ---
--- 任务开始: Tue Jul 14 03:20:01 PM CST 2026 ---
--- 任务结束: Tue Jul 14 03:20:01 PM CST 2026 ---
--- 任务开始: Tue Jul 14 03:30:01 PM CST 2026 ---
--- 任务结束: Tue Jul 14 03:30:01 PM CST 2026 ---
--- 任务开始: Tue Jul 14 03:40:01 PM CST 2026 ---
--- 任务结束: Tue Jul 14 03:40:01 PM CST 2026 ---
--- 任务开始: Tue Jul 14 03:50:01 PM CST 2026 ---
--- 任务结束: Tue Jul 14 03:50:01 PM CST 2026 ---
--- 任务开始: Tue Jul 14 04:00:01 PM CST 2026 ---
--- 任务结束: Tue Jul 14 04:00:01 PM CST 2026 ---
--- 任务开始: Tue Jul 14 04:10:02 PM CST 2026 ---
--- 任务结束: Tue Jul 14 04:10:02 PM CST 2026 ---
--- 任务开始: Tue Jul 14 04:20:01 PM CST 2026 ---
--- 任务结束: Tue Jul 14 04:20:01 PM CST 2026 ---
--- 任务开始: Tue Jul 14 04:30:01 PM CST 2026 ---
--- 任务结束: Tue Jul 14 04:30:01 PM CST 2026 ---
--- 任务开始: Tue Jul 14 04:40:01 PM CST 2026 ---
--- 任务结束: Tue Jul 14 04:40:01 PM CST 2026 ---
--- 任务开始: Tue Jul 14 04:50:01 PM CST 2026 ---
--- 任务结束: Tue Jul 14 04:50:01 PM CST 2026 ---
--- 任务开始: Tue Jul 14 05:00:01 PM CST 2026 ---
--- 任务结束: Tue Jul 14 05:00:01 PM CST 2026 ---
--- 任务开始: Tue Jul 14 05:10:01 PM CST 2026 ---
--- 任务结束: Tue Jul 14 05:10:01 PM CST 2026 ---
--- 任务开始: Tue Jul 14 05:20:01 PM CST 2026 ---
--- 任务结束: Tue Jul 14 05:20:01 PM CST 2026 ---
--- 任务开始: Tue Jul 14 05:30:01 PM CST 2026 ---
--- 任务结束: Tue Jul 14 05:30:01 PM CST 2026 ---
--- 任务开始: Tue Jul 14 05:40:01 PM CST 2026 ---
--- 任务结束: Tue Jul 14 05:40:01 PM CST 2026 ---
--- 任务开始: Tue Jul 14 05:50:01 PM CST 2026 ---
--- 任务结束: Tue Jul 14 05:50:02 PM CST 2026 ---
--- 任务开始: Tue Jul 14 06:00:01 PM CST 2026 ---
--- 任务结束: Tue Jul 14 06:00:01 PM CST 2026 ---
--- 任务开始: Tue Jul 14 06:10:01 PM CST 2026 ---
--- 任务结束: Tue Jul 14 06:10:01 PM CST 2026 ---
--- 任务开始: Tue Jul 14 06:20:01 PM CST 2026 ---
--- 任务结束: Tue Jul 14 06:20:01 PM CST 2026 ---
--- 任务开始: Tue Jul 14 06:30:01 PM CST 2026 ---
--- 任务结束: Tue Jul 14 06:30:01 PM CST 2026 ---
--- 任务开始: Tue Jul 14 06:40:01 PM CST 2026 ---
--- 任务结束: Tue Jul 14 06:40:01 PM CST 2026 ---
--- 任务开始: Tue Jul 14 06:50:01 PM CST 2026 ---
--- 任务结束: Tue Jul 14 06:50:01 PM CST 2026 ---
--- 任务开始: Tue Jul 14 07:00:01 PM CST 2026 ---
--- 任务结束: Tue Jul 14 07:00:01 PM CST 2026 ---
--- 任务开始: Tue Jul 14 07:10:01 PM CST 2026 ---
--- 任务结束: Tue Jul 14 07:10:01 PM CST 2026 ---
--- 任务开始: Tue Jul 14 07:20:01 PM CST 2026 ---
--- 任务结束: Tue Jul 14 07:20:01 PM CST 2026 ---
--- 任务开始: Tue Jul 14 07:30:02 PM CST 2026 ---
--- 任务结束: Tue Jul 14 07:30:02 PM CST 2026 ---
--- 任务开始: Tue Jul 14 07:40:01 PM CST 2026 ---
--- 任务结束: Tue Jul 14 07:40:01 PM CST 2026 ---
--- 任务开始: Tue Jul 14 07:50:01 PM CST 2026 ---
--- 任务结束: Tue Jul 14 07:50:01 PM CST 2026 ---
--- 任务开始: Tue Jul 14 08:00:01 PM CST 2026 ---
--- 任务结束: Tue Jul 14 08:00:01 PM CST 2026 ---
--- 任务开始: Tue Jul 14 08:10:01 PM CST 2026 ---
--- 任务结束: Tue Jul 14 08:10:01 PM CST 2026 ---
--- 任务开始: Tue Jul 14 08:20:01 PM CST 2026 ---
--- 任务结束: Tue Jul 14 08:20:01 PM CST 2026 ---
--- 任务开始: Tue Jul 14 08:30:01 PM CST 2026 ---
--- 任务结束: Tue Jul 14 08:30:01 PM CST 2026 ---
--- 任务开始: Tue Jul 14 08:40:01 PM CST 2026 ---
--- 任务结束: Tue Jul 14 08:40:01 PM CST 2026 ---
--- 任务开始: Tue Jul 14 08:50:01 PM CST 2026 ---
--- 任务结束: Tue Jul 14 08:50:01 PM CST 2026 ---
--- 任务开始: Tue Jul 14 09:00:01 PM CST 2026 ---
--- 任务结束: Tue Jul 14 09:00:01 PM CST 2026 ---
--- 任务开始: Tue Jul 14 09:10:01 PM CST 2026 ---
--- 任务结束: Tue Jul 14 09:10:01 PM CST 2026 ---
--- 任务开始: Tue Jul 14 09:20:01 PM CST 2026 ---
--- 任务结束: Tue Jul 14 09:20:01 PM CST 2026 ---
--- 任务开始: Tue Jul 14 09:30:01 PM CST 2026 ---
--- 任务结束: Tue Jul 14 09:30:01 PM CST 2026 ---
--- 任务开始: Tue Jul 14 09:40:01 PM CST 2026 ---
--- 任务结束: Tue Jul 14 09:40:01 PM CST 2026 ---
--- 任务开始: Tue Jul 14 09:50:01 PM CST 2026 ---
--- 任务结束: Tue Jul 14 09:50:01 PM CST 2026 ---
--- 任务开始: Tue Jul 14 10:00:01 PM CST 2026 ---
--- 任务结束: Tue Jul 14 10:00:01 PM CST 2026 ---
--- 任务开始: Tue Jul 14 10:10:01 PM CST 2026 ---
--- 任务结束: Tue Jul 14 10:10:01 PM CST 2026 ---
--- 任务开始: Tue Jul 14 10:20:01 PM CST 2026 ---
--- 任务结束: Tue Jul 14 10:20:01 PM CST 2026 ---
--- 任务开始: Tue Jul 14 10:30:01 PM CST 2026 ---
--- 任务结束: Tue Jul 14 10:30:01 PM CST 2026 ---
--- 任务开始: Tue Jul 14 10:40:01 PM CST 2026 ---
--- 任务结束: Tue Jul 14 10:40:01 PM CST 2026 ---
--- 任务开始: Tue Jul 14 10:50:01 PM CST 2026 ---
--- 任务结束: Tue Jul 14 10:50:01 PM CST 2026 ---
--- 任务开始: Tue Jul 14 11:00:01 PM CST 2026 ---
--- 任务结束: Tue Jul 14 11:00:01 PM CST 2026 ---
--- 任务开始: Tue Jul 14 11:10:01 PM CST 2026 ---
--- 任务结束: Tue Jul 14 11:10:01 PM CST 2026 ---
--- 任务开始: Tue Jul 14 11:20:01 PM CST 2026 ---
--- 任务结束: Tue Jul 14 11:20:01 PM CST 2026 ---
--- 任务开始: Tue Jul 14 11:30:01 PM CST 2026 ---
--- 任务结束: Tue Jul 14 11:30:01 PM CST 2026 ---
--- 任务开始: Tue Jul 14 11:40:01 PM CST 2026 ---
--- 任务结束: Tue Jul 14 11:40:01 PM CST 2026 ---
--- 任务开始: Tue Jul 14 11:50:01 PM CST 2026 ---
--- 任务结束: Tue Jul 14 11:50:01 PM CST 2026 ---
--- 任务开始: Wed Jul 15 12:00:01 AM CST 2026 ---
--- 任务结束: Wed Jul 15 12:00:01 AM CST 2026 ---
--- 任务开始: Wed Jul 15 12:10:01 AM CST 2026 ---
--- 任务结束: Wed Jul 15 12:10:01 AM CST 2026 ---
--- 任务开始: Wed Jul 15 12:20:01 AM CST 2026 ---
--- 任务结束: Wed Jul 15 12:20:02 AM CST 2026 ---
--- 任务开始: Wed Jul 15 12:30:01 AM CST 2026 ---
--- 任务结束: Wed Jul 15 12:30:01 AM CST 2026 ---
--- 任务开始: Wed Jul 15 12:40:01 AM CST 2026 ---
--- 任务结束: Wed Jul 15 12:40:01 AM CST 2026 ---
--- 任务开始: Wed Jul 15 12:50:01 AM CST 2026 ---
--- 任务结束: Wed Jul 15 12:50:01 AM CST 2026 ---
--- 任务开始: Wed Jul 15 01:00:01 AM CST 2026 ---
--- 任务结束: Wed Jul 15 01:00:01 AM CST 2026 ---
--- 任务开始: Wed Jul 15 01:10:01 AM CST 2026 ---
--- 任务结束: Wed Jul 15 01:10:01 AM CST 2026 ---
--- 任务开始: Wed Jul 15 01:20:01 AM CST 2026 ---
--- 任务结束: Wed Jul 15 01:20:01 AM CST 2026 ---
--- 任务开始: Wed Jul 15 01:30:01 AM CST 2026 ---
--- 任务结束: Wed Jul 15 01:30:01 AM CST 2026 ---
--- 任务开始: Wed Jul 15 01:40:01 AM CST 2026 ---
--- 任务结束: Wed Jul 15 01:40:01 AM CST 2026 ---
--- 任务开始: Wed Jul 15 01:50:01 AM CST 2026 ---
--- 任务结束: Wed Jul 15 01:50:01 AM CST 2026 ---
--- 任务开始: Wed Jul 15 02:00:02 AM CST 2026 ---
--- 任务结束: Wed Jul 15 02:00:02 AM CST 2026 ---
--- 任务开始: Wed Jul 15 02:10:01 AM CST 2026 ---
--- 任务结束: Wed Jul 15 02:10:01 AM CST 2026 ---
--- 任务开始: Wed Jul 15 02:20:01 AM CST 2026 ---
--- 任务结束: Wed Jul 15 02:20:01 AM CST 2026 ---
--- 任务开始: Wed Jul 15 02:30:01 AM CST 2026 ---
--- 任务结束: Wed Jul 15 02:30:01 AM CST 2026 ---
--- 任务开始: Wed Jul 15 02:40:01 AM CST 2026 ---
--- 任务结束: Wed Jul 15 02:40:01 AM CST 2026 ---
--- 任务开始: Wed Jul 15 02:50:01 AM CST 2026 ---
--- 任务结束: Wed Jul 15 02:50:01 AM CST 2026 ---
--- 任务开始: Wed Jul 15 03:00:01 AM CST 2026 ---
--- 任务结束: Wed Jul 15 03:00:01 AM CST 2026 ---
--- 任务开始: Wed Jul 15 03:10:01 AM CST 2026 ---
--- 任务结束: Wed Jul 15 03:10:01 AM CST 2026 ---
--- 任务开始: Wed Jul 15 03:20:01 AM CST 2026 ---
cp: './converted/斌的解析/斌的解析_2026-07-14_22-46-59_001.mp3' and './converted/斌的解析/斌的解析_2026-07-14_22-46-59_001.mp3' are the same file
cp: './converted/斌的解析/斌的解析_2026-07-14_22-46-59_004.mp3' and './converted/斌的解析/斌的解析_2026-07-14_22-46-59_004.mp3' are the same file
cp: './converted/斌的解析/斌的解析_2026-07-14_22-46-59_006.mp3' and './converted/斌的解析/斌的解析_2026-07-14_22-46-59_006.mp3' are the same file
cp: './converted/斌的解析/斌的解析_2026-07-14_22-46-59_002.mp3' and './converted/斌的解析/斌的解析_2026-07-14_22-46-59_002.mp3' are the same file
cp: './converted/斌的解析/斌的解析_2026-07-14_22-46-59_005.mp3' and './converted/斌的解析/斌的解析_2026-07-14_22-46-59_005.mp3' are the same file
cp: './converted/斌的解析/斌的解析_2026-07-14_22-46-59_003.mp3' and './converted/斌的解析/斌的解析_2026-07-14_22-46-59_003.mp3' are the same file
--- 任务结束: Wed Jul 15 03:21:16 AM CST 2026 ---
--- 任务开始: Wed Jul 15 03:30:01 AM CST 2026 ---
--- 任务结束: Wed Jul 15 03:30:01 AM CST 2026 ---
--- 任务开始: Wed Jul 15 03:40:01 AM CST 2026 ---
--- 任务结束: Wed Jul 15 03:40:01 AM CST 2026 ---
--- 任务开始: Wed Jul 15 03:50:01 AM CST 2026 ---
--- 任务结束: Wed Jul 15 03:50:01 AM CST 2026 ---
--- 任务开始: Wed Jul 15 04:00:01 AM CST 2026 ---
--- 任务结束: Wed Jul 15 04:00:01 AM CST 2026 ---
--- 任务开始: Wed Jul 15 04:10:01 AM CST 2026 ---
--- 任务结束: Wed Jul 15 04:10:01 AM CST 2026 ---
--- 任务开始: Wed Jul 15 04:20:01 AM CST 2026 ---
--- 任务结束: Wed Jul 15 04:20:01 AM CST 2026 ---
--- 任务开始: Wed Jul 15 04:30:01 AM CST 2026 ---
--- 任务结束: Wed Jul 15 04:30:01 AM CST 2026 ---
--- 任务开始: Wed Jul 15 04:40:01 AM CST 2026 ---
--- 任务结束: Wed Jul 15 04:40:01 AM CST 2026 ---
--- 任务开始: Wed Jul 15 04:50:01 AM CST 2026 ---
--- 任务结束: Wed Jul 15 04:50:01 AM CST 2026 ---
--- 任务开始: Wed Jul 15 05:00:01 AM CST 2026 ---
--- 任务结束: Wed Jul 15 05:00:01 AM CST 2026 ---
--- 任务开始: Wed Jul 15 05:10:01 AM CST 2026 ---
--- 任务结束: Wed Jul 15 05:10:01 AM CST 2026 ---
--- 任务开始: Wed Jul 15 05:20:01 AM CST 2026 ---
--- 任务结束: Wed Jul 15 05:20:01 AM CST 2026 ---
--- 任务开始: Wed Jul 15 05:30:01 AM CST 2026 ---
--- 任务结束: Wed Jul 15 05:30:01 AM CST 2026 ---
--- 任务开始: Wed Jul 15 05:40:01 AM CST 2026 ---
--- 任务结束: Wed Jul 15 05:40:01 AM CST 2026 ---
--- 任务开始: Wed Jul 15 05:50:01 AM CST 2026 ---
--- 任务结束: Wed Jul 15 05:50:01 AM CST 2026 ---
--- 任务开始: Wed Jul 15 06:00:01 AM CST 2026 ---
--- 任务结束: Wed Jul 15 06:00:01 AM CST 2026 ---
--- 任务开始: Wed Jul 15 06:10:01 AM CST 2026 ---
--- 任务结束: Wed Jul 15 06:10:01 AM CST 2026 ---
--- 任务开始: Wed Jul 15 06:20:01 AM CST 2026 ---
--- 任务结束: Wed Jul 15 06:20:01 AM CST 2026 ---
--- 任务开始: Wed Jul 15 06:30:01 AM CST 2026 ---
--- 任务结束: Wed Jul 15 06:30:01 AM CST 2026 ---
--- 任务开始: Wed Jul 15 06:40:01 AM CST 2026 ---
--- 任务结束: Wed Jul 15 06:40:01 AM CST 2026 ---
--- 任务开始: Wed Jul 15 06:50:01 AM CST 2026 ---
--- 任务结束: Wed Jul 15 06:50:01 AM CST 2026 ---
--- 任务开始: Wed Jul 15 07:00:01 AM CST 2026 ---
--- 任务结束: Wed Jul 15 07:00:01 AM CST 2026 ---
--- 任务开始: Wed Jul 15 07:10:01 AM CST 2026 ---
--- 任务结束: Wed Jul 15 07:10:01 AM CST 2026 ---
--- 任务开始: Wed Jul 15 07:20:01 AM CST 2026 ---
--- 任务结束: Wed Jul 15 07:20:01 AM CST 2026 ---
--- 任务开始: Wed Jul 15 07:30:01 AM CST 2026 ---
--- 任务结束: Wed Jul 15 07:30:01 AM CST 2026 ---
--- 任务开始: Wed Jul 15 07:40:01 AM CST 2026 ---
--- 任务结束: Wed Jul 15 07:40:01 AM CST 2026 ---
--- 任务开始: Wed Jul 15 07:50:01 AM CST 2026 ---
--- 任务结束: Wed Jul 15 07:50:01 AM CST 2026 ---
--- 任务开始: Wed Jul 15 08:00:01 AM CST 2026 ---
--- 任务结束: Wed Jul 15 08:00:01 AM CST 2026 ---
--- 任务开始: Wed Jul 15 08:10:01 AM CST 2026 ---
--- 任务结束: Wed Jul 15 08:10:01 AM CST 2026 ---
--- 任务开始: Wed Jul 15 08:20:01 AM CST 2026 ---
--- 任务结束: Wed Jul 15 08:20:01 AM CST 2026 ---
--- 任务开始: Wed Jul 15 08:30:01 AM CST 2026 ---
--- 任务结束: Wed Jul 15 08:30:01 AM CST 2026 ---
--- 任务开始: Wed Jul 15 08:40:01 AM CST 2026 ---
--- 任务结束: Wed Jul 15 08:40:01 AM CST 2026 ---
--- 任务开始: Wed Jul 15 08:50:01 AM CST 2026 ---
--- 任务结束: Wed Jul 15 08:50:01 AM CST 2026 ---
--- 任务开始: Wed Jul 15 09:00:01 AM CST 2026 ---
--- 任务结束: Wed Jul 15 09:00:01 AM CST 2026 ---
--- 任务开始: Wed Jul 15 09:10:01 AM CST 2026 ---
--- 任务结束: Wed Jul 15 09:10:01 AM CST 2026 ---
--- 任务开始: Wed Jul 15 09:20:01 AM CST 2026 ---
--- 任务结束: Wed Jul 15 09:20:01 AM CST 2026 ---
--- 任务开始: Wed Jul 15 09:30:01 AM CST 2026 ---
--- 任务结束: Wed Jul 15 09:30:01 AM CST 2026 ---
--- 任务开始: Wed Jul 15 09:40:01 AM CST 2026 ---
--- 任务结束: Wed Jul 15 09:40:01 AM CST 2026 ---
--- 任务开始: Wed Jul 15 09:50:01 AM CST 2026 ---
--- 任务结束: Wed Jul 15 09:50:01 AM CST 2026 ---
--- 任务开始: Wed Jul 15 10:00:01 AM CST 2026 ---
--- 任务结束: Wed Jul 15 10:00:01 AM CST 2026 ---
--- 任务开始: Wed Jul 15 10:10:01 AM CST 2026 ---
--- 任务结束: Wed Jul 15 10:10:01 AM CST 2026 ---
--- 任务开始: Wed Jul 15 10:20:01 AM CST 2026 ---
--- 任务结束: Wed Jul 15 10:20:01 AM CST 2026 ---
--- 任务开始: Wed Jul 15 10:30:01 AM CST 2026 ---
--- 任务结束: Wed Jul 15 10:30:01 AM CST 2026 ---
--- 任务开始: Wed Jul 15 10:40:01 AM CST 2026 ---
--- 任务结束: Wed Jul 15 10:40:01 AM CST 2026 ---
--- 任务开始: Wed Jul 15 10:50:01 AM CST 2026 ---
--- 任务结束: Wed Jul 15 10:50:01 AM CST 2026 ---
--- 任务开始: Wed Jul 15 11:00:02 AM CST 2026 ---
--- 任务结束: Wed Jul 15 11:00:02 AM CST 2026 ---
--- 任务开始: Wed Jul 15 11:10:01 AM CST 2026 ---
--- 任务结束: Wed Jul 15 11:10:01 AM CST 2026 ---
--- 任务开始: Wed Jul 15 11:20:01 AM CST 2026 ---
--- 任务结束: Wed Jul 15 11:20:01 AM CST 2026 ---
--- 任务开始: Wed Jul 15 11:30:01 AM CST 2026 ---
--- 任务结束: Wed Jul 15 11:30:01 AM CST 2026 ---
--- 任务开始: Wed Jul 15 11:40:01 AM CST 2026 ---
--- 任务结束: Wed Jul 15 11:40:01 AM CST 2026 ---
--- 任务开始: Wed Jul 15 11:50:01 AM CST 2026 ---
--- 任务结束: Wed Jul 15 11:50:01 AM CST 2026 ---
--- 任务开始: Wed Jul 15 12:00:01 PM CST 2026 ---
--- 任务结束: Wed Jul 15 12:00:01 PM CST 2026 ---
--- 任务开始: Wed Jul 15 12:10:01 PM CST 2026 ---
--- 任务结束: Wed Jul 15 12:10:01 PM CST 2026 ---
--- 任务开始: Wed Jul 15 12:20:01 PM CST 2026 ---
--- 任务结束: Wed Jul 15 12:20:01 PM CST 2026 ---
--- 任务开始: Wed Jul 15 12:30:01 PM CST 2026 ---
--- 任务结束: Wed Jul 15 12:30:01 PM CST 2026 ---
--- 任务开始: Wed Jul 15 12:40:01 PM CST 2026 ---
--- 任务结束: Wed Jul 15 12:40:01 PM CST 2026 ---
--- 任务开始: Wed Jul 15 12:50:01 PM CST 2026 ---
--- 任务结束: Wed Jul 15 12:50:01 PM CST 2026 ---
--- 任务开始: Wed Jul 15 01:00:01 PM CST 2026 ---
--- 任务结束: Wed Jul 15 01:00:01 PM CST 2026 ---
--- 任务开始: Wed Jul 15 01:10:01 PM CST 2026 ---
--- 任务结束: Wed Jul 15 01:10:01 PM CST 2026 ---
--- 任务开始: Wed Jul 15 01:20:01 PM CST 2026 ---
--- 任务结束: Wed Jul 15 01:20:01 PM CST 2026 ---
--- 任务开始: Wed Jul 15 01:30:01 PM CST 2026 ---
--- 任务结束: Wed Jul 15 01:30:01 PM CST 2026 ---
--- 任务开始: Wed Jul 15 01:40:01 PM CST 2026 ---
--- 任务结束: Wed Jul 15 01:40:01 PM CST 2026 ---
--- 任务开始: Wed Jul 15 01:50:01 PM CST 2026 ---
--- 任务结束: Wed Jul 15 01:50:01 PM CST 2026 ---
--- 任务开始: Wed Jul 15 02:00:01 PM CST 2026 ---
--- 任务结束: Wed Jul 15 02:00:01 PM CST 2026 ---
--- 任务开始: Wed Jul 15 02:10:01 PM CST 2026 ---
--- 任务结束: Wed Jul 15 02:10:01 PM CST 2026 ---
--- 任务开始: Wed Jul 15 02:20:01 PM CST 2026 ---
--- 任务结束: Wed Jul 15 02:20:01 PM CST 2026 ---
--- 任务开始: Wed Jul 15 02:30:01 PM CST 2026 ---
--- 任务结束: Wed Jul 15 02:30:01 PM CST 2026 ---
--- 任务开始: Wed Jul 15 02:40:01 PM CST 2026 ---
--- 任务结束: Wed Jul 15 02:40:01 PM CST 2026 ---
--- 任务开始: Wed Jul 15 02:50:01 PM CST 2026 ---
--- 任务结束: Wed Jul 15 02:50:01 PM CST 2026 ---
--- 任务开始: Wed Jul 15 03:00:01 PM CST 2026 ---
--- 任务结束: Wed Jul 15 03:00:01 PM CST 2026 ---
--- 任务开始: Wed Jul 15 03:10:01 PM CST 2026 ---
--- 任务结束: Wed Jul 15 03:10:01 PM CST 2026 ---
--- 任务开始: Wed Jul 15 03:20:01 PM CST 2026 ---
--- 任务结束: Wed Jul 15 03:20:01 PM CST 2026 ---
--- 任务开始: Wed Jul 15 03:30:01 PM CST 2026 ---
--- 任务结束: Wed Jul 15 03:30:01 PM CST 2026 ---
--- 任务开始: Wed Jul 15 03:40:01 PM CST 2026 ---
--- 任务结束: Wed Jul 15 03:40:01 PM CST 2026 ---
--- 任务开始: Wed Jul 15 03:50:01 PM CST 2026 ---
--- 任务结束: Wed Jul 15 03:50:01 PM CST 2026 ---
--- 任务开始: Wed Jul 15 04:00:01 PM CST 2026 ---
--- 任务结束: Wed Jul 15 04:00:01 PM CST 2026 ---
--- 任务开始: Wed Jul 15 04:10:01 PM CST 2026 ---
--- 任务结束: Wed Jul 15 04:10:01 PM CST 2026 ---
--- 任务开始: Wed Jul 15 04:20:01 PM CST 2026 ---
--- 任务结束: Wed Jul 15 04:20:01 PM CST 2026 ---
--- 任务开始: Wed Jul 15 04:30:01 PM CST 2026 ---
--- 任务结束: Wed Jul 15 04:30:01 PM CST 2026 ---
--- 任务开始: Wed Jul 15 04:40:01 PM CST 2026 ---
--- 任务结束: Wed Jul 15 04:40:01 PM CST 2026 ---
--- 任务开始: Wed Jul 15 04:50:01 PM CST 2026 ---
--- 任务结束: Wed Jul 15 04:50:01 PM CST 2026 ---
--- 任务开始: Wed Jul 15 05:00:01 PM CST 2026 ---
--- 任务结束: Wed Jul 15 05:00:01 PM CST 2026 ---
--- 任务开始: Wed Jul 15 05:10:01 PM CST 2026 ---
--- 任务结束: Wed Jul 15 05:10:01 PM CST 2026 ---
--- 任务开始: Wed Jul 15 05:20:01 PM CST 2026 ---
--- 任务结束: Wed Jul 15 05:20:01 PM CST 2026 ---
--- 任务开始: Wed Jul 15 05:30:01 PM CST 2026 ---
--- 任务结束: Wed Jul 15 05:30:01 PM CST 2026 ---
--- 任务开始: Wed Jul 15 05:40:01 PM CST 2026 ---
--- 任务结束: Wed Jul 15 05:40:01 PM CST 2026 ---
--- 任务开始: Wed Jul 15 05:50:01 PM CST 2026 ---
--- 任务结束: Wed Jul 15 05:50:01 PM CST 2026 ---
--- 任务开始: Wed Jul 15 06:00:01 PM CST 2026 ---
--- 任务结束: Wed Jul 15 06:00:01 PM CST 2026 ---
--- 任务开始: Wed Jul 15 06:10:01 PM CST 2026 ---
--- 任务结束: Wed Jul 15 06:10:01 PM CST 2026 ---
--- 任务开始: Wed Jul 15 06:20:01 PM CST 2026 ---
--- 任务结束: Wed Jul 15 06:20:01 PM CST 2026 ---
--- 任务开始: Wed Jul 15 06:30:01 PM CST 2026 ---
--- 任务结束: Wed Jul 15 06:30:01 PM CST 2026 ---
--- 任务开始: Wed Jul 15 06:40:01 PM CST 2026 ---
--- 任务结束: Wed Jul 15 06:40:01 PM CST 2026 ---
--- 任务开始: Wed Jul 15 06:50:01 PM CST 2026 ---
--- 任务结束: Wed Jul 15 06:50:01 PM CST 2026 ---
--- 任务开始: Wed Jul 15 07:00:01 PM CST 2026 ---
--- 任务结束: Wed Jul 15 07:00:01 PM CST 2026 ---
--- 任务开始: Wed Jul 15 07:10:01 PM CST 2026 ---
--- 任务结束: Wed Jul 15 07:10:01 PM CST 2026 ---
--- 任务开始: Wed Jul 15 07:20:01 PM CST 2026 ---
--- 任务结束: Wed Jul 15 07:20:01 PM CST 2026 ---
--- 任务开始: Wed Jul 15 07:30:01 PM CST 2026 ---
--- 任务结束: Wed Jul 15 07:30:01 PM CST 2026 ---
--- 任务开始: Wed Jul 15 07:40:01 PM CST 2026 ---
--- 任务结束: Wed Jul 15 07:40:01 PM CST 2026 ---
--- 任务开始: Wed Jul 15 07:50:01 PM CST 2026 ---
--- 任务结束: Wed Jul 15 07:50:01 PM CST 2026 ---
--- 任务开始: Wed Jul 15 08:00:01 PM CST 2026 ---
--- 任务结束: Wed Jul 15 08:00:01 PM CST 2026 ---
--- 任务开始: Wed Jul 15 08:10:01 PM CST 2026 ---
--- 任务结束: Wed Jul 15 08:10:01 PM CST 2026 ---
--- 任务开始: Wed Jul 15 08:20:01 PM CST 2026 ---
--- 任务结束: Wed Jul 15 08:20:01 PM CST 2026 ---
--- 任务开始: Wed Jul 15 08:30:02 PM CST 2026 ---
--- 任务结束: Wed Jul 15 08:30:02 PM CST 2026 ---
--- 任务开始: Wed Jul 15 08:40:01 PM CST 2026 ---
--- 任务结束: Wed Jul 15 08:40:01 PM CST 2026 ---
--- 任务开始: Wed Jul 15 08:50:01 PM CST 2026 ---
--- 任务结束: Wed Jul 15 08:50:01 PM CST 2026 ---
--- 任务开始: Wed Jul 15 09:00:01 PM CST 2026 ---
--- 任务结束: Wed Jul 15 09:00:01 PM CST 2026 ---
--- 任务开始: Wed Jul 15 09:10:01 PM CST 2026 ---
--- 任务结束: Wed Jul 15 09:10:01 PM CST 2026 ---
--- 任务开始: Wed Jul 15 09:20:01 PM CST 2026 ---
--- 任务结束: Wed Jul 15 09:20:01 PM CST 2026 ---
--- 任务开始: Wed Jul 15 09:30:01 PM CST 2026 ---
--- 任务结束: Wed Jul 15 09:30:01 PM CST 2026 ---
--- 任务开始: Wed Jul 15 09:40:01 PM CST 2026 ---
--- 任务结束: Wed Jul 15 09:40:01 PM CST 2026 ---
--- 任务开始: Wed Jul 15 09:50:01 PM CST 2026 ---
--- 任务结束: Wed Jul 15 09:50:01 PM CST 2026 ---
--- 任务开始: Wed Jul 15 10:00:01 PM CST 2026 ---
--- 任务结束: Wed Jul 15 10:00:01 PM CST 2026 ---
--- 任务开始: Wed Jul 15 10:10:01 PM CST 2026 ---
--- 任务结束: Wed Jul 15 10:10:01 PM CST 2026 ---
--- 任务开始: Wed Jul 15 10:20:01 PM CST 2026 ---
--- 任务结束: Wed Jul 15 10:20:01 PM CST 2026 ---
--- 任务开始: Wed Jul 15 10:30:01 PM CST 2026 ---
--- 任务结束: Wed Jul 15 10:30:01 PM CST 2026 ---
--- 任务开始: Wed Jul 15 10:40:01 PM CST 2026 ---
--- 任务结束: Wed Jul 15 10:40:01 PM CST 2026 ---
--- 任务开始: Wed Jul 15 10:50:01 PM CST 2026 ---
--- 任务结束: Wed Jul 15 10:50:01 PM CST 2026 ---
--- 任务开始: Wed Jul 15 11:00:01 PM CST 2026 ---
--- 任务结束: Wed Jul 15 11:00:01 PM CST 2026 ---
--- 任务开始: Wed Jul 15 11:10:01 PM CST 2026 ---
--- 任务结束: Wed Jul 15 11:10:01 PM CST 2026 ---
--- 任务开始: Wed Jul 15 11:20:01 PM CST 2026 ---
--- 任务结束: Wed Jul 15 11:20:58 PM CST 2026 ---
--- 任务开始: Wed Jul 15 11:30:01 PM CST 2026 ---
--- 任务结束: Wed Jul 15 11:30:01 PM CST 2026 ---
--- 任务开始: Wed Jul 15 11:40:01 PM CST 2026 ---
--- 任务结束: Wed Jul 15 11:40:01 PM CST 2026 ---
--- 任务开始: Wed Jul 15 11:50:01 PM CST 2026 ---
--- 任务结束: Wed Jul 15 11:50:58 PM CST 2026 ---
--- 任务开始: Thu Jul 16 12:00:01 AM CST 2026 ---
--- 任务结束: Thu Jul 16 12:00:01 AM CST 2026 ---
--- 任务开始: Thu Jul 16 12:10:01 AM CST 2026 ---
--- 任务结束: Thu Jul 16 12:10:02 AM CST 2026 ---
--- 任务开始: Thu Jul 16 12:20:01 AM CST 2026 ---
--- 任务结束: Thu Jul 16 12:20:58 AM CST 2026 ---
--- 任务开始: Thu Jul 16 12:30:01 AM CST 2026 ---
--- 任务结束: Thu Jul 16 12:30:02 AM CST 2026 ---
--- 任务开始: Thu Jul 16 12:40:01 AM CST 2026 ---
--- 任务结束: Thu Jul 16 12:40:01 AM CST 2026 ---
--- 任务开始: Thu Jul 16 12:50:01 AM CST 2026 ---
--- 任务结束: Thu Jul 16 12:50:57 AM CST 2026 ---
--- 任务开始: Thu Jul 16 01:00:01 AM CST 2026 ---
--- 任务结束: Thu Jul 16 01:00:01 AM CST 2026 ---
--- 任务开始: Thu Jul 16 01:10:01 AM CST 2026 ---
--- 任务结束: Thu Jul 16 01:10:01 AM CST 2026 ---
--- 任务开始: Thu Jul 16 01:20:01 AM CST 2026 ---
--- 任务结束: Thu Jul 16 01:20:59 AM CST 2026 ---
--- 任务开始: Thu Jul 16 01:30:01 AM CST 2026 ---
--- 任务结束: Thu Jul 16 01:30:01 AM CST 2026 ---
--- 任务开始: Thu Jul 16 01:40:01 AM CST 2026 ---
--- 任务结束: Thu Jul 16 01:40:01 AM CST 2026 ---
--- 任务开始: Thu Jul 16 01:50:01 AM CST 2026 ---
--- 任务结束: Thu Jul 16 01:50:58 AM CST 2026 ---
--- 任务开始: Thu Jul 16 02:00:01 AM CST 2026 ---
--- 任务结束: Thu Jul 16 02:00:24 AM CST 2026 ---
--- 任务开始: Thu Jul 16 02:10:01 AM CST 2026 ---
--- 任务结束: Thu Jul 16 02:10:01 AM CST 2026 ---
--- 任务开始: Thu Jul 16 02:20:01 AM CST 2026 ---
--- 任务结束: Thu Jul 16 02:20:01 AM CST 2026 ---
--- 任务开始: Thu Jul 16 02:30:01 AM CST 2026 ---
--- 任务结束: Thu Jul 16 02:30:01 AM CST 2026 ---
--- 任务开始: Thu Jul 16 02:40:01 AM CST 2026 ---
--- 任务结束: Thu Jul 16 02:40:01 AM CST 2026 ---
--- 任务开始: Thu Jul 16 02:50:01 AM CST 2026 ---
--- 任务结束: Thu Jul 16 02:50:01 AM CST 2026 ---
--- 任务开始: Thu Jul 16 03:00:01 AM CST 2026 ---
--- 任务结束: Thu Jul 16 03:00:01 AM CST 2026 ---
--- 任务开始: Thu Jul 16 03:10:01 AM CST 2026 ---
--- 任务结束: Thu Jul 16 03:10:01 AM CST 2026 ---
--- 任务开始: Thu Jul 16 03:20:01 AM CST 2026 ---
--- 任务结束: Thu Jul 16 03:20:01 AM CST 2026 ---
--- 任务开始: Thu Jul 16 03:30:01 AM CST 2026 ---
--- 任务结束: Thu Jul 16 03:30:01 AM CST 2026 ---
--- 任务开始: Thu Jul 16 03:40:01 AM CST 2026 ---
--- 任务结束: Thu Jul 16 03:40:01 AM CST 2026 ---
--- 任务开始: Thu Jul 16 03:50:01 AM CST 2026 ---
--- 任务结束: Thu Jul 16 03:50:01 AM CST 2026 ---
--- 任务开始: Thu Jul 16 04:00:01 AM CST 2026 ---
--- 任务结束: Thu Jul 16 04:00:01 AM CST 2026 ---
--- 任务开始: Thu Jul 16 04:10:01 AM CST 2026 ---
--- 任务结束: Thu Jul 16 04:10:01 AM CST 2026 ---
--- 任务开始: Thu Jul 16 04:20:01 AM CST 2026 ---
--- 任务结束: Thu Jul 16 04:20:01 AM CST 2026 ---
--- 任务开始: Thu Jul 16 04:30:01 AM CST 2026 ---
--- 任务结束: Thu Jul 16 04:30:01 AM CST 2026 ---
--- 任务开始: Thu Jul 16 04:40:01 AM CST 2026 ---
--- 任务结束: Thu Jul 16 04:40:01 AM CST 2026 ---
--- 任务开始: Thu Jul 16 04:50:01 AM CST 2026 ---
--- 任务结束: Thu Jul 16 04:50:01 AM CST 2026 ---
--- 任务开始: Thu Jul 16 05:00:01 AM CST 2026 ---
--- 任务结束: Thu Jul 16 05:00:01 AM CST 2026 ---
--- 任务开始: Thu Jul 16 05:10:01 AM CST 2026 ---
--- 任务结束: Thu Jul 16 05:10:01 AM CST 2026 ---
--- 任务开始: Thu Jul 16 05:20:01 AM CST 2026 ---
--- 任务结束: Thu Jul 16 05:20:01 AM CST 2026 ---
--- 任务开始: Thu Jul 16 05:30:02 AM CST 2026 ---
--- 任务结束: Thu Jul 16 05:30:02 AM CST 2026 ---
--- 任务开始: Thu Jul 16 05:40:01 AM CST 2026 ---
--- 任务结束: Thu Jul 16 05:40:01 AM CST 2026 ---
--- 任务开始: Thu Jul 16 05:50:01 AM CST 2026 ---
--- 任务结束: Thu Jul 16 05:50:01 AM CST 2026 ---
--- 任务开始: Thu Jul 16 06:00:01 AM CST 2026 ---
--- 任务结束: Thu Jul 16 06:00:01 AM CST 2026 ---
--- 任务开始: Thu Jul 16 06:10:01 AM CST 2026 ---
--- 任务结束: Thu Jul 16 06:10:01 AM CST 2026 ---
--- 任务开始: Thu Jul 16 06:20:01 AM CST 2026 ---
--- 任务结束: Thu Jul 16 06:20:01 AM CST 2026 ---
--- 任务开始: Thu Jul 16 06:30:01 AM CST 2026 ---
--- 任务结束: Thu Jul 16 06:30:01 AM CST 2026 ---
--- 任务开始: Thu Jul 16 06:40:01 AM CST 2026 ---
--- 任务结束: Thu Jul 16 06:40:01 AM CST 2026 ---
--- 任务开始: Thu Jul 16 06:50:01 AM CST 2026 ---
--- 任务结束: Thu Jul 16 06:50:01 AM CST 2026 ---
--- 任务开始: Thu Jul 16 07:00:01 AM CST 2026 ---
--- 任务结束: Thu Jul 16 07:00:01 AM CST 2026 ---
--- 任务开始: Thu Jul 16 07:10:01 AM CST 2026 ---
--- 任务结束: Thu Jul 16 07:10:01 AM CST 2026 ---
--- 任务开始: Thu Jul 16 07:20:01 AM CST 2026 ---
--- 任务结束: Thu Jul 16 07:20:01 AM CST 2026 ---
--- 任务开始: Thu Jul 16 07:30:01 AM CST 2026 ---
--- 任务结束: Thu Jul 16 07:30:01 AM CST 2026 ---
--- 任务开始: Thu Jul 16 07:40:01 AM CST 2026 ---
--- 任务结束: Thu Jul 16 07:40:01 AM CST 2026 ---
--- 任务开始: Thu Jul 16 07:50:01 AM CST 2026 ---
--- 任务结束: Thu Jul 16 07:50:01 AM CST 2026 ---
--- 任务开始: Thu Jul 16 08:00:01 AM CST 2026 ---
--- 任务结束: Thu Jul 16 08:00:01 AM CST 2026 ---
--- 任务开始: Thu Jul 16 08:10:01 AM CST 2026 ---
--- 任务结束: Thu Jul 16 08:10:01 AM CST 2026 ---
--- 任务开始: Thu Jul 16 08:20:01 AM CST 2026 ---
--- 任务结束: Thu Jul 16 08:20:01 AM CST 2026 ---
--- 任务开始: Thu Jul 16 08:30:01 AM CST 2026 ---
--- 任务结束: Thu Jul 16 08:30:01 AM CST 2026 ---
--- 任务开始: Thu Jul 16 08:40:01 AM CST 2026 ---
--- 任务结束: Thu Jul 16 08:40:01 AM CST 2026 ---
--- 任务开始: Thu Jul 16 08:50:01 AM CST 2026 ---
--- 任务结束: Thu Jul 16 08:50:01 AM CST 2026 ---
--- 任务开始: Thu Jul 16 09:00:01 AM CST 2026 ---
--- 任务结束: Thu Jul 16 09:00:01 AM CST 2026 ---
--- 任务开始: Thu Jul 16 09:10:01 AM CST 2026 ---
--- 任务结束: Thu Jul 16 09:10:01 AM CST 2026 ---
--- 任务开始: Thu Jul 16 09:20:01 AM CST 2026 ---
--- 任务结束: Thu Jul 16 09:20:01 AM CST 2026 ---
--- 任务开始: Thu Jul 16 09:30:01 AM CST 2026 ---
--- 任务结束: Thu Jul 16 09:30:01 AM CST 2026 ---
--- 任务开始: Thu Jul 16 09:40:01 AM CST 2026 ---
--- 任务结束: Thu Jul 16 09:40:01 AM CST 2026 ---
--- 任务开始: Thu Jul 16 09:50:01 AM CST 2026 ---
--- 任务结束: Thu Jul 16 09:50:01 AM CST 2026 ---
--- 任务开始: Thu Jul 16 10:00:01 AM CST 2026 ---
--- 任务结束: Thu Jul 16 10:00:01 AM CST 2026 ---
--- 任务开始: Thu Jul 16 10:10:01 AM CST 2026 ---
--- 任务结束: Thu Jul 16 10:10:01 AM CST 2026 ---
--- 任务开始: Thu Jul 16 10:20:02 AM CST 2026 ---
--- 任务结束: Thu Jul 16 10:20:02 AM CST 2026 ---
--- 任务开始: Thu Jul 16 10:30:01 AM CST 2026 ---
--- 任务结束: Thu Jul 16 10:30:01 AM CST 2026 ---
--- 任务开始: Thu Jul 16 10:40:01 AM CST 2026 ---
--- 任务结束: Thu Jul 16 10:40:01 AM CST 2026 ---
--- 任务开始: Thu Jul 16 10:50:01 AM CST 2026 ---
--- 任务结束: Thu Jul 16 10:50:01 AM CST 2026 ---
--- 任务开始: Thu Jul 16 11:00:01 AM CST 2026 ---
--- 任务结束: Thu Jul 16 11:00:01 AM CST 2026 ---
--- 任务开始: Thu Jul 16 11:10:01 AM CST 2026 ---
--- 任务结束: Thu Jul 16 11:10:01 AM CST 2026 ---
--- 任务开始: Thu Jul 16 11:20:01 AM CST 2026 ---
--- 任务结束: Thu Jul 16 11:20:01 AM CST 2026 ---
--- 任务开始: Thu Jul 16 11:30:01 AM CST 2026 ---
--- 任务结束: Thu Jul 16 11:30:01 AM CST 2026 ---
--- 任务开始: Thu Jul 16 11:40:01 AM CST 2026 ---
--- 任务结束: Thu Jul 16 11:40:01 AM CST 2026 ---
--- 任务开始: Thu Jul 16 11:50:01 AM CST 2026 ---
--- 任务结束: Thu Jul 16 11:50:01 AM CST 2026 ---
--- 任务开始: Thu Jul 16 12:00:01 PM CST 2026 ---
--- 任务结束: Thu Jul 16 12:00:01 PM CST 2026 ---
--- 任务开始: Thu Jul 16 12:10:01 PM CST 2026 ---
--- 任务结束: Thu Jul 16 12:10:01 PM CST 2026 ---
--- 任务开始: Thu Jul 16 12:20:01 PM CST 2026 ---
--- 任务结束: Thu Jul 16 12:20:01 PM CST 2026 ---
--- 任务开始: Thu Jul 16 12:30:01 PM CST 2026 ---
--- 任务结束: Thu Jul 16 12:30:01 PM CST 2026 ---
--- 任务开始: Thu Jul 16 12:40:01 PM CST 2026 ---
--- 任务结束: Thu Jul 16 12:40:01 PM CST 2026 ---
--- 任务开始: Thu Jul 16 12:50:01 PM CST 2026 ---
--- 任务结束: Thu Jul 16 12:50:01 PM CST 2026 ---
--- 任务开始: Thu Jul 16 01:00:01 PM CST 2026 ---
--- 任务结束: Thu Jul 16 01:00:01 PM CST 2026 ---
--- 任务开始: Thu Jul 16 01:10:01 PM CST 2026 ---
--- 任务结束: Thu Jul 16 01:10:01 PM CST 2026 ---
--- 任务开始: Thu Jul 16 01:20:01 PM CST 2026 ---
--- 任务结束: Thu Jul 16 01:20:01 PM CST 2026 ---
--- 任务开始: Thu Jul 16 01:30:02 PM CST 2026 ---
--- 任务结束: Thu Jul 16 01:30:02 PM CST 2026 ---
--- 任务开始: Thu Jul 16 01:40:01 PM CST 2026 ---
--- 任务结束: Thu Jul 16 01:40:01 PM CST 2026 ---
--- 任务开始: Thu Jul 16 01:50:01 PM CST 2026 ---
--- 任务结束: Thu Jul 16 01:50:01 PM CST 2026 ---
--- 任务开始: Thu Jul 16 02:00:01 PM CST 2026 ---
--- 任务结束: Thu Jul 16 02:00:01 PM CST 2026 ---
--- 任务开始: Thu Jul 16 02:10:01 PM CST 2026 ---
--- 任务结束: Thu Jul 16 02:10:01 PM CST 2026 ---
--- 任务开始: Thu Jul 16 02:20:01 PM CST 2026 ---
--- 任务结束: Thu Jul 16 02:20:01 PM CST 2026 ---
--- 任务开始: Thu Jul 16 02:30:01 PM CST 2026 ---
--- 任务结束: Thu Jul 16 02:30:01 PM CST 2026 ---
--- 任务开始: Thu Jul 16 02:40:01 PM CST 2026 ---
--- 任务结束: Thu Jul 16 02:40:01 PM CST 2026 ---
--- 任务开始: Thu Jul 16 02:50:01 PM CST 2026 ---
--- 任务结束: Thu Jul 16 02:50:01 PM CST 2026 ---
--- 任务开始: Thu Jul 16 03:00:01 PM CST 2026 ---
--- 任务结束: Thu Jul 16 03:00:01 PM CST 2026 ---
--- 任务开始: Thu Jul 16 03:10:02 PM CST 2026 ---
--- 任务结束: Thu Jul 16 03:10:02 PM CST 2026 ---
--- 任务开始: Thu Jul 16 03:20:01 PM CST 2026 ---
--- 任务结束: Thu Jul 16 03:20:01 PM CST 2026 ---
--- 任务开始: Thu Jul 16 03:30:01 PM CST 2026 ---
--- 任务结束: Thu Jul 16 03:30:01 PM CST 2026 ---
--- 任务开始: Thu Jul 16 03:40:01 PM CST 2026 ---
--- 任务结束: Thu Jul 16 03:40:01 PM CST 2026 ---
--- 任务开始: Thu Jul 16 03:50:01 PM CST 2026 ---
--- 任务结束: Thu Jul 16 03:50:01 PM CST 2026 ---
--- 任务开始: Thu Jul 16 04:00:01 PM CST 2026 ---
--- 任务结束: Thu Jul 16 04:00:01 PM CST 2026 ---
--- 任务开始: Thu Jul 16 04:10:01 PM CST 2026 ---
--- 任务结束: Thu Jul 16 04:10:01 PM CST 2026 ---
--- 任务开始: Thu Jul 16 04:20:01 PM CST 2026 ---
--- 任务结束: Thu Jul 16 04:20:01 PM CST 2026 ---
--- 任务开始: Thu Jul 16 04:30:01 PM CST 2026 ---
--- 任务结束: Thu Jul 16 04:30:01 PM CST 2026 ---
--- 任务开始: Thu Jul 16 04:40:01 PM CST 2026 ---
--- 任务结束: Thu Jul 16 04:40:01 PM CST 2026 ---
--- 任务开始: Thu Jul 16 04:50:02 PM CST 2026 ---
--- 任务结束: Thu Jul 16 04:50:02 PM CST 2026 ---
--- 任务开始: Thu Jul 16 05:00:01 PM CST 2026 ---
--- 任务结束: Thu Jul 16 05:00:01 PM CST 2026 ---
--- 任务开始: Thu Jul 16 05:10:01 PM CST 2026 ---
--- 任务结束: Thu Jul 16 05:10:01 PM CST 2026 ---
--- 任务开始: Thu Jul 16 05:20:01 PM CST 2026 ---
--- 任务结束: Thu Jul 16 05:20:01 PM CST 2026 ---
--- 任务开始: Thu Jul 16 05:30:01 PM CST 2026 ---
--- 任务结束: Thu Jul 16 05:30:01 PM CST 2026 ---
--- 任务开始: Thu Jul 16 05:40:01 PM CST 2026 ---
--- 任务结束: Thu Jul 16 05:40:01 PM CST 2026 ---
--- 任务开始: Thu Jul 16 05:50:01 PM CST 2026 ---
--- 任务结束: Thu Jul 16 05:50:01 PM CST 2026 ---
--- 任务开始: Thu Jul 16 06:00:01 PM CST 2026 ---
--- 任务结束: Thu Jul 16 06:00:01 PM CST 2026 ---
--- 任务开始: Thu Jul 16 06:10:01 PM CST 2026 ---
--- 任务结束: Thu Jul 16 06:10:01 PM CST 2026 ---
--- 任务开始: Thu Jul 16 06:20:01 PM CST 2026 ---
--- 任务结束: Thu Jul 16 06:20:01 PM CST 2026 ---
--- 任务开始: Thu Jul 16 06:30:01 PM CST 2026 ---
--- 任务结束: Thu Jul 16 06:30:01 PM CST 2026 ---
--- 任务开始: Thu Jul 16 06:40:01 PM CST 2026 ---
--- 任务结束: Thu Jul 16 06:40:01 PM CST 2026 ---
--- 任务开始: Thu Jul 16 06:50:01 PM CST 2026 ---
--- 任务结束: Thu Jul 16 06:50:01 PM CST 2026 ---
--- 任务开始: Thu Jul 16 07:00:01 PM CST 2026 ---
--- 任务结束: Thu Jul 16 07:00:01 PM CST 2026 ---
--- 任务开始: Thu Jul 16 07:10:01 PM CST 2026 ---
--- 任务结束: Thu Jul 16 07:10:01 PM CST 2026 ---
--- 任务开始: Thu Jul 16 07:20:01 PM CST 2026 ---
--- 任务结束: Thu Jul 16 07:20:01 PM CST 2026 ---
--- 任务开始: Thu Jul 16 07:30:01 PM CST 2026 ---
--- 任务结束: Thu Jul 16 07:30:01 PM CST 2026 ---
--- 任务开始: Thu Jul 16 07:40:01 PM CST 2026 ---
--- 任务结束: Thu Jul 16 07:40:01 PM CST 2026 ---
--- 任务开始: Thu Jul 16 07:50:01 PM CST 2026 ---
--- 任务结束: Thu Jul 16 07:50:01 PM CST 2026 ---
--- 任务开始: Thu Jul 16 08:00:01 PM CST 2026 ---
--- 任务结束: Thu Jul 16 08:00:01 PM CST 2026 ---
--- 任务开始: Thu Jul 16 08:10:01 PM CST 2026 ---
--- 任务结束: Thu Jul 16 08:10:01 PM CST 2026 ---
--- 任务开始: Thu Jul 16 08:20:01 PM CST 2026 ---
--- 任务结束: Thu Jul 16 08:20:01 PM CST 2026 ---
--- 任务开始: Thu Jul 16 08:30:01 PM CST 2026 ---
--- 任务结束: Thu Jul 16 08:30:01 PM CST 2026 ---
--- 任务开始: Thu Jul 16 08:40:01 PM CST 2026 ---
--- 任务结束: Thu Jul 16 08:40:01 PM CST 2026 ---
--- 任务开始: Thu Jul 16 08:50:01 PM CST 2026 ---
--- 任务结束: Thu Jul 16 08:50:01 PM CST 2026 ---
--- 任务开始: Thu Jul 16 09:00:01 PM CST 2026 ---
--- 任务结束: Thu Jul 16 09:00:01 PM CST 2026 ---
--- 任务开始: Thu Jul 16 09:10:01 PM CST 2026 ---
--- 任务结束: Thu Jul 16 09:10:01 PM CST 2026 ---
--- 任务开始: Thu Jul 16 09:20:01 PM CST 2026 ---
--- 任务结束: Thu Jul 16 09:20:01 PM CST 2026 ---
--- 任务开始: Thu Jul 16 09:30:01 PM CST 2026 ---
--- 任务结束: Thu Jul 16 09:30:01 PM CST 2026 ---
--- 任务开始: Thu Jul 16 09:40:01 PM CST 2026 ---
--- 任务结束: Thu Jul 16 09:40:01 PM CST 2026 ---
--- 任务开始: Thu Jul 16 09:50:01 PM CST 2026 ---
--- 任务结束: Thu Jul 16 09:50:01 PM CST 2026 ---
--- 任务开始: Thu Jul 16 10:00:01 PM CST 2026 ---
--- 任务结束: Thu Jul 16 10:00:01 PM CST 2026 ---
--- 任务开始: Thu Jul 16 10:10:01 PM CST 2026 ---
--- 任务结束: Thu Jul 16 10:10:01 PM CST 2026 ---
--- 任务开始: Thu Jul 16 10:20:01 PM CST 2026 ---
--- 任务结束: Thu Jul 16 10:20:01 PM CST 2026 ---
--- 任务开始: Thu Jul 16 10:30:01 PM CST 2026 ---
--- 任务结束: Thu Jul 16 10:30:01 PM CST 2026 ---
--- 任务开始: Thu Jul 16 10:40:01 PM CST 2026 ---
--- 任务结束: Thu Jul 16 10:40:01 PM CST 2026 ---
--- 任务开始: Thu Jul 16 10:50:01 PM CST 2026 ---
--- 任务结束: Thu Jul 16 10:50:01 PM CST 2026 ---
--- 任务开始: Thu Jul 16 11:00:01 PM CST 2026 ---
--- 任务结束: Thu Jul 16 11:00:01 PM CST 2026 ---
--- 任务开始: Thu Jul 16 11:10:01 PM CST 2026 ---
--- 任务结束: Thu Jul 16 11:10:01 PM CST 2026 ---
--- 任务开始: Thu Jul 16 11:20:01 PM CST 2026 ---
--- 任务结束: Thu Jul 16 11:20:58 PM CST 2026 ---
--- 任务开始: Thu Jul 16 11:30:01 PM CST 2026 ---
--- 任务结束: Thu Jul 16 11:30:01 PM CST 2026 ---
--- 任务开始: Thu Jul 16 11:40:01 PM CST 2026 ---
--- 任务结束: Thu Jul 16 11:40:01 PM CST 2026 ---
--- 任务开始: Thu Jul 16 11:50:01 PM CST 2026 ---
--- 任务结束: Thu Jul 16 11:50:57 PM CST 2026 ---
--- 任务开始: Fri Jul 17 12:00:01 AM CST 2026 ---
--- 任务结束: Fri Jul 17 12:00:01 AM CST 2026 ---
--- 任务开始: Fri Jul 17 12:10:01 AM CST 2026 ---
--- 任务结束: Fri Jul 17 12:10:01 AM CST 2026 ---
--- 任务开始: Fri Jul 17 12:20:01 AM CST 2026 ---
--- 任务结束: Fri Jul 17 12:20:58 AM CST 2026 ---
--- 任务开始: Fri Jul 17 12:30:01 AM CST 2026 ---
--- 任务结束: Fri Jul 17 12:30:01 AM CST 2026 ---
--- 任务开始: Fri Jul 17 12:40:01 AM CST 2026 ---
--- 任务结束: Fri Jul 17 12:40:01 AM CST 2026 ---
--- 任务开始: Fri Jul 17 12:50:01 AM CST 2026 ---
--- 任务结束: Fri Jul 17 12:50:57 AM CST 2026 ---
--- 任务开始: Fri Jul 17 01:00:01 AM CST 2026 ---
--- 任务结束: Fri Jul 17 01:00:01 AM CST 2026 ---
--- 任务开始: Fri Jul 17 01:10:01 AM CST 2026 ---
--- 任务结束: Fri Jul 17 01:10:01 AM CST 2026 ---
--- 任务开始: Fri Jul 17 01:20:01 AM CST 2026 ---
--- 任务结束: Fri Jul 17 01:20:59 AM CST 2026 ---
--- 任务开始: Fri Jul 17 01:30:01 AM CST 2026 ---
--- 任务结束: Fri Jul 17 01:30:01 AM CST 2026 ---
--- 任务开始: Fri Jul 17 01:40:01 AM CST 2026 ---
--- 任务结束: Fri Jul 17 01:40:01 AM CST 2026 ---
--- 任务开始: Fri Jul 17 01:50:01 AM CST 2026 ---
--- 任务结束: Fri Jul 17 01:50:01 AM CST 2026 ---
--- 任务开始: Fri Jul 17 02:00:01 AM CST 2026 ---
--- 任务结束: Fri Jul 17 02:00:01 AM CST 2026 ---
--- 任务开始: Fri Jul 17 02:10:01 AM CST 2026 ---
--- 任务结束: Fri Jul 17 02:10:01 AM CST 2026 ---
--- 任务开始: Fri Jul 17 02:20:01 AM CST 2026 ---
--- 任务结束: Fri Jul 17 02:20:01 AM CST 2026 ---
--- 任务开始: Fri Jul 17 02:30:01 AM CST 2026 ---
--- 任务结束: Fri Jul 17 02:30:01 AM CST 2026 ---
--- 任务开始: Fri Jul 17 02:40:01 AM CST 2026 ---
--- 任务结束: Fri Jul 17 02:40:01 AM CST 2026 ---
--- 任务开始: Fri Jul 17 02:50:01 AM CST 2026 ---
--- 任务结束: Fri Jul 17 02:50:01 AM CST 2026 ---
--- 任务开始: Fri Jul 17 03:00:01 AM CST 2026 ---
--- 任务结束: Fri Jul 17 03:00:01 AM CST 2026 ---
--- 任务开始: Fri Jul 17 03:10:01 AM CST 2026 ---
--- 任务结束: Fri Jul 17 03:10:01 AM CST 2026 ---
--- 任务开始: Fri Jul 17 03:20:01 AM CST 2026 ---
--- 任务结束: Fri Jul 17 03:20:01 AM CST 2026 ---
--- 任务开始: Fri Jul 17 03:30:02 AM CST 2026 ---
--- 任务结束: Fri Jul 17 03:30:02 AM CST 2026 ---
--- 任务开始: Fri Jul 17 03:40:01 AM CST 2026 ---
--- 任务结束: Fri Jul 17 03:40:01 AM CST 2026 ---
--- 任务开始: Fri Jul 17 03:50:01 AM CST 2026 ---
--- 任务结束: Fri Jul 17 03:50:01 AM CST 2026 ---
--- 任务开始: Fri Jul 17 04:00:01 AM CST 2026 ---
--- 任务结束: Fri Jul 17 04:00:01 AM CST 2026 ---
--- 任务开始: Fri Jul 17 04:10:01 AM CST 2026 ---
--- 任务结束: Fri Jul 17 04:10:01 AM CST 2026 ---
--- 任务开始: Fri Jul 17 04:20:01 AM CST 2026 ---
--- 任务结束: Fri Jul 17 04:20:01 AM CST 2026 ---
--- 任务开始: Fri Jul 17 04:30:01 AM CST 2026 ---
--- 任务结束: Fri Jul 17 04:30:01 AM CST 2026 ---
--- 任务开始: Fri Jul 17 04:40:01 AM CST 2026 ---
--- 任务结束: Fri Jul 17 04:40:01 AM CST 2026 ---
--- 任务开始: Fri Jul 17 04:50:01 AM CST 2026 ---
--- 任务结束: Fri Jul 17 04:50:01 AM CST 2026 ---
--- 任务开始: Fri Jul 17 05:00:01 AM CST 2026 ---
--- 任务结束: Fri Jul 17 05:00:01 AM CST 2026 ---
--- 任务开始: Fri Jul 17 05:10:01 AM CST 2026 ---
--- 任务结束: Fri Jul 17 05:10:01 AM CST 2026 ---
--- 任务开始: Fri Jul 17 05:20:01 AM CST 2026 ---
--- 任务结束: Fri Jul 17 05:20:01 AM CST 2026 ---
--- 任务开始: Fri Jul 17 05:30:01 AM CST 2026 ---
--- 任务结束: Fri Jul 17 05:30:01 AM CST 2026 ---
--- 任务开始: Fri Jul 17 05:40:01 AM CST 2026 ---
--- 任务结束: Fri Jul 17 05:40:01 AM CST 2026 ---
--- 任务开始: Fri Jul 17 05:50:01 AM CST 2026 ---
--- 任务结束: Fri Jul 17 05:50:01 AM CST 2026 ---
--- 任务开始: Fri Jul 17 06:00:01 AM CST 2026 ---
--- 任务结束: Fri Jul 17 06:00:01 AM CST 2026 ---
--- 任务开始: Fri Jul 17 06:10:01 AM CST 2026 ---
--- 任务结束: Fri Jul 17 06:10:01 AM CST 2026 ---
--- 任务开始: Fri Jul 17 06:20:01 AM CST 2026 ---
--- 任务结束: Fri Jul 17 06:20:01 AM CST 2026 ---
--- 任务开始: Fri Jul 17 06:30:01 AM CST 2026 ---
--- 任务结束: Fri Jul 17 06:30:01 AM CST 2026 ---
--- 任务开始: Fri Jul 17 06:40:01 AM CST 2026 ---
--- 任务结束: Fri Jul 17 06:40:01 AM CST 2026 ---
--- 任务开始: Fri Jul 17 06:50:02 AM CST 2026 ---
--- 任务结束: Fri Jul 17 06:50:02 AM CST 2026 ---
--- 任务开始: Fri Jul 17 07:00:01 AM CST 2026 ---
--- 任务结束: Fri Jul 17 07:00:01 AM CST 2026 ---
--- 任务开始: Fri Jul 17 07:10:01 AM CST 2026 ---
--- 任务结束: Fri Jul 17 07:10:01 AM CST 2026 ---
--- 任务开始: Fri Jul 17 07:20:01 AM CST 2026 ---
--- 任务结束: Fri Jul 17 07:20:01 AM CST 2026 ---
--- 任务开始: Fri Jul 17 07:30:01 AM CST 2026 ---
--- 任务结束: Fri Jul 17 07:30:01 AM CST 2026 ---
--- 任务开始: Fri Jul 17 07:40:01 AM CST 2026 ---
--- 任务结束: Fri Jul 17 07:40:01 AM CST 2026 ---
--- 任务开始: Fri Jul 17 07:50:01 AM CST 2026 ---
--- 任务结束: Fri Jul 17 07:50:01 AM CST 2026 ---
--- 任务开始: Fri Jul 17 08:00:01 AM CST 2026 ---
--- 任务结束: Fri Jul 17 08:00:01 AM CST 2026 ---
--- 任务开始: Fri Jul 17 08:10:01 AM CST 2026 ---
--- 任务结束: Fri Jul 17 08:10:01 AM CST 2026 ---
--- 任务开始: Fri Jul 17 08:20:01 AM CST 2026 ---
--- 任务结束: Fri Jul 17 08:20:01 AM CST 2026 ---
--- 任务开始: Fri Jul 17 08:30:01 AM CST 2026 ---
--- 任务结束: Fri Jul 17 08:30:01 AM CST 2026 ---
--- 任务开始: Fri Jul 17 08:40:01 AM CST 2026 ---
--- 任务结束: Fri Jul 17 08:40:01 AM CST 2026 ---
--- 任务开始: Fri Jul 17 08:50:01 AM CST 2026 ---
--- 任务结束: Fri Jul 17 08:50:01 AM CST 2026 ---
--- 任务开始: Fri Jul 17 09:00:01 AM CST 2026 ---
--- 任务结束: Fri Jul 17 09:00:01 AM CST 2026 ---
--- 任务开始: Fri Jul 17 09:10:01 AM CST 2026 ---
--- 任务结束: Fri Jul 17 09:10:01 AM CST 2026 ---
--- 任务开始: Fri Jul 17 09:20:01 AM CST 2026 ---
--- 任务结束: Fri Jul 17 09:20:01 AM CST 2026 ---
--- 任务开始: Fri Jul 17 09:30:01 AM CST 2026 ---
--- 任务结束: Fri Jul 17 09:30:01 AM CST 2026 ---
--- 任务开始: Fri Jul 17 09:40:01 AM CST 2026 ---
--- 任务结束: Fri Jul 17 09:40:01 AM CST 2026 ---
--- 任务开始: Fri Jul 17 09:50:01 AM CST 2026 ---
--- 任务结束: Fri Jul 17 09:50:01 AM CST 2026 ---
--- 任务开始: Fri Jul 17 10:00:01 AM CST 2026 ---
--- 任务结束: Fri Jul 17 10:00:01 AM CST 2026 ---
--- 任务开始: Fri Jul 17 10:10:01 AM CST 2026 ---
--- 任务结束: Fri Jul 17 10:10:01 AM CST 2026 ---
--- 任务开始: Fri Jul 17 10:20:01 AM CST 2026 ---
--- 任务结束: Fri Jul 17 10:20:01 AM CST 2026 ---
--- 任务开始: Fri Jul 17 10:30:01 AM CST 2026 ---
--- 任务结束: Fri Jul 17 10:30:01 AM CST 2026 ---
--- 任务开始: Fri Jul 17 10:40:01 AM CST 2026 ---
--- 任务结束: Fri Jul 17 10:40:01 AM CST 2026 ---
--- 任务开始: Fri Jul 17 10:50:01 AM CST 2026 ---
--- 任务结束: Fri Jul 17 10:50:01 AM CST 2026 ---
--- 任务开始: Fri Jul 17 11:00:01 AM CST 2026 ---
--- 任务结束: Fri Jul 17 11:00:01 AM CST 2026 ---
--- 任务开始: Fri Jul 17 11:10:01 AM CST 2026 ---
--- 任务结束: Fri Jul 17 11:10:01 AM CST 2026 ---
--- 任务开始: Fri Jul 17 11:20:01 AM CST 2026 ---
--- 任务结束: Fri Jul 17 11:20:01 AM CST 2026 ---
--- 任务开始: Fri Jul 17 11:30:01 AM CST 2026 ---
--- 任务结束: Fri Jul 17 11:30:01 AM CST 2026 ---
--- 任务开始: Fri Jul 17 11:40:01 AM CST 2026 ---
--- 任务结束: Fri Jul 17 11:40:01 AM CST 2026 ---
--- 任务开始: Fri Jul 17 11:50:01 AM CST 2026 ---
--- 任务结束: Fri Jul 17 11:50:01 AM CST 2026 ---
--- 任务开始: Fri Jul 17 12:00:01 PM CST 2026 ---
--- 任务结束: Fri Jul 17 12:00:01 PM CST 2026 ---
--- 任务开始: Fri Jul 17 12:10:01 PM CST 2026 ---
--- 任务结束: Fri Jul 17 12:10:01 PM CST 2026 ---
--- 任务开始: Fri Jul 17 12:20:01 PM CST 2026 ---
--- 任务结束: Fri Jul 17 12:20:01 PM CST 2026 ---
--- 任务开始: Fri Jul 17 12:30:01 PM CST 2026 ---
--- 任务结束: Fri Jul 17 12:30:01 PM CST 2026 ---
--- 任务开始: Fri Jul 17 12:40:01 PM CST 2026 ---
--- 任务结束: Fri Jul 17 12:40:01 PM CST 2026 ---
--- 任务开始: Fri Jul 17 12:50:01 PM CST 2026 ---
--- 任务结束: Fri Jul 17 12:50:01 PM CST 2026 ---
--- 任务开始: Fri Jul 17 01:00:01 PM CST 2026 ---
--- 任务结束: Fri Jul 17 01:00:01 PM CST 2026 ---
--- 任务开始: Fri Jul 17 01:10:01 PM CST 2026 ---
--- 任务结束: Fri Jul 17 01:10:01 PM CST 2026 ---
--- 任务开始: Fri Jul 17 01:20:01 PM CST 2026 ---
--- 任务结束: Fri Jul 17 01:20:01 PM CST 2026 ---
--- 任务开始: Fri Jul 17 01:30:01 PM CST 2026 ---
--- 任务结束: Fri Jul 17 01:30:01 PM CST 2026 ---
--- 任务开始: Fri Jul 17 01:40:01 PM CST 2026 ---
--- 任务结束: Fri Jul 17 01:40:01 PM CST 2026 ---
--- 任务开始: Fri Jul 17 01:50:01 PM CST 2026 ---
--- 任务结束: Fri Jul 17 01:50:01 PM CST 2026 ---
--- 任务开始: Fri Jul 17 02:00:01 PM CST 2026 ---
--- 任务结束: Fri Jul 17 02:00:01 PM CST 2026 ---
--- 任务开始: Fri Jul 17 02:10:01 PM CST 2026 ---
--- 任务结束: Fri Jul 17 02:10:01 PM CST 2026 ---
--- 任务开始: Fri Jul 17 02:20:01 PM CST 2026 ---
--- 任务结束: Fri Jul 17 02:20:01 PM CST 2026 ---
--- 任务开始: Fri Jul 17 02:30:01 PM CST 2026 ---
--- 任务结束: Fri Jul 17 02:30:01 PM CST 2026 ---
--- 任务开始: Fri Jul 17 02:40:01 PM CST 2026 ---
--- 任务结束: Fri Jul 17 02:40:01 PM CST 2026 ---
--- 任务开始: Fri Jul 17 02:50:01 PM CST 2026 ---
--- 任务结束: Fri Jul 17 02:50:01 PM CST 2026 ---
--- 任务开始: Fri Jul 17 03:00:01 PM CST 2026 ---
--- 任务结束: Fri Jul 17 03:00:01 PM CST 2026 ---
--- 任务开始: Fri Jul 17 03:10:01 PM CST 2026 ---
--- 任务结束: Fri Jul 17 03:10:01 PM CST 2026 ---
--- 任务开始: Fri Jul 17 03:20:01 PM CST 2026 ---
--- 任务结束: Fri Jul 17 03:20:01 PM CST 2026 ---
--- 任务开始: Fri Jul 17 03:30:01 PM CST 2026 ---
--- 任务结束: Fri Jul 17 03:30:01 PM CST 2026 ---
--- 任务开始: Fri Jul 17 03:40:01 PM CST 2026 ---
--- 任务结束: Fri Jul 17 03:40:01 PM CST 2026 ---
--- 任务开始: Fri Jul 17 03:50:01 PM CST 2026 ---
--- 任务结束: Fri Jul 17 03:50:01 PM CST 2026 ---
--- 任务开始: Fri Jul 17 04:00:01 PM CST 2026 ---
--- 任务结束: Fri Jul 17 04:00:01 PM CST 2026 ---
--- 任务开始: Fri Jul 17 04:10:01 PM CST 2026 ---
--- 任务结束: Fri Jul 17 04:10:01 PM CST 2026 ---
--- 任务开始: Fri Jul 17 04:20:01 PM CST 2026 ---
--- 任务结束: Fri Jul 17 04:20:01 PM CST 2026 ---
--- 任务开始: Fri Jul 17 04:30:01 PM CST 2026 ---
--- 任务结束: Fri Jul 17 04:30:01 PM CST 2026 ---
--- 任务开始: Fri Jul 17 04:40:01 PM CST 2026 ---
--- 任务结束: Fri Jul 17 04:40:01 PM CST 2026 ---
--- 任务开始: Fri Jul 17 04:50:01 PM CST 2026 ---
--- 任务结束: Fri Jul 17 04:50:01 PM CST 2026 ---
--- 任务开始: Fri Jul 17 05:00:01 PM CST 2026 ---
--- 任务结束: Fri Jul 17 05:00:01 PM CST 2026 ---
--- 任务开始: Fri Jul 17 05:10:01 PM CST 2026 ---
--- 任务结束: Fri Jul 17 05:10:01 PM CST 2026 ---
--- 任务开始: Fri Jul 17 05:20:01 PM CST 2026 ---
--- 任务结束: Fri Jul 17 05:20:01 PM CST 2026 ---
--- 任务开始: Fri Jul 17 05:30:01 PM CST 2026 ---
--- 任务结束: Fri Jul 17 05:30:01 PM CST 2026 ---
--- 任务开始: Fri Jul 17 05:40:01 PM CST 2026 ---
--- 任务结束: Fri Jul 17 05:40:01 PM CST 2026 ---
--- 任务开始: Fri Jul 17 05:50:01 PM CST 2026 ---
--- 任务结束: Fri Jul 17 05:50:01 PM CST 2026 ---
--- 任务开始: Fri Jul 17 06:00:01 PM CST 2026 ---
--- 任务结束: Fri Jul 17 06:00:01 PM CST 2026 ---
--- 任务开始: Fri Jul 17 06:10:01 PM CST 2026 ---
--- 任务结束: Fri Jul 17 06:10:01 PM CST 2026 ---
--- 任务开始: Fri Jul 17 06:20:01 PM CST 2026 ---
--- 任务结束: Fri Jul 17 06:20:01 PM CST 2026 ---
--- 任务开始: Fri Jul 17 06:30:01 PM CST 2026 ---
--- 任务结束: Fri Jul 17 06:30:01 PM CST 2026 ---
--- 任务开始: Fri Jul 17 06:40:01 PM CST 2026 ---
--- 任务结束: Fri Jul 17 06:40:01 PM CST 2026 ---
--- 任务开始: Fri Jul 17 06:50:01 PM CST 2026 ---
--- 任务结束: Fri Jul 17 06:50:01 PM CST 2026 ---
--- 任务开始: Fri Jul 17 07:00:01 PM CST 2026 ---
--- 任务结束: Fri Jul 17 07:00:01 PM CST 2026 ---
--- 任务开始: Fri Jul 17 07:10:01 PM CST 2026 ---
--- 任务结束: Fri Jul 17 07:10:01 PM CST 2026 ---
--- 任务开始: Fri Jul 17 07:20:01 PM CST 2026 ---
--- 任务结束: Fri Jul 17 07:20:01 PM CST 2026 ---
--- 任务开始: Fri Jul 17 07:30:01 PM CST 2026 ---
--- 任务结束: Fri Jul 17 07:30:01 PM CST 2026 ---
--- 任务开始: Fri Jul 17 07:40:01 PM CST 2026 ---
--- 任务结束: Fri Jul 17 07:40:01 PM CST 2026 ---
--- 任务开始: Fri Jul 17 07:50:01 PM CST 2026 ---
--- 任务结束: Fri Jul 17 07:50:01 PM CST 2026 ---
--- 任务开始: Fri Jul 17 08:00:01 PM CST 2026 ---
--- 任务结束: Fri Jul 17 08:00:01 PM CST 2026 ---
--- 任务开始: Fri Jul 17 08:10:01 PM CST 2026 ---
--- 任务结束: Fri Jul 17 08:10:01 PM CST 2026 ---
--- 任务开始: Fri Jul 17 08:20:01 PM CST 2026 ---
--- 任务结束: Fri Jul 17 08:20:01 PM CST 2026 ---
--- 任务开始: Fri Jul 17 08:30:01 PM CST 2026 ---
--- 任务结束: Fri Jul 17 08:30:01 PM CST 2026 ---
--- 任务开始: Fri Jul 17 08:40:01 PM CST 2026 ---
--- 任务结束: Fri Jul 17 08:40:01 PM CST 2026 ---
--- 任务开始: Fri Jul 17 08:50:01 PM CST 2026 ---
--- 任务结束: Fri Jul 17 08:50:01 PM CST 2026 ---
--- 任务开始: Fri Jul 17 09:00:01 PM CST 2026 ---
--- 任务结束: Fri Jul 17 09:00:01 PM CST 2026 ---
--- 任务开始: Fri Jul 17 09:10:01 PM CST 2026 ---
--- 任务结束: Fri Jul 17 09:10:01 PM CST 2026 ---
--- 任务开始: Fri Jul 17 09:20:01 PM CST 2026 ---
--- 任务结束: Fri Jul 17 09:20:01 PM CST 2026 ---
--- 任务开始: Fri Jul 17 09:30:01 PM CST 2026 ---
--- 任务结束: Fri Jul 17 09:30:01 PM CST 2026 ---
--- 任务开始: Fri Jul 17 09:40:02 PM CST 2026 ---
--- 任务结束: Fri Jul 17 09:40:02 PM CST 2026 ---
--- 任务开始: Fri Jul 17 09:50:01 PM CST 2026 ---
--- 任务结束: Fri Jul 17 09:50:01 PM CST 2026 ---
--- 任务开始: Fri Jul 17 10:00:01 PM CST 2026 ---
--- 任务结束: Fri Jul 17 10:00:01 PM CST 2026 ---
--- 任务开始: Fri Jul 17 10:10:01 PM CST 2026 ---
--- 任务结束: Fri Jul 17 10:10:01 PM CST 2026 ---
--- 任务开始: Fri Jul 17 10:20:01 PM CST 2026 ---
--- 任务结束: Fri Jul 17 10:20:01 PM CST 2026 ---
--- 任务开始: Fri Jul 17 10:30:01 PM CST 2026 ---
--- 任务结束: Fri Jul 17 10:30:01 PM CST 2026 ---
--- 任务开始: Fri Jul 17 10:40:01 PM CST 2026 ---
--- 任务结束: Fri Jul 17 10:40:01 PM CST 2026 ---
--- 任务开始: Fri Jul 17 10:50:01 PM CST 2026 ---
--- 任务结束: Fri Jul 17 10:50:01 PM CST 2026 ---
--- 任务开始: Fri Jul 17 11:00:01 PM CST 2026 ---
--- 任务结束: Fri Jul 17 11:00:01 PM CST 2026 ---
--- 任务开始: Fri Jul 17 11:10:01 PM CST 2026 ---
--- 任务结束: Fri Jul 17 11:10:01 PM CST 2026 ---
--- 任务开始: Fri Jul 17 11:20:01 PM CST 2026 ---
--- 任务结束: Fri Jul 17 11:20:01 PM CST 2026 ---
--- 任务开始: Fri Jul 17 11:30:01 PM CST 2026 ---
--- 任务结束: Fri Jul 17 11:30:01 PM CST 2026 ---
--- 任务开始: Fri Jul 17 11:40:01 PM CST 2026 ---
--- 任务结束: Fri Jul 17 11:40:01 PM CST 2026 ---
--- 任务开始: Fri Jul 17 11:50:01 PM CST 2026 ---
--- 任务结束: Fri Jul 17 11:50:01 PM CST 2026 ---
--- 任务开始: Sat Jul 18 12:00:01 AM CST 2026 ---
--- 任务结束: Sat Jul 18 12:00:01 AM CST 2026 ---
--- 任务开始: Sat Jul 18 12:10:01 AM CST 2026 ---
--- 任务结束: Sat Jul 18 12:10:01 AM CST 2026 ---
--- 任务开始: Sat Jul 18 12:20:01 AM CST 2026 ---
--- 任务结束: Sat Jul 18 12:20:01 AM CST 2026 ---
--- 任务开始: Sat Jul 18 12:30:01 AM CST 2026 ---
--- 任务结束: Sat Jul 18 12:30:01 AM CST 2026 ---
--- 任务开始: Sat Jul 18 12:40:01 AM CST 2026 ---
--- 任务结束: Sat Jul 18 12:40:01 AM CST 2026 ---
--- 任务开始: Sat Jul 18 12:50:01 AM CST 2026 ---
--- 任务结束: Sat Jul 18 12:50:01 AM CST 2026 ---
--- 任务开始: Sat Jul 18 01:00:01 AM CST 2026 ---
--- 任务结束: Sat Jul 18 01:00:01 AM CST 2026 ---
--- 任务开始: Sat Jul 18 01:10:01 AM CST 2026 ---
--- 任务结束: Sat Jul 18 01:10:01 AM CST 2026 ---
--- 任务开始: Sat Jul 18 01:20:01 AM CST 2026 ---
--- 任务结束: Sat Jul 18 01:20:01 AM CST 2026 ---
--- 任务开始: Sat Jul 18 01:30:01 AM CST 2026 ---
--- 任务结束: Sat Jul 18 01:30:01 AM CST 2026 ---
--- 任务开始: Sat Jul 18 01:40:01 AM CST 2026 ---
--- 任务结束: Sat Jul 18 01:40:01 AM CST 2026 ---
--- 任务开始: Sat Jul 18 01:50:01 AM CST 2026 ---
--- 任务结束: Sat Jul 18 01:50:01 AM CST 2026 ---
--- 任务开始: Sat Jul 18 02:00:01 AM CST 2026 ---
--- 任务结束: Sat Jul 18 02:00:01 AM CST 2026 ---
--- 任务开始: Sat Jul 18 02:10:01 AM CST 2026 ---
--- 任务结束: Sat Jul 18 02:10:01 AM CST 2026 ---
--- 任务开始: Sat Jul 18 02:20:02 AM CST 2026 ---
--- 任务结束: Sat Jul 18 02:20:02 AM CST 2026 ---
--- 任务开始: Sat Jul 18 02:30:01 AM CST 2026 ---
--- 任务结束: Sat Jul 18 02:30:01 AM CST 2026 ---
--- 任务开始: Sat Jul 18 02:40:01 AM CST 2026 ---
--- 任务结束: Sat Jul 18 02:40:01 AM CST 2026 ---
--- 任务开始: Sat Jul 18 02:50:01 AM CST 2026 ---
--- 任务结束: Sat Jul 18 02:50:01 AM CST 2026 ---
--- 任务开始: Sat Jul 18 03:00:01 AM CST 2026 ---
--- 任务结束: Sat Jul 18 03:00:01 AM CST 2026 ---
--- 任务开始: Sat Jul 18 03:10:01 AM CST 2026 ---
--- 任务结束: Sat Jul 18 03:10:01 AM CST 2026 ---
--- 任务开始: Sat Jul 18 03:20:01 AM CST 2026 ---
--- 任务结束: Sat Jul 18 03:20:01 AM CST 2026 ---
--- 任务开始: Sat Jul 18 03:30:01 AM CST 2026 ---
--- 任务结束: Sat Jul 18 03:30:01 AM CST 2026 ---
--- 任务开始: Sat Jul 18 03:40:01 AM CST 2026 ---
--- 任务结束: Sat Jul 18 03:40:01 AM CST 2026 ---
--- 任务开始: Sat Jul 18 03:50:01 AM CST 2026 ---
--- 任务结束: Sat Jul 18 03:50:01 AM CST 2026 ---
--- 任务开始: Sat Jul 18 04:00:02 AM CST 2026 ---
--- 任务结束: Sat Jul 18 04:00:02 AM CST 2026 ---
--- 任务开始: Sat Jul 18 04:10:01 AM CST 2026 ---
--- 任务结束: Sat Jul 18 04:10:01 AM CST 2026 ---
--- 任务开始: Sat Jul 18 04:20:01 AM CST 2026 ---
--- 任务结束: Sat Jul 18 04:20:01 AM CST 2026 ---
--- 任务开始: Sat Jul 18 04:30:01 AM CST 2026 ---
--- 任务结束: Sat Jul 18 04:30:01 AM CST 2026 ---
--- 任务开始: Sat Jul 18 04:40:01 AM CST 2026 ---
--- 任务结束: Sat Jul 18 04:40:01 AM CST 2026 ---
--- 任务开始: Sat Jul 18 04:50:01 AM CST 2026 ---
--- 任务结束: Sat Jul 18 04:50:01 AM CST 2026 ---
--- 任务开始: Sat Jul 18 05:00:01 AM CST 2026 ---
--- 任务结束: Sat Jul 18 05:00:01 AM CST 2026 ---
--- 任务开始: Sat Jul 18 05:10:01 AM CST 2026 ---
--- 任务结束: Sat Jul 18 05:10:01 AM CST 2026 ---
--- 任务开始: Sat Jul 18 05:20:01 AM CST 2026 ---
--- 任务结束: Sat Jul 18 05:20:01 AM CST 2026 ---
--- 任务开始: Sat Jul 18 05:30:01 AM CST 2026 ---
--- 任务结束: Sat Jul 18 05:30:01 AM CST 2026 ---
--- 任务开始: Sat Jul 18 05:40:01 AM CST 2026 ---
--- 任务结束: Sat Jul 18 05:40:01 AM CST 2026 ---
--- 任务开始: Sat Jul 18 05:50:01 AM CST 2026 ---
--- 任务结束: Sat Jul 18 05:50:01 AM CST 2026 ---
--- 任务开始: Sat Jul 18 06:00:01 AM CST 2026 ---
--- 任务结束: Sat Jul 18 06:00:01 AM CST 2026 ---
--- 任务开始: Sat Jul 18 06:10:01 AM CST 2026 ---
--- 任务结束: Sat Jul 18 06:10:01 AM CST 2026 ---
--- 任务开始: Sat Jul 18 06:20:01 AM CST 2026 ---
--- 任务结束: Sat Jul 18 06:20:01 AM CST 2026 ---
--- 任务开始: Sat Jul 18 06:30:01 AM CST 2026 ---
--- 任务结束: Sat Jul 18 06:30:01 AM CST 2026 ---
--- 任务开始: Sat Jul 18 06:40:01 AM CST 2026 ---
--- 任务结束: Sat Jul 18 06:40:01 AM CST 2026 ---
--- 任务开始: Sat Jul 18 06:50:01 AM CST 2026 ---
--- 任务结束: Sat Jul 18 06:50:01 AM CST 2026 ---
--- 任务开始: Sat Jul 18 07:00:01 AM CST 2026 ---
--- 任务结束: Sat Jul 18 07:00:01 AM CST 2026 ---
--- 任务开始: Sat Jul 18 07:10:01 AM CST 2026 ---
--- 任务结束: Sat Jul 18 07:10:01 AM CST 2026 ---
--- 任务开始: Sat Jul 18 07:20:01 AM CST 2026 ---
--- 任务结束: Sat Jul 18 07:20:01 AM CST 2026 ---
--- 任务开始: Sat Jul 18 07:30:01 AM CST 2026 ---
--- 任务结束: Sat Jul 18 07:30:01 AM CST 2026 ---
--- 任务开始: Sat Jul 18 07:40:01 AM CST 2026 ---
--- 任务结束: Sat Jul 18 07:40:01 AM CST 2026 ---
--- 任务开始: Sat Jul 18 07:50:01 AM CST 2026 ---
--- 任务结束: Sat Jul 18 07:50:01 AM CST 2026 ---
--- 任务开始: Sat Jul 18 08:00:01 AM CST 2026 ---
--- 任务结束: Sat Jul 18 08:00:01 AM CST 2026 ---
--- 任务开始: Sat Jul 18 08:10:01 AM CST 2026 ---
--- 任务结束: Sat Jul 18 08:10:01 AM CST 2026 ---
--- 任务开始: Sat Jul 18 08:20:01 AM CST 2026 ---
--- 任务结束: Sat Jul 18 08:20:01 AM CST 2026 ---
--- 任务开始: Sat Jul 18 08:30:01 AM CST 2026 ---
--- 任务结束: Sat Jul 18 08:30:01 AM CST 2026 ---
--- 任务开始: Sat Jul 18 08:40:01 AM CST 2026 ---
--- 任务结束: Sat Jul 18 08:40:01 AM CST 2026 ---
--- 任务开始: Sat Jul 18 08:50:01 AM CST 2026 ---
--- 任务结束: Sat Jul 18 08:50:01 AM CST 2026 ---
--- 任务开始: Sat Jul 18 09:00:01 AM CST 2026 ---
--- 任务结束: Sat Jul 18 09:00:01 AM CST 2026 ---
--- 任务开始: Sat Jul 18 09:10:01 AM CST 2026 ---
--- 任务结束: Sat Jul 18 09:10:01 AM CST 2026 ---
--- 任务开始: Sat Jul 18 09:20:01 AM CST 2026 ---
--- 任务结束: Sat Jul 18 09:20:01 AM CST 2026 ---
--- 任务开始: Sat Jul 18 09:30:01 AM CST 2026 ---
--- 任务结束: Sat Jul 18 09:30:01 AM CST 2026 ---
--- 任务开始: Sat Jul 18 09:40:01 AM CST 2026 ---
--- 任务结束: Sat Jul 18 09:40:01 AM CST 2026 ---
--- 任务开始: Sat Jul 18 09:50:01 AM CST 2026 ---
--- 任务结束: Sat Jul 18 09:50:01 AM CST 2026 ---
--- 任务开始: Sat Jul 18 10:00:01 AM CST 2026 ---
--- 任务结束: Sat Jul 18 10:00:01 AM CST 2026 ---
--- 任务开始: Sat Jul 18 10:10:01 AM CST 2026 ---
--- 任务结束: Sat Jul 18 10:10:01 AM CST 2026 ---
--- 任务开始: Sat Jul 18 10:20:01 AM CST 2026 ---
--- 任务结束: Sat Jul 18 10:20:01 AM CST 2026 ---
--- 任务开始: Sat Jul 18 10:30:01 AM CST 2026 ---
--- 任务结束: Sat Jul 18 10:30:01 AM CST 2026 ---
--- 任务开始: Sat Jul 18 10:40:01 AM CST 2026 ---
--- 任务结束: Sat Jul 18 10:40:01 AM CST 2026 ---
--- 任务开始: Sat Jul 18 10:50:01 AM CST 2026 ---
--- 任务结束: Sat Jul 18 10:50:01 AM CST 2026 ---
--- 任务开始: Sat Jul 18 11:00:01 AM CST 2026 ---
--- 任务结束: Sat Jul 18 11:00:01 AM CST 2026 ---
--- 任务开始: Sat Jul 18 11:10:01 AM CST 2026 ---
--- 任务结束: Sat Jul 18 11:10:01 AM CST 2026 ---
--- 任务开始: Sat Jul 18 11:20:01 AM CST 2026 ---
--- 任务结束: Sat Jul 18 11:20:01 AM CST 2026 ---
--- 任务开始: Sat Jul 18 11:30:01 AM CST 2026 ---
--- 任务结束: Sat Jul 18 11:30:01 AM CST 2026 ---
--- 任务开始: Sat Jul 18 11:40:01 AM CST 2026 ---
--- 任务结束: Sat Jul 18 11:40:01 AM CST 2026 ---
--- 任务开始: Sat Jul 18 11:50:01 AM CST 2026 ---
--- 任务结束: Sat Jul 18 11:50:01 AM CST 2026 ---
--- 任务开始: Sat Jul 18 12:00:01 PM CST 2026 ---
--- 任务结束: Sat Jul 18 12:00:01 PM CST 2026 ---
--- 任务开始: Sat Jul 18 12:10:01 PM CST 2026 ---
--- 任务结束: Sat Jul 18 12:10:01 PM CST 2026 ---
--- 任务开始: Sat Jul 18 12:20:01 PM CST 2026 ---
--- 任务结束: Sat Jul 18 12:20:01 PM CST 2026 ---
--- 任务开始: Sat Jul 18 12:30:01 PM CST 2026 ---
--- 任务结束: Sat Jul 18 12:30:01 PM CST 2026 ---
--- 任务开始: Sat Jul 18 12:40:01 PM CST 2026 ---
--- 任务结束: Sat Jul 18 12:40:01 PM CST 2026 ---
--- 任务开始: Sat Jul 18 12:50:01 PM CST 2026 ---
--- 任务结束: Sat Jul 18 12:50:01 PM CST 2026 ---
--- 任务开始: Sat Jul 18 01:00:01 PM CST 2026 ---
--- 任务结束: Sat Jul 18 01:00:01 PM CST 2026 ---
--- 任务开始: Sat Jul 18 01:10:01 PM CST 2026 ---
--- 任务结束: Sat Jul 18 01:10:01 PM CST 2026 ---
--- 任务开始: Sat Jul 18 01:20:01 PM CST 2026 ---
--- 任务结束: Sat Jul 18 01:20:01 PM CST 2026 ---
--- 任务开始: Sat Jul 18 01:30:01 PM CST 2026 ---
--- 任务结束: Sat Jul 18 01:30:01 PM CST 2026 ---
--- 任务开始: Sat Jul 18 01:40:01 PM CST 2026 ---
--- 任务结束: Sat Jul 18 01:40:01 PM CST 2026 ---
--- 任务开始: Sat Jul 18 01:50:01 PM CST 2026 ---
--- 任务结束: Sat Jul 18 01:50:01 PM CST 2026 ---
--- 任务开始: Sat Jul 18 02:00:01 PM CST 2026 ---
--- 任务结束: Sat Jul 18 02:00:01 PM CST 2026 ---
--- 任务开始: Sat Jul 18 02:10:01 PM CST 2026 ---
--- 任务结束: Sat Jul 18 02:10:01 PM CST 2026 ---
--- 任务开始: Sat Jul 18 02:20:01 PM CST 2026 ---
--- 任务结束: Sat Jul 18 02:20:01 PM CST 2026 ---
--- 任务开始: Sat Jul 18 02:30:01 PM CST 2026 ---
--- 任务结束: Sat Jul 18 02:30:01 PM CST 2026 ---
--- 任务开始: Sat Jul 18 02:40:01 PM CST 2026 ---
--- 任务结束: Sat Jul 18 02:40:01 PM CST 2026 ---
--- 任务开始: Sat Jul 18 02:50:01 PM CST 2026 ---
--- 任务结束: Sat Jul 18 02:50:01 PM CST 2026 ---
--- 任务开始: Sat Jul 18 03:00:01 PM CST 2026 ---
--- 任务结束: Sat Jul 18 03:00:01 PM CST 2026 ---
--- 任务开始: Sat Jul 18 03:10:01 PM CST 2026 ---
--- 任务结束: Sat Jul 18 03:10:01 PM CST 2026 ---
--- 任务开始: Sat Jul 18 03:20:01 PM CST 2026 ---
--- 任务结束: Sat Jul 18 03:20:01 PM CST 2026 ---
--- 任务开始: Sat Jul 18 03:30:01 PM CST 2026 ---
--- 任务结束: Sat Jul 18 03:30:01 PM CST 2026 ---
--- 任务开始: Sat Jul 18 03:40:01 PM CST 2026 ---
--- 任务结束: Sat Jul 18 03:40:01 PM CST 2026 ---
--- 任务开始: Sat Jul 18 03:50:01 PM CST 2026 ---
--- 任务结束: Sat Jul 18 03:50:01 PM CST 2026 ---
--- 任务开始: Sat Jul 18 04:00:01 PM CST 2026 ---
--- 任务结束: Sat Jul 18 04:00:01 PM CST 2026 ---
--- 任务开始: Sat Jul 18 04:10:01 PM CST 2026 ---
--- 任务结束: Sat Jul 18 04:10:01 PM CST 2026 ---
--- 任务开始: Sat Jul 18 04:20:01 PM CST 2026 ---
--- 任务结束: Sat Jul 18 04:20:01 PM CST 2026 ---
--- 任务开始: Sat Jul 18 04:30:01 PM CST 2026 ---
--- 任务结束: Sat Jul 18 04:30:01 PM CST 2026 ---
--- 任务开始: Sat Jul 18 04:40:01 PM CST 2026 ---
--- 任务结束: Sat Jul 18 04:40:01 PM CST 2026 ---
--- 任务开始: Sat Jul 18 04:50:01 PM CST 2026 ---
--- 任务结束: Sat Jul 18 04:50:01 PM CST 2026 ---
--- 任务开始: Sat Jul 18 05:00:01 PM CST 2026 ---
--- 任务结束: Sat Jul 18 05:00:01 PM CST 2026 ---
--- 任务开始: Sat Jul 18 05:10:01 PM CST 2026 ---
--- 任务结束: Sat Jul 18 05:10:01 PM CST 2026 ---
--- 任务开始: Sat Jul 18 05:20:01 PM CST 2026 ---
--- 任务结束: Sat Jul 18 05:20:01 PM CST 2026 ---
--- 任务开始: Sat Jul 18 05:30:01 PM CST 2026 ---
--- 任务结束: Sat Jul 18 05:30:01 PM CST 2026 ---
--- 任务开始: Sat Jul 18 05:40:01 PM CST 2026 ---
--- 任务结束: Sat Jul 18 05:40:01 PM CST 2026 ---
--- 任务开始: Sat Jul 18 05:50:01 PM CST 2026 ---
--- 任务结束: Sat Jul 18 05:50:01 PM CST 2026 ---
--- 任务开始: Sat Jul 18 06:00:01 PM CST 2026 ---
--- 任务结束: Sat Jul 18 06:00:01 PM CST 2026 ---
--- 任务开始: Sat Jul 18 06:10:01 PM CST 2026 ---
--- 任务结束: Sat Jul 18 06:10:01 PM CST 2026 ---
--- 任务开始: Sat Jul 18 06:20:01 PM CST 2026 ---
--- 任务结束: Sat Jul 18 06:20:01 PM CST 2026 ---
--- 任务开始: Sat Jul 18 06:30:01 PM CST 2026 ---
--- 任务结束: Sat Jul 18 06:30:01 PM CST 2026 ---
--- 任务开始: Sat Jul 18 06:40:01 PM CST 2026 ---
--- 任务结束: Sat Jul 18 06:40:01 PM CST 2026 ---
--- 任务开始: Sat Jul 18 06:50:01 PM CST 2026 ---
--- 任务结束: Sat Jul 18 06:51:31 PM CST 2026 ---
--- 任务开始: Sat Jul 18 07:00:01 PM CST 2026 ---
--- 任务结束: Sat Jul 18 07:00:01 PM CST 2026 ---
--- 任务开始: Sat Jul 18 07:10:01 PM CST 2026 ---
--- 任务结束: Sat Jul 18 07:10:01 PM CST 2026 ---
--- 任务开始: Sat Jul 18 07:20:01 PM CST 2026 ---
--- 任务结束: Sat Jul 18 07:20:01 PM CST 2026 ---
--- 任务开始: Sat Jul 18 07:30:01 PM CST 2026 ---
--- 任务结束: Sat Jul 18 07:30:02 PM CST 2026 ---
--- 任务开始: Sat Jul 18 07:40:01 PM CST 2026 ---
--- 任务结束: Sat Jul 18 07:40:01 PM CST 2026 ---
--- 任务开始: Sat Jul 18 07:50:01 PM CST 2026 ---
--- 任务结束: Sat Jul 18 07:50:01 PM CST 2026 ---
--- 任务开始: Sat Jul 18 08:00:01 PM CST 2026 ---
--- 任务结束: Sat Jul 18 08:00:01 PM CST 2026 ---
--- 任务开始: Sat Jul 18 08:10:01 PM CST 2026 ---
--- 任务结束: Sat Jul 18 08:10:01 PM CST 2026 ---
--- 任务开始: Sat Jul 18 08:20:01 PM CST 2026 ---
--- 任务结束: Sat Jul 18 08:20:01 PM CST 2026 ---
--- 任务开始: Sat Jul 18 08:30:01 PM CST 2026 ---
--- 任务结束: Sat Jul 18 08:30:01 PM CST 2026 ---
--- 任务开始: Sat Jul 18 08:40:01 PM CST 2026 ---
--- 任务结束: Sat Jul 18 08:40:01 PM CST 2026 ---
--- 任务开始: Sat Jul 18 08:50:01 PM CST 2026 ---
--- 任务结束: Sat Jul 18 08:50:01 PM CST 2026 ---
--- 任务开始: Sat Jul 18 09:00:01 PM CST 2026 ---
--- 任务结束: Sat Jul 18 09:00:01 PM CST 2026 ---
--- 任务开始: Sat Jul 18 09:10:01 PM CST 2026 ---
--- 任务结束: Sat Jul 18 09:10:01 PM CST 2026 ---
--- 任务开始: Sat Jul 18 09:20:01 PM CST 2026 ---
--- 任务结束: Sat Jul 18 09:20:01 PM CST 2026 ---
--- 任务开始: Sat Jul 18 09:30:01 PM CST 2026 ---
--- 任务结束: Sat Jul 18 09:30:01 PM CST 2026 ---
--- 任务开始: Sat Jul 18 09:40:01 PM CST 2026 ---
--- 任务结束: Sat Jul 18 09:40:01 PM CST 2026 ---
--- 任务开始: Sat Jul 18 09:50:01 PM CST 2026 ---
--- 任务结束: Sat Jul 18 09:50:01 PM CST 2026 ---
--- 任务开始: Sat Jul 18 10:00:01 PM CST 2026 ---
--- 任务结束: Sat Jul 18 10:00:01 PM CST 2026 ---
--- 任务开始: Sat Jul 18 10:10:01 PM CST 2026 ---
--- 任务结束: Sat Jul 18 10:10:01 PM CST 2026 ---
--- 任务开始: Sat Jul 18 10:20:01 PM CST 2026 ---
--- 任务结束: Sat Jul 18 10:20:01 PM CST 2026 ---
--- 任务开始: Sat Jul 18 10:30:01 PM CST 2026 ---
--- 任务结束: Sat Jul 18 10:30:01 PM CST 2026 ---
--- 任务开始: Sat Jul 18 10:40:01 PM CST 2026 ---
--- 任务结束: Sat Jul 18 10:40:01 PM CST 2026 ---
--- 任务开始: Sat Jul 18 10:50:02 PM CST 2026 ---
--- 任务结束: Sat Jul 18 10:50:02 PM CST 2026 ---
--- 任务开始: Sat Jul 18 11:00:01 PM CST 2026 ---
--- 任务结束: Sat Jul 18 11:00:01 PM CST 2026 ---
--- 任务开始: Sat Jul 18 11:10:01 PM CST 2026 ---
--- 任务结束: Sat Jul 18 11:10:01 PM CST 2026 ---
--- 任务开始: Sat Jul 18 11:20:01 PM CST 2026 ---
--- 任务结束: Sat Jul 18 11:20:01 PM CST 2026 ---
--- 任务开始: Sat Jul 18 11:30:01 PM CST 2026 ---
--- 任务结束: Sat Jul 18 11:30:01 PM CST 2026 ---
--- 任务开始: Sat Jul 18 11:40:01 PM CST 2026 ---
--- 任务结束: Sat Jul 18 11:40:01 PM CST 2026 ---
--- 任务开始: Sat Jul 18 11:50:01 PM CST 2026 ---
--- 任务结束: Sat Jul 18 11:50:01 PM CST 2026 ---
--- 任务开始: Sun Jul 19 12:00:01 AM CST 2026 ---
--- 任务结束: Sun Jul 19 12:00:01 AM CST 2026 ---
--- 任务开始: Sun Jul 19 12:10:01 AM CST 2026 ---
--- 任务结束: Sun Jul 19 12:10:01 AM CST 2026 ---
--- 任务开始: Sun Jul 19 12:20:01 AM CST 2026 ---
--- 任务结束: Sun Jul 19 12:20:01 AM CST 2026 ---
--- 任务开始: Sun Jul 19 12:30:02 AM CST 2026 ---
--- 任务结束: Sun Jul 19 12:30:02 AM CST 2026 ---
--- 任务开始: Sun Jul 19 12:40:01 AM CST 2026 ---
--- 任务结束: Sun Jul 19 12:40:01 AM CST 2026 ---
--- 任务开始: Sun Jul 19 12:50:01 AM CST 2026 ---
--- 任务结束: Sun Jul 19 12:50:01 AM CST 2026 ---
--- 任务开始: Sun Jul 19 01:00:01 AM CST 2026 ---
--- 任务结束: Sun Jul 19 01:00:01 AM CST 2026 ---
--- 任务开始: Sun Jul 19 01:10:01 AM CST 2026 ---
--- 任务结束: Sun Jul 19 01:10:01 AM CST 2026 ---
--- 任务开始: Sun Jul 19 01:20:01 AM CST 2026 ---
--- 任务结束: Sun Jul 19 01:20:01 AM CST 2026 ---
--- 任务开始: Sun Jul 19 01:30:01 AM CST 2026 ---
--- 任务结束: Sun Jul 19 01:30:01 AM CST 2026 ---
--- 任务开始: Sun Jul 19 01:40:01 AM CST 2026 ---
--- 任务结束: Sun Jul 19 01:40:01 AM CST 2026 ---
--- 任务开始: Sun Jul 19 01:50:01 AM CST 2026 ---
--- 任务结束: Sun Jul 19 01:50:01 AM CST 2026 ---
--- 任务开始: Sun Jul 19 02:00:01 AM CST 2026 ---
--- 任务结束: Sun Jul 19 02:00:01 AM CST 2026 ---
--- 任务开始: Sun Jul 19 02:10:01 AM CST 2026 ---
--- 任务结束: Sun Jul 19 02:10:01 AM CST 2026 ---
--- 任务开始: Sun Jul 19 02:20:01 AM CST 2026 ---
--- 任务结束: Sun Jul 19 02:20:01 AM CST 2026 ---
--- 任务开始: Sun Jul 19 02:30:01 AM CST 2026 ---
--- 任务结束: Sun Jul 19 02:30:01 AM CST 2026 ---
--- 任务开始: Sun Jul 19 02:40:01 AM CST 2026 ---
--- 任务结束: Sun Jul 19 02:40:01 AM CST 2026 ---
--- 任务开始: Sun Jul 19 02:50:01 AM CST 2026 ---
--- 任务结束: Sun Jul 19 02:50:01 AM CST 2026 ---
--- 任务开始: Sun Jul 19 03:00:01 AM CST 2026 ---
--- 任务结束: Sun Jul 19 03:00:01 AM CST 2026 ---
--- 任务开始: Sun Jul 19 03:10:01 AM CST 2026 ---
--- 任务结束: Sun Jul 19 03:10:01 AM CST 2026 ---
--- 任务开始: Sun Jul 19 03:20:01 AM CST 2026 ---
--- 任务结束: Sun Jul 19 03:20:01 AM CST 2026 ---
--- 任务开始: Sun Jul 19 03:30:01 AM CST 2026 ---
--- 任务结束: Sun Jul 19 03:30:01 AM CST 2026 ---
--- 任务开始: Sun Jul 19 03:40:01 AM CST 2026 ---
--- 任务结束: Sun Jul 19 03:40:01 AM CST 2026 ---
--- 任务开始: Sun Jul 19 03:50:01 AM CST 2026 ---
--- 任务结束: Sun Jul 19 03:50:01 AM CST 2026 ---
--- 任务开始: Sun Jul 19 04:00:01 AM CST 2026 ---
--- 任务结束: Sun Jul 19 04:00:01 AM CST 2026 ---
--- 任务开始: Sun Jul 19 04:10:01 AM CST 2026 ---
--- 任务结束: Sun Jul 19 04:10:01 AM CST 2026 ---
--- 任务开始: Sun Jul 19 04:20:01 AM CST 2026 ---
--- 任务结束: Sun Jul 19 04:20:01 AM CST 2026 ---
--- 任务开始: Sun Jul 19 04:30:01 AM CST 2026 ---
--- 任务结束: Sun Jul 19 04:30:01 AM CST 2026 ---
--- 任务开始: Sun Jul 19 04:40:01 AM CST 2026 ---
--- 任务结束: Sun Jul 19 04:40:01 AM CST 2026 ---
--- 任务开始: Sun Jul 19 04:50:01 AM CST 2026 ---
--- 任务结束: Sun Jul 19 04:50:01 AM CST 2026 ---
--- 任务开始: Sun Jul 19 05:00:01 AM CST 2026 ---
--- 任务结束: Sun Jul 19 05:00:01 AM CST 2026 ---
--- 任务开始: Sun Jul 19 05:10:01 AM CST 2026 ---
--- 任务结束: Sun Jul 19 05:10:01 AM CST 2026 ---
--- 任务开始: Sun Jul 19 05:20:01 AM CST 2026 ---
--- 任务结束: Sun Jul 19 05:20:01 AM CST 2026 ---
--- 任务开始: Sun Jul 19 05:30:01 AM CST 2026 ---
--- 任务结束: Sun Jul 19 05:30:01 AM CST 2026 ---
--- 任务开始: Sun Jul 19 05:40:01 AM CST 2026 ---
--- 任务结束: Sun Jul 19 05:40:01 AM CST 2026 ---
--- 任务开始: Sun Jul 19 05:50:01 AM CST 2026 ---
--- 任务结束: Sun Jul 19 05:50:01 AM CST 2026 ---
--- 任务开始: Sun Jul 19 06:00:01 AM CST 2026 ---
--- 任务结束: Sun Jul 19 06:00:01 AM CST 2026 ---
--- 任务开始: Sun Jul 19 06:10:01 AM CST 2026 ---
--- 任务结束: Sun Jul 19 06:10:01 AM CST 2026 ---
--- 任务开始: Sun Jul 19 06:20:01 AM CST 2026 ---
--- 任务结束: Sun Jul 19 06:20:01 AM CST 2026 ---
--- 任务开始: Sun Jul 19 06:30:01 AM CST 2026 ---
--- 任务结束: Sun Jul 19 06:30:01 AM CST 2026 ---
--- 任务开始: Sun Jul 19 06:40:01 AM CST 2026 ---
--- 任务结束: Sun Jul 19 06:40:01 AM CST 2026 ---
--- 任务开始: Sun Jul 19 06:50:01 AM CST 2026 ---
--- 任务结束: Sun Jul 19 06:50:01 AM CST 2026 ---
--- 任务开始: Sun Jul 19 07:00:01 AM CST 2026 ---
--- 任务结束: Sun Jul 19 07:00:01 AM CST 2026 ---
--- 任务开始: Sun Jul 19 07:10:01 AM CST 2026 ---
--- 任务结束: Sun Jul 19 07:10:01 AM CST 2026 ---
--- 任务开始: Sun Jul 19 07:20:01 AM CST 2026 ---
--- 任务结束: Sun Jul 19 07:20:01 AM CST 2026 ---
--- 任务开始: Sun Jul 19 07:30:01 AM CST 2026 ---
--- 任务结束: Sun Jul 19 07:30:01 AM CST 2026 ---
--- 任务开始: Sun Jul 19 07:40:01 AM CST 2026 ---
--- 任务结束: Sun Jul 19 07:40:01 AM CST 2026 ---
--- 任务开始: Sun Jul 19 07:50:01 AM CST 2026 ---
--- 任务结束: Sun Jul 19 07:50:01 AM CST 2026 ---
--- 任务开始: Sun Jul 19 08:00:01 AM CST 2026 ---
--- 任务结束: Sun Jul 19 08:00:01 AM CST 2026 ---
--- 任务开始: Sun Jul 19 08:10:01 AM CST 2026 ---
--- 任务结束: Sun Jul 19 08:10:01 AM CST 2026 ---
--- 任务开始: Sun Jul 19 08:20:01 AM CST 2026 ---
--- 任务结束: Sun Jul 19 08:20:01 AM CST 2026 ---
--- 任务开始: Sun Jul 19 08:30:01 AM CST 2026 ---
--- 任务结束: Sun Jul 19 08:30:01 AM CST 2026 ---
--- 任务开始: Sun Jul 19 08:40:01 AM CST 2026 ---
--- 任务结束: Sun Jul 19 08:40:01 AM CST 2026 ---
--- 任务开始: Sun Jul 19 08:50:01 AM CST 2026 ---
--- 任务结束: Sun Jul 19 08:50:01 AM CST 2026 ---
--- 任务开始: Sun Jul 19 09:00:01 AM CST 2026 ---
--- 任务结束: Sun Jul 19 09:00:01 AM CST 2026 ---
--- 任务开始: Sun Jul 19 09:10:01 AM CST 2026 ---
--- 任务结束: Sun Jul 19 09:10:01 AM CST 2026 ---
--- 任务开始: Sun Jul 19 09:20:01 AM CST 2026 ---
--- 任务结束: Sun Jul 19 09:20:01 AM CST 2026 ---
--- 任务开始: Sun Jul 19 09:30:01 AM CST 2026 ---
--- 任务结束: Sun Jul 19 09:30:01 AM CST 2026 ---
--- 任务开始: Sun Jul 19 09:40:01 AM CST 2026 ---
--- 任务结束: Sun Jul 19 09:40:01 AM CST 2026 ---
--- 任务开始: Sun Jul 19 09:50:01 AM CST 2026 ---
--- 任务结束: Sun Jul 19 09:50:01 AM CST 2026 ---
--- 任务开始: Sun Jul 19 10:00:01 AM CST 2026 ---
--- 任务结束: Sun Jul 19 10:00:01 AM CST 2026 ---
--- 任务开始: Sun Jul 19 10:10:01 AM CST 2026 ---
--- 任务结束: Sun Jul 19 10:10:01 AM CST 2026 ---
--- 任务开始: Sun Jul 19 10:20:01 AM CST 2026 ---
--- 任务结束: Sun Jul 19 10:20:01 AM CST 2026 ---
--- 任务开始: Sun Jul 19 10:30:01 AM CST 2026 ---
--- 任务结束: Sun Jul 19 10:30:01 AM CST 2026 ---
--- 任务开始: Sun Jul 19 10:40:01 AM CST 2026 ---
--- 任务结束: Sun Jul 19 10:40:01 AM CST 2026 ---
--- 任务开始: Sun Jul 19 10:50:01 AM CST 2026 ---
--- 任务结束: Sun Jul 19 10:50:01 AM CST 2026 ---
--- 任务开始: Sun Jul 19 11:00:01 AM CST 2026 ---
--- 任务结束: Sun Jul 19 11:00:01 AM CST 2026 ---
--- 任务开始: Sun Jul 19 11:10:01 AM CST 2026 ---
--- 任务结束: Sun Jul 19 11:10:01 AM CST 2026 ---
--- 任务开始: Sun Jul 19 11:20:01 AM CST 2026 ---
--- 任务结束: Sun Jul 19 11:20:01 AM CST 2026 ---
--- 任务开始: Sun Jul 19 11:30:02 AM CST 2026 ---
--- 任务结束: Sun Jul 19 11:30:02 AM CST 2026 ---
--- 任务开始: Sun Jul 19 11:40:01 AM CST 2026 ---
--- 任务结束: Sun Jul 19 11:40:01 AM CST 2026 ---
--- 任务开始: Sun Jul 19 11:50:01 AM CST 2026 ---
--- 任务结束: Sun Jul 19 11:50:01 AM CST 2026 ---
--- 任务开始: Sun Jul 19 12:00:01 PM CST 2026 ---
--- 任务结束: Sun Jul 19 12:00:01 PM CST 2026 ---
--- 任务开始: Sun Jul 19 12:10:01 PM CST 2026 ---
--- 任务结束: Sun Jul 19 12:10:01 PM CST 2026 ---
--- 任务开始: Sun Jul 19 12:20:01 PM CST 2026 ---
--- 任务结束: Sun Jul 19 12:20:01 PM CST 2026 ---
--- 任务开始: Sun Jul 19 12:30:01 PM CST 2026 ---
--- 任务结束: Sun Jul 19 12:30:01 PM CST 2026 ---
--- 任务开始: Sun Jul 19 12:40:01 PM CST 2026 ---
--- 任务结束: Sun Jul 19 12:40:01 PM CST 2026 ---
--- 任务开始: Sun Jul 19 12:50:01 PM CST 2026 ---
--- 任务结束: Sun Jul 19 12:50:01 PM CST 2026 ---
--- 任务开始: Sun Jul 19 01:00:01 PM CST 2026 ---
--- 任务结束: Sun Jul 19 01:00:01 PM CST 2026 ---
--- 任务开始: Sun Jul 19 01:10:01 PM CST 2026 ---
--- 任务结束: Sun Jul 19 01:10:01 PM CST 2026 ---
--- 任务开始: Sun Jul 19 01:20:01 PM CST 2026 ---
--- 任务结束: Sun Jul 19 01:20:01 PM CST 2026 ---
--- 任务开始: Sun Jul 19 01:30:01 PM CST 2026 ---
--- 任务结束: Sun Jul 19 01:30:01 PM CST 2026 ---
--- 任务开始: Sun Jul 19 01:40:01 PM CST 2026 ---
--- 任务结束: Sun Jul 19 01:40:01 PM CST 2026 ---
--- 任务开始: Sun Jul 19 01:50:01 PM CST 2026 ---
--- 任务结束: Sun Jul 19 01:50:01 PM CST 2026 ---
--- 任务开始: Sun Jul 19 02:00:01 PM CST 2026 ---
--- 任务结束: Sun Jul 19 02:00:01 PM CST 2026 ---
--- 任务开始: Sun Jul 19 02:10:01 PM CST 2026 ---
--- 任务结束: Sun Jul 19 02:10:01 PM CST 2026 ---
--- 任务开始: Sun Jul 19 02:20:01 PM CST 2026 ---
--- 任务结束: Sun Jul 19 02:20:01 PM CST 2026 ---
--- 任务开始: Sun Jul 19 02:30:01 PM CST 2026 ---
--- 任务结束: Sun Jul 19 02:30:01 PM CST 2026 ---
--- 任务开始: Sun Jul 19 02:40:01 PM CST 2026 ---
--- 任务结束: Sun Jul 19 02:40:01 PM CST 2026 ---
--- 任务开始: Sun Jul 19 02:50:01 PM CST 2026 ---
--- 任务结束: Sun Jul 19 02:50:01 PM CST 2026 ---
--- 任务开始: Sun Jul 19 03:00:01 PM CST 2026 ---
--- 任务结束: Sun Jul 19 03:00:01 PM CST 2026 ---
--- 任务开始: Sun Jul 19 03:10:01 PM CST 2026 ---
--- 任务结束: Sun Jul 19 03:10:01 PM CST 2026 ---
--- 任务开始: Sun Jul 19 03:20:01 PM CST 2026 ---
--- 任务结束: Sun Jul 19 03:20:01 PM CST 2026 ---
--- 任务开始: Sun Jul 19 03:30:01 PM CST 2026 ---
--- 任务结束: Sun Jul 19 03:30:01 PM CST 2026 ---
--- 任务开始: Sun Jul 19 03:40:01 PM CST 2026 ---
--- 任务结束: Sun Jul 19 03:40:01 PM CST 2026 ---
--- 任务开始: Sun Jul 19 03:50:01 PM CST 2026 ---
--- 任务结束: Sun Jul 19 03:50:01 PM CST 2026 ---
--- 任务开始: Sun Jul 19 04:00:01 PM CST 2026 ---
--- 任务结束: Sun Jul 19 04:00:01 PM CST 2026 ---
--- 任务开始: Sun Jul 19 04:10:01 PM CST 2026 ---
--- 任务结束: Sun Jul 19 04:10:01 PM CST 2026 ---
--- 任务开始: Sun Jul 19 04:20:01 PM CST 2026 ---
--- 任务结束: Sun Jul 19 04:20:01 PM CST 2026 ---
--- 任务开始: Sun Jul 19 04:30:01 PM CST 2026 ---
--- 任务结束: Sun Jul 19 04:30:01 PM CST 2026 ---
--- 任务开始: Sun Jul 19 04:40:01 PM CST 2026 ---
--- 任务结束: Sun Jul 19 04:40:01 PM CST 2026 ---
--- 任务开始: Sun Jul 19 04:50:01 PM CST 2026 ---
--- 任务结束: Sun Jul 19 04:50:01 PM CST 2026 ---
--- 任务开始: Sun Jul 19 05:00:01 PM CST 2026 ---
--- 任务结束: Sun Jul 19 05:00:01 PM CST 2026 ---
--- 任务开始: Sun Jul 19 05:10:01 PM CST 2026 ---
--- 任务结束: Sun Jul 19 05:10:01 PM CST 2026 ---
--- 任务开始: Sun Jul 19 05:20:01 PM CST 2026 ---
--- 任务结束: Sun Jul 19 05:20:01 PM CST 2026 ---
--- 任务开始: Sun Jul 19 05:30:01 PM CST 2026 ---
--- 任务结束: Sun Jul 19 05:30:01 PM CST 2026 ---
--- 任务开始: Sun Jul 19 05:40:01 PM CST 2026 ---
--- 任务结束: Sun Jul 19 05:40:01 PM CST 2026 ---
--- 任务开始: Sun Jul 19 05:50:01 PM CST 2026 ---
--- 任务结束: Sun Jul 19 05:50:01 PM CST 2026 ---
--- 任务开始: Sun Jul 19 06:00:01 PM CST 2026 ---
--- 任务结束: Sun Jul 19 06:00:01 PM CST 2026 ---
--- 任务开始: Sun Jul 19 06:10:01 PM CST 2026 ---
--- 任务结束: Sun Jul 19 06:10:01 PM CST 2026 ---
--- 任务开始: Sun Jul 19 06:20:01 PM CST 2026 ---
--- 任务结束: Sun Jul 19 06:20:01 PM CST 2026 ---
--- 任务开始: Sun Jul 19 06:30:01 PM CST 2026 ---
--- 任务结束: Sun Jul 19 06:30:01 PM CST 2026 ---
--- 任务开始: Sun Jul 19 06:40:01 PM CST 2026 ---
--- 任务结束: Sun Jul 19 06:40:01 PM CST 2026 ---
--- 任务开始: Sun Jul 19 06:50:01 PM CST 2026 ---
--- 任务结束: Sun Jul 19 06:50:01 PM CST 2026 ---
--- 任务开始: Sun Jul 19 07:00:01 PM CST 2026 ---
--- 任务结束: Sun Jul 19 07:00:01 PM CST 2026 ---
--- 任务开始: Sun Jul 19 07:10:01 PM CST 2026 ---
--- 任务结束: Sun Jul 19 07:10:01 PM CST 2026 ---
--- 任务开始: Sun Jul 19 07:20:01 PM CST 2026 ---
--- 任务结束: Sun Jul 19 07:20:01 PM CST 2026 ---
--- 任务开始: Sun Jul 19 07:30:01 PM CST 2026 ---
--- 任务结束: Sun Jul 19 07:30:01 PM CST 2026 ---
--- 任务开始: Sun Jul 19 07:40:01 PM CST 2026 ---
--- 任务结束: Sun Jul 19 07:40:01 PM CST 2026 ---
--- 任务开始: Sun Jul 19 07:50:01 PM CST 2026 ---
--- 任务结束: Sun Jul 19 07:50:01 PM CST 2026 ---
--- 任务开始: Sun Jul 19 08:00:01 PM CST 2026 ---
--- 任务结束: Sun Jul 19 08:00:01 PM CST 2026 ---
--- 任务开始: Sun Jul 19 08:10:01 PM CST 2026 ---
--- 任务结束: Sun Jul 19 08:10:01 PM CST 2026 ---
--- 任务开始: Sun Jul 19 08:20:01 PM CST 2026 ---
--- 任务结束: Sun Jul 19 08:20:01 PM CST 2026 ---
--- 任务开始: Sun Jul 19 08:30:01 PM CST 2026 ---
--- 任务结束: Sun Jul 19 08:30:02 PM CST 2026 ---
--- 任务开始: Sun Jul 19 08:40:01 PM CST 2026 ---
--- 任务结束: Sun Jul 19 08:40:52 PM CST 2026 ---
--- 任务开始: Sun Jul 19 08:50:01 PM CST 2026 ---
--- 任务结束: Sun Jul 19 08:50:01 PM CST 2026 ---
--- 任务开始: Sun Jul 19 09:00:01 PM CST 2026 ---
--- 任务结束: Sun Jul 19 09:00:01 PM CST 2026 ---
--- 任务开始: Sun Jul 19 09:10:01 PM CST 2026 ---
--- 任务结束: Sun Jul 19 09:11:41 PM CST 2026 ---
--- 任务开始: Sun Jul 19 09:20:01 PM CST 2026 ---
--- 任务结束: Sun Jul 19 09:20:01 PM CST 2026 ---
--- 任务开始: Sun Jul 19 09:30:02 PM CST 2026 ---
--- 任务结束: Sun Jul 19 09:30:02 PM CST 2026 ---
--- 任务开始: Sun Jul 19 09:40:01 PM CST 2026 ---
--- 任务结束: Sun Jul 19 09:41:42 PM CST 2026 ---
--- 任务开始: Sun Jul 19 09:50:01 PM CST 2026 ---
--- 任务结束: Sun Jul 19 09:50:01 PM CST 2026 ---
--- 任务开始: Sun Jul 19 10:00:01 PM CST 2026 ---
--- 任务结束: Sun Jul 19 10:01:02 PM CST 2026 ---
--- 任务开始: Sun Jul 19 10:10:01 PM CST 2026 ---
--- 任务结束: Sun Jul 19 10:10:01 PM CST 2026 ---
--- 任务开始: Sun Jul 19 10:20:01 PM CST 2026 ---
--- 任务结束: Sun Jul 19 10:20:01 PM CST 2026 ---
--- 任务开始: Sun Jul 19 10:30:01 PM CST 2026 ---
--- 任务结束: Sun Jul 19 10:30:01 PM CST 2026 ---
--- 任务开始: Sun Jul 19 10:40:01 PM CST 2026 ---
--- 任务结束: Sun Jul 19 10:40:01 PM CST 2026 ---
--- 任务开始: Sun Jul 19 10:50:01 PM CST 2026 ---
--- 任务结束: Sun Jul 19 10:50:01 PM CST 2026 ---
--- 任务开始: Sun Jul 19 11:00:01 PM CST 2026 ---
--- 任务结束: Sun Jul 19 11:00:01 PM CST 2026 ---
--- 任务开始: Sun Jul 19 11:10:01 PM CST 2026 ---
--- 任务结束: Sun Jul 19 11:10:01 PM CST 2026 ---
--- 任务开始: Sun Jul 19 11:20:01 PM CST 2026 ---
--- 任务结束: Sun Jul 19 11:20:01 PM CST 2026 ---
--- 任务开始: Sun Jul 19 11:30:01 PM CST 2026 ---
--- 任务结束: Sun Jul 19 11:30:01 PM CST 2026 ---
--- 任务开始: Sun Jul 19 11:40:01 PM CST 2026 ---
--- 任务结束: Sun Jul 19 11:40:01 PM CST 2026 ---
--- 任务开始: Sun Jul 19 11:50:02 PM CST 2026 ---
--- 任务结束: Sun Jul 19 11:50:02 PM CST 2026 ---
--- 任务开始: Mon Jul 20 12:00:01 AM CST 2026 ---
--- 任务结束: Mon Jul 20 12:00:01 AM CST 2026 ---
--- 任务开始: Mon Jul 20 12:10:01 AM CST 2026 ---
--- 任务结束: Mon Jul 20 12:10:01 AM CST 2026 ---
--- 任务开始: Mon Jul 20 12:20:01 AM CST 2026 ---
--- 任务结束: Mon Jul 20 12:20:01 AM CST 2026 ---
--- 任务开始: Mon Jul 20 12:30:01 AM CST 2026 ---
--- 任务结束: Mon Jul 20 12:30:01 AM CST 2026 ---
--- 任务开始: Mon Jul 20 12:40:01 AM CST 2026 ---
--- 任务结束: Mon Jul 20 12:40:01 AM CST 2026 ---
--- 任务开始: Mon Jul 20 12:50:01 AM CST 2026 ---
--- 任务结束: Mon Jul 20 12:50:01 AM CST 2026 ---
--- 任务开始: Mon Jul 20 01:00:01 AM CST 2026 ---
--- 任务结束: Mon Jul 20 01:00:01 AM CST 2026 ---
--- 任务开始: Mon Jul 20 01:10:01 AM CST 2026 ---
--- 任务结束: Mon Jul 20 01:10:01 AM CST 2026 ---
--- 任务开始: Mon Jul 20 01:20:01 AM CST 2026 ---
--- 任务结束: Mon Jul 20 01:20:01 AM CST 2026 ---
--- 任务开始: Mon Jul 20 01:30:01 AM CST 2026 ---
--- 任务结束: Mon Jul 20 01:30:01 AM CST 2026 ---
--- 任务开始: Mon Jul 20 01:40:01 AM CST 2026 ---
--- 任务结束: Mon Jul 20 01:40:01 AM CST 2026 ---
--- 任务开始: Mon Jul 20 01:50:01 AM CST 2026 ---
--- 任务结束: Mon Jul 20 01:50:01 AM CST 2026 ---
--- 任务开始: Mon Jul 20 02:00:01 AM CST 2026 ---
--- 任务结束: Mon Jul 20 02:00:01 AM CST 2026 ---
--- 任务开始: Mon Jul 20 02:10:01 AM CST 2026 ---
--- 任务结束: Mon Jul 20 02:10:01 AM CST 2026 ---
--- 任务开始: Mon Jul 20 02:20:01 AM CST 2026 ---
--- 任务结束: Mon Jul 20 02:20:01 AM CST 2026 ---
--- 任务开始: Mon Jul 20 02:30:01 AM CST 2026 ---
--- 任务结束: Mon Jul 20 02:30:01 AM CST 2026 ---
--- 任务开始: Mon Jul 20 02:40:01 AM CST 2026 ---
--- 任务结束: Mon Jul 20 02:40:01 AM CST 2026 ---
--- 任务开始: Mon Jul 20 02:50:01 AM CST 2026 ---
--- 任务结束: Mon Jul 20 02:50:01 AM CST 2026 ---
--- 任务开始: Mon Jul 20 03:00:01 AM CST 2026 ---
--- 任务结束: Mon Jul 20 03:00:01 AM CST 2026 ---
--- 任务开始: Mon Jul 20 03:10:01 AM CST 2026 ---
--- 任务结束: Mon Jul 20 03:10:01 AM CST 2026 ---
--- 任务开始: Mon Jul 20 03:20:01 AM CST 2026 ---
--- 任务结束: Mon Jul 20 03:20:01 AM CST 2026 ---
--- 任务开始: Mon Jul 20 03:30:01 AM CST 2026 ---
--- 任务结束: Mon Jul 20 03:30:01 AM CST 2026 ---
--- 任务开始: Mon Jul 20 03:40:01 AM CST 2026 ---
--- 任务结束: Mon Jul 20 03:40:01 AM CST 2026 ---
--- 任务开始: Mon Jul 20 03:50:01 AM CST 2026 ---
--- 任务结束: Mon Jul 20 03:50:01 AM CST 2026 ---
--- 任务开始: Mon Jul 20 04:00:01 AM CST 2026 ---
--- 任务结束: Mon Jul 20 04:00:01 AM CST 2026 ---
--- 任务开始: Mon Jul 20 04:10:01 AM CST 2026 ---
--- 任务结束: Mon Jul 20 04:10:01 AM CST 2026 ---
--- 任务开始: Mon Jul 20 04:20:01 AM CST 2026 ---
--- 任务结束: Mon Jul 20 04:20:01 AM CST 2026 ---
--- 任务开始: Mon Jul 20 04:30:01 AM CST 2026 ---
--- 任务结束: Mon Jul 20 04:30:01 AM CST 2026 ---
--- 任务开始: Mon Jul 20 04:40:01 AM CST 2026 ---
--- 任务结束: Mon Jul 20 04:40:01 AM CST 2026 ---
--- 任务开始: Mon Jul 20 04:50:01 AM CST 2026 ---
--- 任务结束: Mon Jul 20 04:50:01 AM CST 2026 ---
--- 任务开始: Mon Jul 20 05:00:01 AM CST 2026 ---
--- 任务结束: Mon Jul 20 05:00:01 AM CST 2026 ---
--- 任务开始: Mon Jul 20 05:10:01 AM CST 2026 ---
--- 任务结束: Mon Jul 20 05:10:01 AM CST 2026 ---
--- 任务开始: Mon Jul 20 05:20:01 AM CST 2026 ---
--- 任务结束: Mon Jul 20 05:20:01 AM CST 2026 ---
--- 任务开始: Mon Jul 20 05:30:01 AM CST 2026 ---
--- 任务结束: Mon Jul 20 05:30:01 AM CST 2026 ---
--- 任务开始: Mon Jul 20 05:40:01 AM CST 2026 ---
--- 任务结束: Mon Jul 20 05:40:01 AM CST 2026 ---
--- 任务开始: Mon Jul 20 05:50:01 AM CST 2026 ---
--- 任务结束: Mon Jul 20 05:50:01 AM CST 2026 ---
--- 任务开始: Mon Jul 20 06:00:01 AM CST 2026 ---
--- 任务结束: Mon Jul 20 06:00:01 AM CST 2026 ---
--- 任务开始: Mon Jul 20 06:10:01 AM CST 2026 ---
--- 任务结束: Mon Jul 20 06:10:01 AM CST 2026 ---
--- 任务开始: Mon Jul 20 06:20:01 AM CST 2026 ---
--- 任务结束: Mon Jul 20 06:20:01 AM CST 2026 ---
--- 任务开始: Mon Jul 20 06:30:01 AM CST 2026 ---
--- 任务结束: Mon Jul 20 06:30:01 AM CST 2026 ---
--- 任务开始: Mon Jul 20 06:40:01 AM CST 2026 ---
--- 任务结束: Mon Jul 20 06:40:01 AM CST 2026 ---
--- 任务开始: Mon Jul 20 06:50:01 AM CST 2026 ---
--- 任务结束: Mon Jul 20 06:50:01 AM CST 2026 ---
--- 任务开始: Mon Jul 20 07:00:01 AM CST 2026 ---
--- 任务结束: Mon Jul 20 07:00:01 AM CST 2026 ---
--- 任务开始: Mon Jul 20 07:10:01 AM CST 2026 ---
--- 任务结束: Mon Jul 20 07:10:01 AM CST 2026 ---
--- 任务开始: Mon Jul 20 07:20:01 AM CST 2026 ---
--- 任务结束: Mon Jul 20 07:20:01 AM CST 2026 ---
--- 任务开始: Mon Jul 20 07:30:01 AM CST 2026 ---
--- 任务结束: Mon Jul 20 07:30:01 AM CST 2026 ---
--- 任务开始: Mon Jul 20 07:40:01 AM CST 2026 ---
--- 任务结束: Mon Jul 20 07:40:01 AM CST 2026 ---
--- 任务开始: Mon Jul 20 07:50:01 AM CST 2026 ---
--- 任务结束: Mon Jul 20 07:50:01 AM CST 2026 ---
--- 任务开始: Mon Jul 20 08:00:01 AM CST 2026 ---
--- 任务结束: Mon Jul 20 08:00:01 AM CST 2026 ---
--- 任务开始: Mon Jul 20 08:10:01 AM CST 2026 ---
--- 任务结束: Mon Jul 20 08:10:01 AM CST 2026 ---
--- 任务开始: Mon Jul 20 08:20:02 AM CST 2026 ---
--- 任务结束: Mon Jul 20 08:20:02 AM CST 2026 ---
--- 任务开始: Mon Jul 20 08:30:01 AM CST 2026 ---
--- 任务结束: Mon Jul 20 08:30:01 AM CST 2026 ---
--- 任务开始: Mon Jul 20 08:40:01 AM CST 2026 ---
--- 任务结束: Mon Jul 20 08:40:01 AM CST 2026 ---
--- 任务开始: Mon Jul 20 08:50:01 AM CST 2026 ---
--- 任务结束: Mon Jul 20 08:50:01 AM CST 2026 ---
--- 任务开始: Mon Jul 20 09:00:01 AM CST 2026 ---
--- 任务结束: Mon Jul 20 09:00:01 AM CST 2026 ---
--- 任务开始: Mon Jul 20 09:10:01 AM CST 2026 ---
--- 任务结束: Mon Jul 20 09:10:01 AM CST 2026 ---
--- 任务开始: Mon Jul 20 09:20:01 AM CST 2026 ---
--- 任务结束: Mon Jul 20 09:20:01 AM CST 2026 ---
--- 任务开始: Mon Jul 20 09:30:01 AM CST 2026 ---
--- 任务结束: Mon Jul 20 09:30:01 AM CST 2026 ---
--- 任务开始: Mon Jul 20 09:40:01 AM CST 2026 ---
--- 任务结束: Mon Jul 20 09:40:01 AM CST 2026 ---
--- 任务开始: Mon Jul 20 09:50:01 AM CST 2026 ---
--- 任务结束: Mon Jul 20 09:50:01 AM CST 2026 ---
--- 任务开始: Mon Jul 20 10:00:02 AM CST 2026 ---
--- 任务结束: Mon Jul 20 10:00:02 AM CST 2026 ---
--- 任务开始: Mon Jul 20 10:10:01 AM CST 2026 ---
--- 任务结束: Mon Jul 20 10:10:01 AM CST 2026 ---
--- 任务开始: Mon Jul 20 10:20:01 AM CST 2026 ---
--- 任务结束: Mon Jul 20 10:20:01 AM CST 2026 ---
--- 任务开始: Mon Jul 20 10:30:01 AM CST 2026 ---
--- 任务结束: Mon Jul 20 10:30:01 AM CST 2026 ---
--- 任务开始: Mon Jul 20 10:40:01 AM CST 2026 ---
--- 任务结束: Mon Jul 20 10:40:01 AM CST 2026 ---
--- 任务开始: Mon Jul 20 10:50:01 AM CST 2026 ---
--- 任务结束: Mon Jul 20 10:50:01 AM CST 2026 ---
--- 任务开始: Mon Jul 20 11:00:01 AM CST 2026 ---
--- 任务结束: Mon Jul 20 11:00:01 AM CST 2026 ---
--- 任务开始: Mon Jul 20 11:10:01 AM CST 2026 ---
--- 任务结束: Mon Jul 20 11:10:01 AM CST 2026 ---
--- 任务开始: Mon Jul 20 11:20:01 AM CST 2026 ---
--- 任务结束: Mon Jul 20 11:20:01 AM CST 2026 ---
--- 任务开始: Mon Jul 20 11:30:01 AM CST 2026 ---
--- 任务结束: Mon Jul 20 11:30:01 AM CST 2026 ---
--- 任务开始: Mon Jul 20 11:40:02 AM CST 2026 ---
--- 任务结束: Mon Jul 20 11:40:02 AM CST 2026 ---
--- 任务开始: Mon Jul 20 11:50:01 AM CST 2026 ---
--- 任务结束: Mon Jul 20 11:50:01 AM CST 2026 ---
--- 任务开始: Mon Jul 20 12:00:01 PM CST 2026 ---
--- 任务结束: Mon Jul 20 12:00:01 PM CST 2026 ---
--- 任务开始: Mon Jul 20 12:10:01 PM CST 2026 ---
--- 任务结束: Mon Jul 20 12:10:01 PM CST 2026 ---
--- 任务开始: Mon Jul 20 12:20:01 PM CST 2026 ---
--- 任务结束: Mon Jul 20 12:20:01 PM CST 2026 ---
--- 任务开始: Mon Jul 20 12:30:01 PM CST 2026 ---
--- 任务结束: Mon Jul 20 12:30:01 PM CST 2026 ---
--- 任务开始: Mon Jul 20 12:40:01 PM CST 2026 ---
--- 任务结束: Mon Jul 20 12:40:01 PM CST 2026 ---
--- 任务开始: Mon Jul 20 12:50:01 PM CST 2026 ---
--- 任务结束: Mon Jul 20 12:50:01 PM CST 2026 ---
--- 任务开始: Mon Jul 20 01:00:01 PM CST 2026 ---
--- 任务结束: Mon Jul 20 01:00:01 PM CST 2026 ---
--- 任务开始: Mon Jul 20 01:10:01 PM CST 2026 ---
--- 任务结束: Mon Jul 20 01:10:01 PM CST 2026 ---
--- 任务开始: Mon Jul 20 01:20:02 PM CST 2026 ---
--- 任务结束: Mon Jul 20 01:20:02 PM CST 2026 ---
--- 任务开始: Mon Jul 20 01:30:01 PM CST 2026 ---
--- 任务结束: Mon Jul 20 01:30:01 PM CST 2026 ---
--- 任务开始: Mon Jul 20 01:40:01 PM CST 2026 ---
--- 任务结束: Mon Jul 20 01:40:01 PM CST 2026 ---
--- 任务开始: Mon Jul 20 01:50:01 PM CST 2026 ---
--- 任务结束: Mon Jul 20 01:50:01 PM CST 2026 ---
--- 任务开始: Mon Jul 20 02:00:01 PM CST 2026 ---
--- 任务结束: Mon Jul 20 02:00:01 PM CST 2026 ---
--- 任务开始: Mon Jul 20 02:10:01 PM CST 2026 ---
--- 任务结束: Mon Jul 20 02:10:01 PM CST 2026 ---
--- 任务开始: Mon Jul 20 02:20:01 PM CST 2026 ---
--- 任务结束: Mon Jul 20 02:20:01 PM CST 2026 ---
--- 任务开始: Mon Jul 20 02:30:01 PM CST 2026 ---
--- 任务结束: Mon Jul 20 02:30:01 PM CST 2026 ---
--- 任务开始: Mon Jul 20 02:40:01 PM CST 2026 ---
--- 任务结束: Mon Jul 20 02:40:01 PM CST 2026 ---
--- 任务开始: Mon Jul 20 02:50:01 PM CST 2026 ---
--- 任务结束: Mon Jul 20 02:50:01 PM CST 2026 ---
--- 任务开始: Mon Jul 20 03:00:01 PM CST 2026 ---
--- 任务结束: Mon Jul 20 03:00:02 PM CST 2026 ---
--- 任务开始: Mon Jul 20 03:10:01 PM CST 2026 ---
--- 任务结束: Mon Jul 20 03:10:01 PM CST 2026 ---
--- 任务开始: Mon Jul 20 03:20:01 PM CST 2026 ---
--- 任务结束: Mon Jul 20 03:20:01 PM CST 2026 ---
--- 任务开始: Mon Jul 20 03:30:01 PM CST 2026 ---
--- 任务结束: Mon Jul 20 03:30:01 PM CST 2026 ---
--- 任务开始: Mon Jul 20 03:40:01 PM CST 2026 ---
--- 任务结束: Mon Jul 20 03:40:01 PM CST 2026 ---
--- 任务开始: Mon Jul 20 03:50:01 PM CST 2026 ---
--- 任务结束: Mon Jul 20 03:50:01 PM CST 2026 ---
--- 任务开始: Mon Jul 20 04:00:01 PM CST 2026 ---
--- 任务结束: Mon Jul 20 04:00:01 PM CST 2026 ---
--- 任务开始: Mon Jul 20 04:10:01 PM CST 2026 ---
--- 任务结束: Mon Jul 20 04:10:01 PM CST 2026 ---
--- 任务开始: Mon Jul 20 04:20:01 PM CST 2026 ---
--- 任务结束: Mon Jul 20 04:20:01 PM CST 2026 ---
--- 任务开始: Mon Jul 20 04:30:01 PM CST 2026 ---
--- 任务结束: Mon Jul 20 04:30:01 PM CST 2026 ---
--- 任务开始: Mon Jul 20 04:40:01 PM CST 2026 ---
--- 任务结束: Mon Jul 20 04:40:01 PM CST 2026 ---
--- 任务开始: Mon Jul 20 04:50:01 PM CST 2026 ---
--- 任务结束: Mon Jul 20 04:50:01 PM CST 2026 ---
--- 任务开始: Mon Jul 20 05:00:01 PM CST 2026 ---
--- 任务结束: Mon Jul 20 05:00:01 PM CST 2026 ---
--- 任务开始: Mon Jul 20 05:10:01 PM CST 2026 ---
--- 任务结束: Mon Jul 20 05:10:01 PM CST 2026 ---
--- 任务开始: Mon Jul 20 05:20:01 PM CST 2026 ---
--- 任务结束: Mon Jul 20 05:20:01 PM CST 2026 ---
--- 任务开始: Mon Jul 20 05:30:01 PM CST 2026 ---
--- 任务结束: Mon Jul 20 05:30:01 PM CST 2026 ---
--- 任务开始: Mon Jul 20 05:40:01 PM CST 2026 ---
--- 任务结束: Mon Jul 20 05:40:01 PM CST 2026 ---
--- 任务开始: Mon Jul 20 05:50:01 PM CST 2026 ---
--- 任务结束: Mon Jul 20 05:50:01 PM CST 2026 ---
--- 任务开始: Mon Jul 20 06:00:01 PM CST 2026 ---
--- 任务结束: Mon Jul 20 06:00:01 PM CST 2026 ---
--- 任务开始: Mon Jul 20 06:10:01 PM CST 2026 ---
--- 任务结束: Mon Jul 20 06:10:01 PM CST 2026 ---
--- 任务开始: Mon Jul 20 06:20:01 PM CST 2026 ---
--- 任务结束: Mon Jul 20 06:20:01 PM CST 2026 ---
--- 任务开始: Mon Jul 20 06:30:01 PM CST 2026 ---
--- 任务结束: Mon Jul 20 06:30:01 PM CST 2026 ---
--- 任务开始: Mon Jul 20 06:40:01 PM CST 2026 ---
--- 任务结束: Mon Jul 20 06:40:01 PM CST 2026 ---
--- 任务开始: Mon Jul 20 06:50:01 PM CST 2026 ---
--- 任务结束: Mon Jul 20 06:50:01 PM CST 2026 ---
--- 任务开始: Mon Jul 20 07:00:01 PM CST 2026 ---
--- 任务结束: Mon Jul 20 07:00:01 PM CST 2026 ---
--- 任务开始: Mon Jul 20 07:10:01 PM CST 2026 ---
--- 任务结束: Mon Jul 20 07:10:01 PM CST 2026 ---
--- 任务开始: Mon Jul 20 07:20:01 PM CST 2026 ---
--- 任务结束: Mon Jul 20 07:20:01 PM CST 2026 ---
--- 任务开始: Mon Jul 20 07:30:01 PM CST 2026 ---
--- 任务结束: Mon Jul 20 07:30:01 PM CST 2026 ---
--- 任务开始: Mon Jul 20 07:40:01 PM CST 2026 ---
--- 任务结束: Mon Jul 20 07:40:01 PM CST 2026 ---
--- 任务开始: Mon Jul 20 07:50:01 PM CST 2026 ---
--- 任务结束: Mon Jul 20 07:50:01 PM CST 2026 ---
--- 任务开始: Mon Jul 20 08:00:01 PM CST 2026 ---
--- 任务结束: Mon Jul 20 08:00:01 PM CST 2026 ---
--- 任务开始: Mon Jul 20 08:10:01 PM CST 2026 ---
--- 任务结束: Mon Jul 20 08:10:01 PM CST 2026 ---
--- 任务开始: Mon Jul 20 08:20:01 PM CST 2026 ---
--- 任务结束: Mon Jul 20 08:20:01 PM CST 2026 ---
--- 任务开始: Mon Jul 20 08:30:01 PM CST 2026 ---
--- 任务结束: Mon Jul 20 08:30:01 PM CST 2026 ---
--- 任务开始: Mon Jul 20 08:40:01 PM CST 2026 ---
--- 任务结束: Mon Jul 20 08:40:01 PM CST 2026 ---
--- 任务开始: Mon Jul 20 08:50:01 PM CST 2026 ---
--- 任务结束: Mon Jul 20 08:50:01 PM CST 2026 ---
--- 任务开始: Mon Jul 20 09:00:01 PM CST 2026 ---
--- 任务结束: Mon Jul 20 09:00:01 PM CST 2026 ---
--- 任务开始: Mon Jul 20 09:10:01 PM CST 2026 ---
--- 任务结束: Mon Jul 20 09:10:01 PM CST 2026 ---
--- 任务开始: Mon Jul 20 09:20:01 PM CST 2026 ---
--- 任务结束: Mon Jul 20 09:20:01 PM CST 2026 ---
--- 任务开始: Mon Jul 20 09:30:01 PM CST 2026 ---
--- 任务结束: Mon Jul 20 09:30:01 PM CST 2026 ---
--- 任务开始: Mon Jul 20 09:40:02 PM CST 2026 ---
--- 任务结束: Mon Jul 20 09:40:02 PM CST 2026 ---
--- 任务开始: Mon Jul 20 09:50:01 PM CST 2026 ---
--- 任务结束: Mon Jul 20 09:50:01 PM CST 2026 ---
--- 任务开始: Mon Jul 20 10:00:01 PM CST 2026 ---
--- 任务结束: Mon Jul 20 10:00:01 PM CST 2026 ---
--- 任务开始: Mon Jul 20 10:10:01 PM CST 2026 ---
--- 任务结束: Mon Jul 20 10:10:01 PM CST 2026 ---
--- 任务开始: Mon Jul 20 10:20:01 PM CST 2026 ---
--- 任务结束: Mon Jul 20 10:20:01 PM CST 2026 ---
--- 任务开始: Mon Jul 20 10:30:01 PM CST 2026 ---
--- 任务结束: Mon Jul 20 10:30:01 PM CST 2026 ---
--- 任务开始: Mon Jul 20 10:40:01 PM CST 2026 ---
--- 任务结束: Mon Jul 20 10:40:01 PM CST 2026 ---
--- 任务开始: Mon Jul 20 10:50:01 PM CST 2026 ---
--- 任务结束: Mon Jul 20 10:50:01 PM CST 2026 ---
--- 任务开始: Mon Jul 20 11:00:01 PM CST 2026 ---
--- 任务结束: Mon Jul 20 11:00:01 PM CST 2026 ---
--- 任务开始: Mon Jul 20 11:10:01 PM CST 2026 ---
--- 任务结束: Mon Jul 20 11:10:02 PM CST 2026 ---
--- 任务开始: Mon Jul 20 11:20:01 PM CST 2026 ---
--- 任务结束: Mon Jul 20 11:20:01 PM CST 2026 ---
--- 任务开始: Mon Jul 20 11:30:01 PM CST 2026 ---
2026-07-20_22-50/斌的解析_2026-07-20_22-53-29_000.ts: No such file or directory
--- 任务开始: Mon Jul 20 11:40:01 PM CST 2026 ---
cp: './converted/斌的解析/2026-07-20_22-50/斌的解析_2026-07-20_22-53-29_001.mp3' and './converted/斌的解析/2026-07-20_22-50/斌的解析_2026-07-20_22-53-29_001.mp3' are the same file
cp: './converted/斌的解析/2026-07-20_22-50/斌的解析_2026-07-20_22-50-31_000.mp3' and './converted/斌的解析/2026-07-20_22-50/斌的解析_2026-07-20_22-50-31_000.mp3' are the same file
cp: './converted/斌的解析/2026-07-20_22-50/斌的解析_2026-07-20_22-50-31_001.mp3' and './converted/斌的解析/2026-07-20_22-50/斌的解析_2026-07-20_22-50-31_001.mp3' are the same file
--- 任务结束: Mon Jul 20 11:42:39 PM CST 2026 ---
--- 任务开始: Mon Jul 20 11:50:01 PM CST 2026 ---
/home/ubuntu/DouyinLiveRecorder-main/upload_baidu.sh: line 12: msmtp: command not found
--- 任务结束: Mon Jul 20 11:50:02 PM CST 2026 ---
--- 任务开始: Tue Jul 21 12:00:01 AM CST 2026 ---
--- 任务结束: Tue Jul 21 12:00:01 AM CST 2026 ---
--- 任务开始: Tue Jul 21 12:10:01 AM CST 2026 ---
--- 任务结束: Tue Jul 21 12:11:38 AM CST 2026 ---
--- 任务开始: Tue Jul 21 12:20:01 AM CST 2026 ---
--- 任务结束: Tue Jul 21 12:20:01 AM CST 2026 ---
--- 任务开始: Tue Jul 21 12:30:01 AM CST 2026 ---
--- 任务结束: Tue Jul 21 12:30:01 AM CST 2026 ---
--- 任务开始: Tue Jul 21 12:40:01 AM CST 2026 ---
cp: cannot stat '': No such file or directory
--- 任务结束: Tue Jul 21 12:41:29 AM CST 2026 ---
--- 任务开始: Tue Jul 21 12:50:01 AM CST 2026 ---
--- 任务结束: Tue Jul 21 12:52:00 AM CST 2026 ---
--- 任务开始: Tue Jul 21 01:00:01 AM CST 2026 ---
--- 任务结束: Tue Jul 21 01:00:01 AM CST 2026 ---
--- 任务开始: Tue Jul 21 01:10:01 AM CST 2026 ---
--- 任务结束: Tue Jul 21 01:12:22 AM CST 2026 ---
--- 任务开始: Tue Jul 21 01:20:01 AM CST 2026 ---
--- 任务结束: Tue Jul 21 01:20:59 AM CST 2026 ---
--- 任务开始: Tue Jul 21 01:30:01 AM CST 2026 ---
--- 任务结束: Tue Jul 21 01:30:01 AM CST 2026 ---
--- 任务开始: Tue Jul 21 01:40:01 AM CST 2026 ---
--- 任务结束: Tue Jul 21 01:42:22 AM CST 2026 ---
--- 任务开始: Tue Jul 21 01:50:01 AM CST 2026 ---
--- 任务结束: Tue Jul 21 01:50:58 AM CST 2026 ---
--- 任务开始: Tue Jul 21 02:00:01 AM CST 2026 ---
--- 任务结束: Tue Jul 21 02:00:02 AM CST 2026 ---
--- 任务开始: Tue Jul 21 02:10:01 AM CST 2026 ---
--- 任务结束: Tue Jul 21 02:11:51 AM CST 2026 ---
--- 任务开始: Tue Jul 21 02:20:01 AM CST 2026 ---
--- 任务结束: Tue Jul 21 02:20:39 AM CST 2026 ---
--- 任务开始: Tue Jul 21 02:30:01 AM CST 2026 ---
--- 任务结束: Tue Jul 21 02:30:01 AM CST 2026 ---
--- 任务开始: Tue Jul 21 02:40:01 AM CST 2026 ---
--- 任务结束: Tue Jul 21 02:40:01 AM CST 2026 ---
--- 任务开始: Tue Jul 21 02:50:01 AM CST 2026 ---
--- 任务结束: Tue Jul 21 02:50:01 AM CST 2026 ---
--- 任务开始: Tue Jul 21 03:00:01 AM CST 2026 ---
--- 任务结束: Tue Jul 21 03:00:01 AM CST 2026 ---
--- 任务开始: Tue Jul 21 03:10:01 AM CST 2026 ---
--- 任务结束: Tue Jul 21 03:10:01 AM CST 2026 ---
--- 任务开始: Tue Jul 21 03:20:01 AM CST 2026 ---
--- 任务结束: Tue Jul 21 03:20:01 AM CST 2026 ---
--- 任务开始: Tue Jul 21 03:30:01 AM CST 2026 ---
--- 任务结束: Tue Jul 21 03:30:01 AM CST 2026 ---
--- 任务开始: Tue Jul 21 03:40:01 AM CST 2026 ---
--- 任务结束: Tue Jul 21 03:40:01 AM CST 2026 ---
--- 任务开始: Tue Jul 21 03:50:01 AM CST 2026 ---
--- 任务结束: Tue Jul 21 03:50:01 AM CST 2026 ---
--- 任务开始: Tue Jul 21 04:00:01 AM CST 2026 ---
--- 任务结束: Tue Jul 21 04:00:01 AM CST 2026 ---
--- 任务开始: Tue Jul 21 04:10:01 AM CST 2026 ---
--- 任务结束: Tue Jul 21 04:10:01 AM CST 2026 ---
--- 任务开始: Tue Jul 21 04:20:01 AM CST 2026 ---
--- 任务结束: Tue Jul 21 04:20:01 AM CST 2026 ---
--- 任务开始: Tue Jul 21 04:30:01 AM CST 2026 ---
--- 任务结束: Tue Jul 21 04:30:01 AM CST 2026 ---
--- 任务开始: Tue Jul 21 04:40:01 AM CST 2026 ---
--- 任务结束: Tue Jul 21 04:40:01 AM CST 2026 ---
--- 任务开始: Tue Jul 21 04:50:01 AM CST 2026 ---
--- 任务结束: Tue Jul 21 04:50:01 AM CST 2026 ---
--- 任务开始: Tue Jul 21 05:00:01 AM CST 2026 ---
--- 任务结束: Tue Jul 21 05:00:01 AM CST 2026 ---
--- 任务开始: Tue Jul 21 05:10:02 AM CST 2026 ---
--- 任务结束: Tue Jul 21 05:10:02 AM CST 2026 ---
--- 任务开始: Tue Jul 21 05:20:01 AM CST 2026 ---
--- 任务结束: Tue Jul 21 05:20:01 AM CST 2026 ---
--- 任务开始: Tue Jul 21 05:30:01 AM CST 2026 ---
--- 任务结束: Tue Jul 21 05:30:01 AM CST 2026 ---
--- 任务开始: Tue Jul 21 05:40:01 AM CST 2026 ---
--- 任务结束: Tue Jul 21 05:40:01 AM CST 2026 ---
--- 任务开始: Tue Jul 21 05:50:01 AM CST 2026 ---
--- 任务结束: Tue Jul 21 05:50:01 AM CST 2026 ---
--- 任务开始: Tue Jul 21 06:00:01 AM CST 2026 ---
--- 任务结束: Tue Jul 21 06:00:01 AM CST 2026 ---
--- 任务开始: Tue Jul 21 06:10:01 AM CST 2026 ---
--- 任务结束: Tue Jul 21 06:10:01 AM CST 2026 ---
--- 任务开始: Tue Jul 21 06:20:01 AM CST 2026 ---
--- 任务结束: Tue Jul 21 06:20:01 AM CST 2026 ---
--- 任务开始: Tue Jul 21 06:30:01 AM CST 2026 ---
--- 任务结束: Tue Jul 21 06:30:01 AM CST 2026 ---
--- 任务开始: Tue Jul 21 06:40:01 AM CST 2026 ---
--- 任务结束: Tue Jul 21 06:40:01 AM CST 2026 ---
--- 任务开始: Tue Jul 21 06:50:01 AM CST 2026 ---
--- 任务结束: Tue Jul 21 06:50:01 AM CST 2026 ---
--- 任务开始: Tue Jul 21 07:00:01 AM CST 2026 ---
--- 任务结束: Tue Jul 21 07:00:01 AM CST 2026 ---
--- 任务开始: Tue Jul 21 07:10:01 AM CST 2026 ---
--- 任务结束: Tue Jul 21 07:10:01 AM CST 2026 ---
--- 任务开始: Tue Jul 21 07:20:01 AM CST 2026 ---
--- 任务结束: Tue Jul 21 07:20:01 AM CST 2026 ---
--- 任务开始: Tue Jul 21 07:30:01 AM CST 2026 ---
--- 任务结束: Tue Jul 21 07:30:01 AM CST 2026 ---
--- 任务开始: Tue Jul 21 07:40:01 AM CST 2026 ---
--- 任务结束: Tue Jul 21 07:40:01 AM CST 2026 ---
--- 任务开始: Tue Jul 21 07:50:01 AM CST 2026 ---
--- 任务结束: Tue Jul 21 07:50:01 AM CST 2026 ---
--- 任务开始: Tue Jul 21 08:00:01 AM CST 2026 ---
--- 任务结束: Tue Jul 21 08:00:01 AM CST 2026 ---
--- 任务开始: Tue Jul 21 08:10:01 AM CST 2026 ---
--- 任务结束: Tue Jul 21 08:10:01 AM CST 2026 ---
--- 任务开始: Tue Jul 21 08:20:01 AM CST 2026 ---
--- 任务结束: Tue Jul 21 08:20:01 AM CST 2026 ---
--- 任务开始: Tue Jul 21 08:30:01 AM CST 2026 ---
--- 任务结束: Tue Jul 21 08:30:01 AM CST 2026 ---
--- 任务开始: Tue Jul 21 08:40:01 AM CST 2026 ---
--- 任务结束: Tue Jul 21 08:40:01 AM CST 2026 ---
--- 任务开始: Tue Jul 21 08:50:01 AM CST 2026 ---
--- 任务结束: Tue Jul 21 08:50:01 AM CST 2026 ---
--- 任务开始: Tue Jul 21 09:00:01 AM CST 2026 ---
--- 任务结束: Tue Jul 21 09:00:01 AM CST 2026 ---
--- 任务开始: Tue Jul 21 09:10:01 AM CST 2026 ---
--- 任务结束: Tue Jul 21 09:10:01 AM CST 2026 ---
--- 任务开始: Tue Jul 21 09:20:01 AM CST 2026 ---
--- 任务结束: Tue Jul 21 09:20:01 AM CST 2026 ---
--- 任务开始: Tue Jul 21 09:30:01 AM CST 2026 ---
--- 任务结束: Tue Jul 21 09:30:01 AM CST 2026 ---
--- 任务开始: Tue Jul 21 09:40:01 AM CST 2026 ---
--- 任务结束: Tue Jul 21 09:40:01 AM CST 2026 ---
--- 任务开始: Tue Jul 21 09:50:01 AM CST 2026 ---
--- 任务结束: Tue Jul 21 09:50:01 AM CST 2026 ---
--- 任务开始: Tue Jul 21 10:00:01 AM CST 2026 ---
--- 任务结束: Tue Jul 21 10:00:01 AM CST 2026 ---
--- 任务开始: Tue Jul 21 10:10:02 AM CST 2026 ---
--- 任务结束: Tue Jul 21 10:10:02 AM CST 2026 ---
--- 任务开始: Tue Jul 21 10:20:01 AM CST 2026 ---
--- 任务结束: Tue Jul 21 10:20:01 AM CST 2026 ---
--- 任务开始: Tue Jul 21 10:30:01 AM CST 2026 ---
--- 任务结束: Tue Jul 21 10:30:01 AM CST 2026 ---
--- 任务开始: Tue Jul 21 10:40:01 AM CST 2026 ---
--- 任务结束: Tue Jul 21 10:40:01 AM CST 2026 ---
--- 任务开始: Tue Jul 21 10:50:01 AM CST 2026 ---
--- 任务结束: Tue Jul 21 10:50:01 AM CST 2026 ---
--- 任务开始: Tue Jul 21 11:00:01 AM CST 2026 ---
--- 任务结束: Tue Jul 21 11:00:01 AM CST 2026 ---
--- 任务开始: Tue Jul 21 11:10:01 AM CST 2026 ---
--- 任务结束: Tue Jul 21 11:10:01 AM CST 2026 ---
--- 任务开始: Tue Jul 21 11:20:01 AM CST 2026 ---
--- 任务结束: Tue Jul 21 11:20:01 AM CST 2026 ---
--- 任务开始: Tue Jul 21 11:30:01 AM CST 2026 ---
--- 任务结束: Tue Jul 21 11:30:01 AM CST 2026 ---
--- 任务开始: Tue Jul 21 11:40:02 AM CST 2026 ---
--- 任务结束: Tue Jul 21 11:40:02 AM CST 2026 ---
--- 任务开始: Tue Jul 21 11:50:01 AM CST 2026 ---
--- 任务结束: Tue Jul 21 11:50:01 AM CST 2026 ---
--- 任务开始: Tue Jul 21 12:00:01 PM CST 2026 ---
--- 任务结束: Tue Jul 21 12:00:01 PM CST 2026 ---
--- 任务开始: Tue Jul 21 12:10:01 PM CST 2026 ---
--- 任务结束: Tue Jul 21 12:10:01 PM CST 2026 ---
--- 任务开始: Tue Jul 21 12:20:01 PM CST 2026 ---
--- 任务结束: Tue Jul 21 12:20:01 PM CST 2026 ---
--- 任务开始: Tue Jul 21 12:30:01 PM CST 2026 ---
--- 任务结束: Tue Jul 21 12:30:01 PM CST 2026 ---
--- 任务开始: Tue Jul 21 12:40:01 PM CST 2026 ---
--- 任务结束: Tue Jul 21 12:40:01 PM CST 2026 ---
--- 任务开始: Tue Jul 21 12:50:01 PM CST 2026 ---
--- 任务结束: Tue Jul 21 12:50:01 PM CST 2026 ---
--- 任务开始: Tue Jul 21 01:00:01 PM CST 2026 ---
--- 任务结束: Tue Jul 21 01:00:01 PM CST 2026 ---
--- 任务开始: Tue Jul 21 01:10:01 PM CST 2026 ---
--- 任务结束: Tue Jul 21 01:10:01 PM CST 2026 ---
--- 任务开始: Tue Jul 21 01:20:01 PM CST 2026 ---
--- 任务结束: Tue Jul 21 01:20:01 PM CST 2026 ---
--- 任务开始: Tue Jul 21 01:30:01 PM CST 2026 ---
--- 任务结束: Tue Jul 21 01:30:01 PM CST 2026 ---
--- 任务开始: Tue Jul 21 01:40:01 PM CST 2026 ---
--- 任务结束: Tue Jul 21 01:40:01 PM CST 2026 ---
--- 任务开始: Tue Jul 21 01:50:01 PM CST 2026 ---
--- 任务结束: Tue Jul 21 01:50:01 PM CST 2026 ---
--- 任务开始: Tue Jul 21 02:00:01 PM CST 2026 ---
--- 任务结束: Tue Jul 21 02:00:01 PM CST 2026 ---
--- 任务开始: Tue Jul 21 02:10:01 PM CST 2026 ---
--- 任务结束: Tue Jul 21 02:10:01 PM CST 2026 ---
--- 任务开始: Tue Jul 21 02:20:01 PM CST 2026 ---
--- 任务结束: Tue Jul 21 02:20:01 PM CST 2026 ---
--- 任务开始: Tue Jul 21 02:30:01 PM CST 2026 ---
--- 任务结束: Tue Jul 21 02:30:01 PM CST 2026 ---
--- 任务开始: Tue Jul 21 02:40:01 PM CST 2026 ---
--- 任务结束: Tue Jul 21 02:40:01 PM CST 2026 ---
--- 任务开始: Tue Jul 21 02:50:01 PM CST 2026 ---
--- 任务结束: Tue Jul 21 02:50:01 PM CST 2026 ---
--- 任务开始: Tue Jul 21 03:00:01 PM CST 2026 ---
--- 任务结束: Tue Jul 21 03:00:01 PM CST 2026 ---
--- 任务开始: Tue Jul 21 03:10:01 PM CST 2026 ---
--- 任务结束: Tue Jul 21 03:10:01 PM CST 2026 ---
--- 任务开始: Tue Jul 21 03:20:01 PM CST 2026 ---
--- 任务结束: Tue Jul 21 03:20:01 PM CST 2026 ---
--- 任务开始: Tue Jul 21 03:30:01 PM CST 2026 ---
--- 任务结束: Tue Jul 21 03:30:01 PM CST 2026 ---
--- 任务开始: Tue Jul 21 03:40:01 PM CST 2026 ---
--- 任务结束: Tue Jul 21 03:40:01 PM CST 2026 ---
--- 任务开始: Tue Jul 21 03:50:01 PM CST 2026 ---
--- 任务结束: Tue Jul 21 03:50:01 PM CST 2026 ---
--- 任务开始: Tue Jul 21 04:00:01 PM CST 2026 ---
--- 任务结束: Tue Jul 21 04:00:01 PM CST 2026 ---
--- 任务开始: Tue Jul 21 04:10:01 PM CST 2026 ---
--- 任务结束: Tue Jul 21 04:10:01 PM CST 2026 ---
--- 任务开始: Tue Jul 21 04:20:01 PM CST 2026 ---
--- 任务结束: Tue Jul 21 04:20:01 PM CST 2026 ---
--- 任务开始: Tue Jul 21 04:30:02 PM CST 2026 ---
--- 任务结束: Tue Jul 21 04:30:02 PM CST 2026 ---
--- 任务开始: Tue Jul 21 04:40:01 PM CST 2026 ---
--- 任务结束: Tue Jul 21 04:40:01 PM CST 2026 ---
--- 任务开始: Tue Jul 21 04:50:01 PM CST 2026 ---
--- 任务结束: Tue Jul 21 04:50:01 PM CST 2026 ---
--- 任务开始: Tue Jul 21 05:00:01 PM CST 2026 ---
--- 任务结束: Tue Jul 21 05:00:01 PM CST 2026 ---
--- 任务开始: Tue Jul 21 05:10:01 PM CST 2026 ---
--- 任务结束: Tue Jul 21 05:10:01 PM CST 2026 ---
--- 任务开始: Tue Jul 21 05:20:01 PM CST 2026 ---
--- 任务结束: Tue Jul 21 05:20:01 PM CST 2026 ---
--- 任务开始: Tue Jul 21 05:30:01 PM CST 2026 ---
--- 任务结束: Tue Jul 21 05:30:01 PM CST 2026 ---
--- 任务开始: Tue Jul 21 05:40:01 PM CST 2026 ---
--- 任务结束: Tue Jul 21 05:40:01 PM CST 2026 ---
--- 任务开始: Tue Jul 21 05:50:01 PM CST 2026 ---
--- 任务结束: Tue Jul 21 05:50:01 PM CST 2026 ---
--- 任务开始: Tue Jul 21 06:00:01 PM CST 2026 ---
--- 任务结束: Tue Jul 21 06:00:02 PM CST 2026 ---
--- 任务开始: Tue Jul 21 06:10:01 PM CST 2026 ---
--- 任务结束: Tue Jul 21 06:10:01 PM CST 2026 ---
--- 任务开始: Tue Jul 21 06:20:01 PM CST 2026 ---
--- 任务结束: Tue Jul 21 06:20:01 PM CST 2026 ---
--- 任务开始: Tue Jul 21 06:30:01 PM CST 2026 ---
--- 任务结束: Tue Jul 21 06:30:01 PM CST 2026 ---
--- 任务开始: Tue Jul 21 06:40:01 PM CST 2026 ---
--- 任务结束: Tue Jul 21 06:40:01 PM CST 2026 ---
--- 任务开始: Tue Jul 21 06:50:01 PM CST 2026 ---
--- 任务结束: Tue Jul 21 06:50:01 PM CST 2026 ---
--- 任务开始: Tue Jul 21 07:00:01 PM CST 2026 ---
--- 任务结束: Tue Jul 21 07:00:01 PM CST 2026 ---
--- 任务开始: Tue Jul 21 07:10:01 PM CST 2026 ---
--- 任务结束: Tue Jul 21 07:10:01 PM CST 2026 ---
--- 任务开始: Tue Jul 21 07:20:01 PM CST 2026 ---
--- 任务结束: Tue Jul 21 07:20:01 PM CST 2026 ---
--- 任务开始: Tue Jul 21 07:30:01 PM CST 2026 ---
--- 任务结束: Tue Jul 21 07:30:01 PM CST 2026 ---
--- 任务开始: Tue Jul 21 07:40:01 PM CST 2026 ---
--- 任务结束: Tue Jul 21 07:40:01 PM CST 2026 ---
--- 任务开始: Tue Jul 21 07:50:01 PM CST 2026 ---
--- 任务结束: Tue Jul 21 07:50:01 PM CST 2026 ---
--- 任务开始: Tue Jul 21 08:00:01 PM CST 2026 ---
--- 任务结束: Tue Jul 21 08:00:01 PM CST 2026 ---
--- 任务开始: Tue Jul 21 08:10:01 PM CST 2026 ---
--- 任务结束: Tue Jul 21 08:10:01 PM CST 2026 ---
--- 任务开始: Tue Jul 21 08:20:01 PM CST 2026 ---
--- 任务结束: Tue Jul 21 08:20:01 PM CST 2026 ---
--- 任务开始: Tue Jul 21 08:30:01 PM CST 2026 ---
--- 任务结束: Tue Jul 21 08:30:01 PM CST 2026 ---
--- 任务开始: Tue Jul 21 08:40:01 PM CST 2026 ---
--- 任务结束: Tue Jul 21 08:40:01 PM CST 2026 ---
--- 任务开始: Tue Jul 21 08:50:01 PM CST 2026 ---
--- 任务结束: Tue Jul 21 08:50:01 PM CST 2026 ---
--- 任务开始: Tue Jul 21 09:00:01 PM CST 2026 ---
--- 任务结束: Tue Jul 21 09:00:01 PM CST 2026 ---
--- 任务开始: Tue Jul 21 09:10:02 PM CST 2026 ---
--- 任务结束: Tue Jul 21 09:10:02 PM CST 2026 ---
--- 任务开始: Tue Jul 21 09:20:01 PM CST 2026 ---
--- 任务结束: Tue Jul 21 09:20:01 PM CST 2026 ---
--- 任务开始: Tue Jul 21 09:30:01 PM CST 2026 ---
--- 任务结束: Tue Jul 21 09:30:01 PM CST 2026 ---
--- 任务开始: Tue Jul 21 09:40:01 PM CST 2026 ---
--- 任务结束: Tue Jul 21 09:40:01 PM CST 2026 ---
--- 任务开始: Tue Jul 21 09:50:01 PM CST 2026 ---
--- 任务结束: Tue Jul 21 09:50:01 PM CST 2026 ---
--- 任务开始: Tue Jul 21 10:00:01 PM CST 2026 ---
--- 任务结束: Tue Jul 21 10:00:01 PM CST 2026 ---
--- 任务开始: Tue Jul 21 10:10:01 PM CST 2026 ---
--- 任务结束: Tue Jul 21 10:10:01 PM CST 2026 ---
--- 任务开始: Tue Jul 21 10:20:01 PM CST 2026 ---
--- 任务结束: Tue Jul 21 10:20:01 PM CST 2026 ---
--- 任务开始: Tue Jul 21 10:30:01 PM CST 2026 ---
--- 任务结束: Tue Jul 21 10:30:01 PM CST 2026 ---
--- 任务开始: Tue Jul 21 10:40:01 PM CST 2026 ---
--- 任务结束: Tue Jul 21 10:40:01 PM CST 2026 ---
--- 任务开始: Tue Jul 21 10:50:01 PM CST 2026 ---
--- 任务结束: Tue Jul 21 10:50:01 PM CST 2026 ---
--- 任务开始: Tue Jul 21 11:00:01 PM CST 2026 ---
--- 任务结束: Tue Jul 21 11:00:01 PM CST 2026 ---
--- 任务开始: Tue Jul 21 11:10:01 PM CST 2026 ---
--- 任务结束: Tue Jul 21 11:10:01 PM CST 2026 ---
--- 任务开始: Tue Jul 21 11:20:01 PM CST 2026 ---
--- 任务结束: Tue Jul 21 11:20:01 PM CST 2026 ---
--- 任务开始: Tue Jul 21 11:30:01 PM CST 2026 ---
--- 任务结束: Tue Jul 21 11:30:01 PM CST 2026 ---
--- 任务开始: Tue Jul 21 11:40:01 PM CST 2026 ---
--- 任务结束: Tue Jul 21 11:40:01 PM CST 2026 ---
--- 任务开始: Tue Jul 21 11:50:01 PM CST 2026 ---
--- 任务结束: Tue Jul 21 11:50:01 PM CST 2026 ---
--- 任务开始: Wed Jul 22 12:00:01 AM CST 2026 ---
--- 任务结束: Wed Jul 22 12:00:01 AM CST 2026 ---
--- 任务开始: Wed Jul 22 12:10:01 AM CST 2026 ---
--- 任务结束: Wed Jul 22 12:10:01 AM CST 2026 ---
--- 任务开始: Wed Jul 22 12:20:01 AM CST 2026 ---
--- 任务结束: Wed Jul 22 12:20:02 AM CST 2026 ---
--- 任务开始: Wed Jul 22 12:30:01 AM CST 2026 ---
--- 任务结束: Wed Jul 22 12:30:01 AM CST 2026 ---
--- 任务开始: Wed Jul 22 12:40:01 AM CST 2026 ---
--- 任务结束: Wed Jul 22 12:40:58 AM CST 2026 ---
--- 任务开始: Wed Jul 22 12:50:01 AM CST 2026 ---
--- 任务结束: Wed Jul 22 12:50:01 AM CST 2026 ---
--- 任务开始: Wed Jul 22 01:00:02 AM CST 2026 ---
--- 任务结束: Wed Jul 22 01:00:02 AM CST 2026 ---
--- 任务开始: Wed Jul 22 01:10:01 AM CST 2026 ---
--- 任务结束: Wed Jul 22 01:11:00 AM CST 2026 ---
--- 任务开始: Wed Jul 22 01:20:01 AM CST 2026 ---
--- 任务结束: Wed Jul 22 01:20:01 AM CST 2026 ---
--- 任务开始: Wed Jul 22 01:30:01 AM CST 2026 ---
--- 任务结束: Wed Jul 22 01:30:01 AM CST 2026 ---
--- 任务开始: Wed Jul 22 01:40:01 AM CST 2026 ---
--- 任务结束: Wed Jul 22 01:40:59 AM CST 2026 ---
--- 任务开始: Wed Jul 22 01:50:01 AM CST 2026 ---
--- 任务结束: Wed Jul 22 01:50:01 AM CST 2026 ---
--- 任务开始: Wed Jul 22 02:00:01 AM CST 2026 ---
--- 任务结束: Wed Jul 22 02:00:01 AM CST 2026 ---
--- 任务开始: Wed Jul 22 02:10:01 AM CST 2026 ---
--- 任务结束: Wed Jul 22 02:11:13 AM CST 2026 ---
--- 任务开始: Wed Jul 22 02:20:01 AM CST 2026 ---
--- 任务结束: Wed Jul 22 02:20:01 AM CST 2026 ---
--- 任务开始: Wed Jul 22 02:30:01 AM CST 2026 ---
--- 任务结束: Wed Jul 22 02:30:01 AM CST 2026 ---
--- 任务开始: Wed Jul 22 02:40:01 AM CST 2026 ---
--- 任务结束: Wed Jul 22 02:40:01 AM CST 2026 ---
--- 任务开始: Wed Jul 22 02:50:01 AM CST 2026 ---
--- 任务结束: Wed Jul 22 02:50:01 AM CST 2026 ---
--- 任务开始: Wed Jul 22 03:00:01 AM CST 2026 ---
--- 任务结束: Wed Jul 22 03:00:01 AM CST 2026 ---
--- 任务开始: Wed Jul 22 03:10:01 AM CST 2026 ---
--- 任务结束: Wed Jul 22 03:10:01 AM CST 2026 ---
--- 任务开始: Wed Jul 22 03:20:01 AM CST 2026 ---
--- 任务结束: Wed Jul 22 03:20:01 AM CST 2026 ---
--- 任务开始: Wed Jul 22 03:30:01 AM CST 2026 ---
--- 任务结束: Wed Jul 22 03:30:01 AM CST 2026 ---
--- 任务开始: Wed Jul 22 03:40:01 AM CST 2026 ---
--- 任务结束: Wed Jul 22 03:40:01 AM CST 2026 ---
--- 任务开始: Wed Jul 22 03:50:01 AM CST 2026 ---
--- 任务结束: Wed Jul 22 03:50:01 AM CST 2026 ---
--- 任务开始: Wed Jul 22 04:00:01 AM CST 2026 ---
--- 任务结束: Wed Jul 22 04:00:01 AM CST 2026 ---
--- 任务开始: Wed Jul 22 04:10:01 AM CST 2026 ---
--- 任务结束: Wed Jul 22 04:10:01 AM CST 2026 ---
--- 任务开始: Wed Jul 22 04:20:01 AM CST 2026 ---
--- 任务结束: Wed Jul 22 04:20:01 AM CST 2026 ---
--- 任务开始: Wed Jul 22 04:30:01 AM CST 2026 ---
--- 任务结束: Wed Jul 22 04:30:01 AM CST 2026 ---
--- 任务开始: Wed Jul 22 04:40:01 AM CST 2026 ---
--- 任务结束: Wed Jul 22 04:40:01 AM CST 2026 ---
--- 任务开始: Wed Jul 22 04:50:01 AM CST 2026 ---
--- 任务结束: Wed Jul 22 04:50:01 AM CST 2026 ---
--- 任务开始: Wed Jul 22 05:00:01 AM CST 2026 ---
--- 任务结束: Wed Jul 22 05:00:01 AM CST 2026 ---
--- 任务开始: Wed Jul 22 05:10:01 AM CST 2026 ---
--- 任务结束: Wed Jul 22 05:10:01 AM CST 2026 ---
--- 任务开始: Wed Jul 22 05:20:01 AM CST 2026 ---
--- 任务结束: Wed Jul 22 05:20:01 AM CST 2026 ---
--- 任务开始: Wed Jul 22 05:30:01 AM CST 2026 ---
--- 任务结束: Wed Jul 22 05:30:01 AM CST 2026 ---
--- 任务开始: Wed Jul 22 05:40:01 AM CST 2026 ---
--- 任务结束: Wed Jul 22 05:40:01 AM CST 2026 ---
--- 任务开始: Wed Jul 22 05:50:01 AM CST 2026 ---
--- 任务结束: Wed Jul 22 05:50:01 AM CST 2026 ---
--- 任务开始: Wed Jul 22 06:00:01 AM CST 2026 ---
--- 任务结束: Wed Jul 22 06:00:01 AM CST 2026 ---
--- 任务开始: Wed Jul 22 06:10:01 AM CST 2026 ---
--- 任务结束: Wed Jul 22 06:10:01 AM CST 2026 ---
--- 任务开始: Wed Jul 22 06:20:01 AM CST 2026 ---
--- 任务结束: Wed Jul 22 06:20:01 AM CST 2026 ---
--- 任务开始: Wed Jul 22 06:30:01 AM CST 2026 ---
--- 任务结束: Wed Jul 22 06:30:01 AM CST 2026 ---
--- 任务开始: Wed Jul 22 06:40:01 AM CST 2026 ---
--- 任务结束: Wed Jul 22 06:40:01 AM CST 2026 ---
--- 任务开始: Wed Jul 22 06:50:01 AM CST 2026 ---
--- 任务结束: Wed Jul 22 06:50:01 AM CST 2026 ---
--- 任务开始: Wed Jul 22 07:00:01 AM CST 2026 ---
--- 任务结束: Wed Jul 22 07:00:01 AM CST 2026 ---
--- 任务开始: Wed Jul 22 07:10:01 AM CST 2026 ---
--- 任务结束: Wed Jul 22 07:10:01 AM CST 2026 ---
--- 任务开始: Wed Jul 22 07:20:01 AM CST 2026 ---
--- 任务结束: Wed Jul 22 07:20:01 AM CST 2026 ---
--- 任务开始: Wed Jul 22 07:30:01 AM CST 2026 ---
--- 任务结束: Wed Jul 22 07:30:01 AM CST 2026 ---
--- 任务开始: Wed Jul 22 07:40:01 AM CST 2026 ---
--- 任务结束: Wed Jul 22 07:40:01 AM CST 2026 ---
--- 任务开始: Wed Jul 22 07:50:01 AM CST 2026 ---
--- 任务结束: Wed Jul 22 07:50:01 AM CST 2026 ---
--- 任务开始: Wed Jul 22 08:00:01 AM CST 2026 ---
--- 任务结束: Wed Jul 22 08:00:01 AM CST 2026 ---
--- 任务开始: Wed Jul 22 08:10:01 AM CST 2026 ---
--- 任务结束: Wed Jul 22 08:10:01 AM CST 2026 ---
--- 任务开始: Wed Jul 22 08:20:01 AM CST 2026 ---
--- 任务结束: Wed Jul 22 08:20:01 AM CST 2026 ---
--- 任务开始: Wed Jul 22 08:30:01 AM CST 2026 ---
--- 任务结束: Wed Jul 22 08:30:01 AM CST 2026 ---
--- 任务开始: Wed Jul 22 08:40:01 AM CST 2026 ---
--- 任务结束: Wed Jul 22 08:40:01 AM CST 2026 ---
--- 任务开始: Wed Jul 22 08:50:01 AM CST 2026 ---
--- 任务结束: Wed Jul 22 08:50:02 AM CST 2026 ---
--- 任务开始: Wed Jul 22 09:00:01 AM CST 2026 ---
--- 任务结束: Wed Jul 22 09:00:01 AM CST 2026 ---
--- 任务开始: Wed Jul 22 09:10:01 AM CST 2026 ---
--- 任务结束: Wed Jul 22 09:10:01 AM CST 2026 ---
--- 任务开始: Wed Jul 22 09:20:01 AM CST 2026 ---
--- 任务结束: Wed Jul 22 09:20:01 AM CST 2026 ---
--- 任务开始: Wed Jul 22 09:30:01 AM CST 2026 ---
--- 任务结束: Wed Jul 22 09:30:01 AM CST 2026 ---
--- 任务开始: Wed Jul 22 09:40:01 AM CST 2026 ---
--- 任务结束: Wed Jul 22 09:40:01 AM CST 2026 ---
--- 任务开始: Wed Jul 22 09:50:01 AM CST 2026 ---
--- 任务结束: Wed Jul 22 09:50:01 AM CST 2026 ---
--- 任务开始: Wed Jul 22 10:00:01 AM CST 2026 ---
--- 任务结束: Wed Jul 22 10:00:01 AM CST 2026 ---
--- 任务开始: Wed Jul 22 10:10:01 AM CST 2026 ---
--- 任务结束: Wed Jul 22 10:10:01 AM CST 2026 ---
--- 任务开始: Wed Jul 22 10:20:01 AM CST 2026 ---
--- 任务结束: Wed Jul 22 10:20:01 AM CST 2026 ---
--- 任务开始: Wed Jul 22 10:30:02 AM CST 2026 ---
--- 任务结束: Wed Jul 22 10:30:02 AM CST 2026 ---
--- 任务开始: Wed Jul 22 10:40:01 AM CST 2026 ---
--- 任务结束: Wed Jul 22 10:40:01 AM CST 2026 ---
--- 任务开始: Wed Jul 22 10:50:01 AM CST 2026 ---
--- 任务结束: Wed Jul 22 10:50:01 AM CST 2026 ---
--- 任务开始: Wed Jul 22 11:00:01 AM CST 2026 ---
--- 任务结束: Wed Jul 22 11:00:01 AM CST 2026 ---
--- 任务开始: Wed Jul 22 11:10:01 AM CST 2026 ---
--- 任务结束: Wed Jul 22 11:10:01 AM CST 2026 ---
--- 任务开始: Wed Jul 22 11:20:01 AM CST 2026 ---
--- 任务结束: Wed Jul 22 11:20:01 AM CST 2026 ---
--- 任务开始: Wed Jul 22 11:30:01 AM CST 2026 ---
--- 任务结束: Wed Jul 22 11:30:01 AM CST 2026 ---
--- 任务开始: Wed Jul 22 11:40:01 AM CST 2026 ---
--- 任务结束: Wed Jul 22 11:40:01 AM CST 2026 ---
--- 任务开始: Wed Jul 22 11:50:01 AM CST 2026 ---
--- 任务结束: Wed Jul 22 11:50:01 AM CST 2026 ---
--- 任务开始: Wed Jul 22 12:00:01 PM CST 2026 ---
--- 任务结束: Wed Jul 22 12:00:01 PM CST 2026 ---
--- 任务开始: Wed Jul 22 12:10:01 PM CST 2026 ---
--- 任务结束: Wed Jul 22 12:10:01 PM CST 2026 ---
--- 任务开始: Wed Jul 22 12:20:01 PM CST 2026 ---
--- 任务结束: Wed Jul 22 12:20:01 PM CST 2026 ---
--- 任务开始: Wed Jul 22 12:30:01 PM CST 2026 ---
--- 任务结束: Wed Jul 22 12:30:01 PM CST 2026 ---
--- 任务开始: Wed Jul 22 12:40:01 PM CST 2026 ---
--- 任务结束: Wed Jul 22 12:40:01 PM CST 2026 ---
--- 任务开始: Wed Jul 22 12:50:01 PM CST 2026 ---
--- 任务结束: Wed Jul 22 12:50:01 PM CST 2026 ---
--- 任务开始: Wed Jul 22 01:00:01 PM CST 2026 ---
--- 任务结束: Wed Jul 22 01:00:01 PM CST 2026 ---
--- 任务开始: Wed Jul 22 01:10:01 PM CST 2026 ---
--- 任务结束: Wed Jul 22 01:10:01 PM CST 2026 ---
--- 任务开始: Wed Jul 22 01:20:01 PM CST 2026 ---
--- 任务结束: Wed Jul 22 01:20:01 PM CST 2026 ---
--- 任务开始: Wed Jul 22 01:30:01 PM CST 2026 ---
--- 任务结束: Wed Jul 22 01:30:01 PM CST 2026 ---
--- 任务开始: Wed Jul 22 01:40:01 PM CST 2026 ---
--- 任务结束: Wed Jul 22 01:40:01 PM CST 2026 ---
--- 任务开始: Wed Jul 22 01:50:01 PM CST 2026 ---
--- 任务结束: Wed Jul 22 01:50:01 PM CST 2026 ---
--- 任务开始: Wed Jul 22 02:00:01 PM CST 2026 ---
--- 任务结束: Wed Jul 22 02:00:01 PM CST 2026 ---
--- 任务开始: Wed Jul 22 02:10:01 PM CST 2026 ---
--- 任务结束: Wed Jul 22 02:10:01 PM CST 2026 ---
--- 任务开始: Wed Jul 22 02:20:01 PM CST 2026 ---
--- 任务结束: Wed Jul 22 02:20:01 PM CST 2026 ---
--- 任务开始: Wed Jul 22 02:30:01 PM CST 2026 ---
--- 任务结束: Wed Jul 22 02:30:01 PM CST 2026 ---
--- 任务开始: Wed Jul 22 02:40:01 PM CST 2026 ---
--- 任务结束: Wed Jul 22 02:40:01 PM CST 2026 ---
--- 任务开始: Wed Jul 22 02:50:01 PM CST 2026 ---
--- 任务结束: Wed Jul 22 02:50:01 PM CST 2026 ---
--- 任务开始: Wed Jul 22 03:00:01 PM CST 2026 ---
--- 任务结束: Wed Jul 22 03:00:01 PM CST 2026 ---
--- 任务开始: Wed Jul 22 03:10:01 PM CST 2026 ---
--- 任务结束: Wed Jul 22 03:10:01 PM CST 2026 ---
--- 任务开始: Wed Jul 22 03:20:01 PM CST 2026 ---
--- 任务结束: Wed Jul 22 03:20:01 PM CST 2026 ---
--- 任务开始: Wed Jul 22 03:30:01 PM CST 2026 ---
--- 任务结束: Wed Jul 22 03:30:01 PM CST 2026 ---
--- 任务开始: Wed Jul 22 03:40:01 PM CST 2026 ---
--- 任务结束: Wed Jul 22 03:40:01 PM CST 2026 ---
--- 任务开始: Wed Jul 22 03:50:01 PM CST 2026 ---
--- 任务结束: Wed Jul 22 03:50:01 PM CST 2026 ---
--- 任务开始: Wed Jul 22 04:00:01 PM CST 2026 ---
--- 任务结束: Wed Jul 22 04:00:01 PM CST 2026 ---
--- 任务开始: Wed Jul 22 04:10:01 PM CST 2026 ---
--- 任务结束: Wed Jul 22 04:10:01 PM CST 2026 ---
--- 任务开始: Wed Jul 22 04:20:01 PM CST 2026 ---
--- 任务结束: Wed Jul 22 04:20:01 PM CST 2026 ---
--- 任务开始: Wed Jul 22 04:30:01 PM CST 2026 ---
--- 任务结束: Wed Jul 22 04:30:01 PM CST 2026 ---
--- 任务开始: Wed Jul 22 04:40:01 PM CST 2026 ---
--- 任务结束: Wed Jul 22 04:40:01 PM CST 2026 ---
--- 任务开始: Wed Jul 22 04:50:02 PM CST 2026 ---
--- 任务结束: Wed Jul 22 04:50:02 PM CST 2026 ---
--- 任务开始: Wed Jul 22 05:00:01 PM CST 2026 ---
--- 任务结束: Wed Jul 22 05:00:01 PM CST 2026 ---
--- 任务开始: Wed Jul 22 05:10:01 PM CST 2026 ---
--- 任务结束: Wed Jul 22 05:10:01 PM CST 2026 ---
--- 任务开始: Wed Jul 22 05:20:01 PM CST 2026 ---
--- 任务结束: Wed Jul 22 05:20:01 PM CST 2026 ---
--- 任务开始: Wed Jul 22 05:30:01 PM CST 2026 ---
--- 任务结束: Wed Jul 22 05:30:01 PM CST 2026 ---
--- 任务开始: Wed Jul 22 05:40:01 PM CST 2026 ---
--- 任务结束: Wed Jul 22 05:40:01 PM CST 2026 ---
--- 任务开始: Wed Jul 22 05:50:01 PM CST 2026 ---
--- 任务结束: Wed Jul 22 05:50:01 PM CST 2026 ---
--- 任务开始: Wed Jul 22 06:00:01 PM CST 2026 ---
--- 任务结束: Wed Jul 22 06:00:01 PM CST 2026 ---
--- 任务开始: Wed Jul 22 06:10:01 PM CST 2026 ---
--- 任务结束: Wed Jul 22 06:10:01 PM CST 2026 ---
--- 任务开始: Wed Jul 22 06:20:01 PM CST 2026 ---
--- 任务结束: Wed Jul 22 06:20:01 PM CST 2026 ---
--- 任务开始: Wed Jul 22 06:30:01 PM CST 2026 ---
--- 任务结束: Wed Jul 22 06:30:01 PM CST 2026 ---
--- 任务开始: Wed Jul 22 06:40:01 PM CST 2026 ---
--- 任务结束: Wed Jul 22 06:40:01 PM CST 2026 ---
--- 任务开始: Wed Jul 22 06:50:01 PM CST 2026 ---
--- 任务结束: Wed Jul 22 06:50:01 PM CST 2026 ---
--- 任务开始: Wed Jul 22 07:00:01 PM CST 2026 ---
--- 任务结束: Wed Jul 22 07:00:01 PM CST 2026 ---
--- 任务开始: Wed Jul 22 07:10:01 PM CST 2026 ---
--- 任务结束: Wed Jul 22 07:10:01 PM CST 2026 ---
--- 任务开始: Wed Jul 22 07:20:01 PM CST 2026 ---
--- 任务结束: Wed Jul 22 07:20:01 PM CST 2026 ---
--- 任务开始: Wed Jul 22 07:30:01 PM CST 2026 ---
--- 任务结束: Wed Jul 22 07:30:01 PM CST 2026 ---
--- 任务开始: Wed Jul 22 07:40:01 PM CST 2026 ---
--- 任务结束: Wed Jul 22 07:40:01 PM CST 2026 ---
--- 任务开始: Wed Jul 22 07:50:01 PM CST 2026 ---
--- 任务结束: Wed Jul 22 07:50:01 PM CST 2026 ---
--- 任务开始: Wed Jul 22 08:00:02 PM CST 2026 ---
--- 任务结束: Wed Jul 22 08:00:02 PM CST 2026 ---
--- 任务开始: Wed Jul 22 08:10:01 PM CST 2026 ---
--- 任务结束: Wed Jul 22 08:10:01 PM CST 2026 ---
--- 任务开始: Wed Jul 22 08:20:01 PM CST 2026 ---
--- 任务结束: Wed Jul 22 08:20:01 PM CST 2026 ---
--- 任务开始: Wed Jul 22 08:30:01 PM CST 2026 ---
--- 任务结束: Wed Jul 22 08:30:01 PM CST 2026 ---
--- 任务开始: Wed Jul 22 08:40:01 PM CST 2026 ---
--- 任务结束: Wed Jul 22 08:40:01 PM CST 2026 ---
--- 任务开始: Wed Jul 22 08:50:01 PM CST 2026 ---
--- 任务结束: Wed Jul 22 08:50:01 PM CST 2026 ---
--- 任务开始: Wed Jul 22 09:00:01 PM CST 2026 ---
--- 任务结束: Wed Jul 22 09:00:01 PM CST 2026 ---
--- 任务开始: Wed Jul 22 09:10:01 PM CST 2026 ---
--- 任务结束: Wed Jul 22 09:10:01 PM CST 2026 ---
--- 任务开始: Wed Jul 22 09:20:01 PM CST 2026 ---
--- 任务结束: Wed Jul 22 09:20:01 PM CST 2026 ---
--- 任务开始: Wed Jul 22 09:30:01 PM CST 2026 ---
--- 任务结束: Wed Jul 22 09:30:01 PM CST 2026 ---
--- 任务开始: Wed Jul 22 09:40:01 PM CST 2026 ---
--- 任务结束: Wed Jul 22 09:40:01 PM CST 2026 ---
--- 任务开始: Wed Jul 22 09:50:01 PM CST 2026 ---
--- 任务结束: Wed Jul 22 09:50:01 PM CST 2026 ---
--- 任务开始: Wed Jul 22 10:00:01 PM CST 2026 ---
--- 任务结束: Wed Jul 22 10:00:01 PM CST 2026 ---
--- 任务开始: Wed Jul 22 10:10:01 PM CST 2026 ---
--- 任务结束: Wed Jul 22 10:10:01 PM CST 2026 ---
--- 任务开始: Wed Jul 22 10:20:01 PM CST 2026 ---
--- 任务结束: Wed Jul 22 10:20:01 PM CST 2026 ---
--- 任务开始: Wed Jul 22 10:30:01 PM CST 2026 ---
--- 任务结束: Wed Jul 22 10:30:01 PM CST 2026 ---
--- 任务开始: Wed Jul 22 10:40:01 PM CST 2026 ---
--- 任务结束: Wed Jul 22 10:40:01 PM CST 2026 ---
--- 任务开始: Wed Jul 22 10:50:01 PM CST 2026 ---
--- 任务结束: Wed Jul 22 10:50:01 PM CST 2026 ---
--- 任务开始: Wed Jul 22 11:00:01 PM CST 2026 ---
--- 任务结束: Wed Jul 22 11:00:01 PM CST 2026 ---
--- 任务开始: Wed Jul 22 11:10:02 PM CST 2026 ---
--- 任务结束: Wed Jul 22 11:10:02 PM CST 2026 ---
--- 任务开始: Wed Jul 22 11:20:01 PM CST 2026 ---
--- 任务结束: Wed Jul 22 11:20:01 PM CST 2026 ---
--- 任务开始: Wed Jul 22 11:30:01 PM CST 2026 ---
--- 任务结束: Wed Jul 22 11:30:01 PM CST 2026 ---
--- 任务开始: Wed Jul 22 11:40:01 PM CST 2026 ---
--- 任务结束: Wed Jul 22 11:40:01 PM CST 2026 ---
--- 任务开始: Wed Jul 22 11:50:01 PM CST 2026 ---
--- 任务结束: Wed Jul 22 11:50:01 PM CST 2026 ---
--- 任务开始: Thu Jul 23 12:00:01 AM CST 2026 ---
--- 任务结束: Thu Jul 23 12:00:01 AM CST 2026 ---
--- 任务开始: Thu Jul 23 12:10:01 AM CST 2026 ---
--- 任务结束: Thu Jul 23 12:10:01 AM CST 2026 ---
--- 任务开始: Thu Jul 23 12:20:01 AM CST 2026 ---
--- 任务结束: Thu Jul 23 12:20:01 AM CST 2026 ---
--- 任务开始: Thu Jul 23 12:30:01 AM CST 2026 ---
--- 任务结束: Thu Jul 23 12:30:01 AM CST 2026 ---
--- 任务开始: Thu Jul 23 12:40:01 AM CST 2026 ---
--- 任务结束: Thu Jul 23 12:40:01 AM CST 2026 ---
--- 任务开始: Thu Jul 23 12:50:01 AM CST 2026 ---
--- 任务结束: Thu Jul 23 12:50:01 AM CST 2026 ---
--- 任务开始: Thu Jul 23 01:00:01 AM CST 2026 ---
--- 任务结束: Thu Jul 23 01:00:01 AM CST 2026 ---
--- 任务开始: Thu Jul 23 01:10:01 AM CST 2026 ---
--- 任务结束: Thu Jul 23 01:10:01 AM CST 2026 ---
--- 任务开始: Thu Jul 23 01:20:01 AM CST 2026 ---
--- 任务结束: Thu Jul 23 01:20:01 AM CST 2026 ---
--- 任务开始: Thu Jul 23 01:30:01 AM CST 2026 ---
--- 任务结束: Thu Jul 23 01:30:01 AM CST 2026 ---
--- 任务开始: Thu Jul 23 01:40:01 AM CST 2026 ---
--- 任务结束: Thu Jul 23 01:40:01 AM CST 2026 ---
--- 任务开始: Thu Jul 23 01:50:01 AM CST 2026 ---
--- 任务结束: Thu Jul 23 01:50:01 AM CST 2026 ---
--- 任务开始: Thu Jul 23 02:00:01 AM CST 2026 ---
--- 任务结束: Thu Jul 23 02:00:01 AM CST 2026 ---
--- 任务开始: Thu Jul 23 02:10:02 AM CST 2026 ---
--- 任务结束: Thu Jul 23 02:10:02 AM CST 2026 ---
--- 任务开始: Thu Jul 23 02:20:01 AM CST 2026 ---
--- 任务结束: Thu Jul 23 02:20:01 AM CST 2026 ---
--- 任务开始: Thu Jul 23 02:30:01 AM CST 2026 ---
--- 任务结束: Thu Jul 23 02:30:01 AM CST 2026 ---
--- 任务开始: Thu Jul 23 02:40:01 AM CST 2026 ---
--- 任务结束: Thu Jul 23 02:40:01 AM CST 2026 ---
--- 任务开始: Thu Jul 23 02:50:01 AM CST 2026 ---
--- 任务结束: Thu Jul 23 02:50:01 AM CST 2026 ---
--- 任务开始: Thu Jul 23 03:00:01 AM CST 2026 ---
--- 任务结束: Thu Jul 23 03:00:01 AM CST 2026 ---
--- 任务开始: Thu Jul 23 03:10:01 AM CST 2026 ---
--- 任务结束: Thu Jul 23 03:10:01 AM CST 2026 ---
--- 任务开始: Thu Jul 23 03:20:01 AM CST 2026 ---
--- 任务结束: Thu Jul 23 03:20:01 AM CST 2026 ---
--- 任务开始: Thu Jul 23 03:30:01 AM CST 2026 ---
--- 任务结束: Thu Jul 23 03:30:01 AM CST 2026 ---
--- 任务开始: Thu Jul 23 03:40:01 AM CST 2026 ---
--- 任务结束: Thu Jul 23 03:40:01 AM CST 2026 ---
--- 任务开始: Thu Jul 23 03:50:01 AM CST 2026 ---
--- 任务结束: Thu Jul 23 03:50:01 AM CST 2026 ---
--- 任务开始: Thu Jul 23 04:00:01 AM CST 2026 ---
--- 任务结束: Thu Jul 23 04:00:01 AM CST 2026 ---
--- 任务开始: Thu Jul 23 04:10:01 AM CST 2026 ---
--- 任务结束: Thu Jul 23 04:10:01 AM CST 2026 ---
--- 任务开始: Thu Jul 23 04:20:01 AM CST 2026 ---
--- 任务结束: Thu Jul 23 04:20:01 AM CST 2026 ---
--- 任务开始: Thu Jul 23 04:30:01 AM CST 2026 ---
--- 任务结束: Thu Jul 23 04:30:01 AM CST 2026 ---
--- 任务开始: Thu Jul 23 04:40:01 AM CST 2026 ---
--- 任务结束: Thu Jul 23 04:40:01 AM CST 2026 ---
--- 任务开始: Thu Jul 23 04:50:01 AM CST 2026 ---
--- 任务结束: Thu Jul 23 04:50:01 AM CST 2026 ---
--- 任务开始: Thu Jul 23 05:00:01 AM CST 2026 ---
--- 任务结束: Thu Jul 23 05:00:01 AM CST 2026 ---
--- 任务开始: Thu Jul 23 05:10:01 AM CST 2026 ---
--- 任务结束: Thu Jul 23 05:10:01 AM CST 2026 ---
--- 任务开始: Thu Jul 23 05:20:01 AM CST 2026 ---
--- 任务结束: Thu Jul 23 05:20:01 AM CST 2026 ---
--- 任务开始: Thu Jul 23 05:30:01 AM CST 2026 ---
--- 任务结束: Thu Jul 23 05:30:01 AM CST 2026 ---
--- 任务开始: Thu Jul 23 05:40:01 AM CST 2026 ---
--- 任务结束: Thu Jul 23 05:40:01 AM CST 2026 ---
--- 任务开始: Thu Jul 23 05:50:01 AM CST 2026 ---
--- 任务结束: Thu Jul 23 05:50:01 AM CST 2026 ---
--- 任务开始: Thu Jul 23 06:00:01 AM CST 2026 ---
--- 任务结束: Thu Jul 23 06:00:01 AM CST 2026 ---
--- 任务开始: Thu Jul 23 06:10:01 AM CST 2026 ---
--- 任务结束: Thu Jul 23 06:10:01 AM CST 2026 ---
--- 任务开始: Thu Jul 23 06:20:01 AM CST 2026 ---
--- 任务结束: Thu Jul 23 06:20:01 AM CST 2026 ---
--- 任务开始: Thu Jul 23 06:30:01 AM CST 2026 ---
--- 任务结束: Thu Jul 23 06:30:01 AM CST 2026 ---
--- 任务开始: Thu Jul 23 06:40:01 AM CST 2026 ---
--- 任务结束: Thu Jul 23 06:40:01 AM CST 2026 ---
--- 任务开始: Thu Jul 23 06:50:01 AM CST 2026 ---
--- 任务结束: Thu Jul 23 06:50:01 AM CST 2026 ---
--- 任务开始: Thu Jul 23 07:00:01 AM CST 2026 ---
--- 任务结束: Thu Jul 23 07:00:01 AM CST 2026 ---
--- 任务开始: Thu Jul 23 07:10:01 AM CST 2026 ---
--- 任务结束: Thu Jul 23 07:10:01 AM CST 2026 ---
--- 任务开始: Thu Jul 23 07:20:01 AM CST 2026 ---
--- 任务结束: Thu Jul 23 07:20:01 AM CST 2026 ---
--- 任务开始: Thu Jul 23 07:30:01 AM CST 2026 ---
--- 任务结束: Thu Jul 23 07:30:01 AM CST 2026 ---
--- 任务开始: Thu Jul 23 07:40:01 AM CST 2026 ---
--- 任务结束: Thu Jul 23 07:40:01 AM CST 2026 ---
--- 任务开始: Thu Jul 23 07:50:01 AM CST 2026 ---
--- 任务结束: Thu Jul 23 07:50:01 AM CST 2026 ---
--- 任务开始: Thu Jul 23 08:00:01 AM CST 2026 ---
--- 任务结束: Thu Jul 23 08:00:01 AM CST 2026 ---
--- 任务开始: Thu Jul 23 08:10:01 AM CST 2026 ---
--- 任务结束: Thu Jul 23 08:10:01 AM CST 2026 ---
--- 任务开始: Thu Jul 23 08:20:01 AM CST 2026 ---
--- 任务结束: Thu Jul 23 08:20:01 AM CST 2026 ---
--- 任务开始: Thu Jul 23 08:30:02 AM CST 2026 ---
--- 任务结束: Thu Jul 23 08:30:02 AM CST 2026 ---
--- 任务开始: Thu Jul 23 08:40:01 AM CST 2026 ---
--- 任务结束: Thu Jul 23 08:40:01 AM CST 2026 ---
--- 任务开始: Thu Jul 23 08:50:01 AM CST 2026 ---
--- 任务结束: Thu Jul 23 08:50:01 AM CST 2026 ---
--- 任务开始: Thu Jul 23 09:00:01 AM CST 2026 ---
--- 任务结束: Thu Jul 23 09:00:01 AM CST 2026 ---
--- 任务开始: Thu Jul 23 09:10:01 AM CST 2026 ---
--- 任务结束: Thu Jul 23 09:10:01 AM CST 2026 ---
--- 任务开始: Thu Jul 23 09:20:01 AM CST 2026 ---
--- 任务结束: Thu Jul 23 09:20:01 AM CST 2026 ---
--- 任务开始: Thu Jul 23 09:30:01 AM CST 2026 ---
--- 任务结束: Thu Jul 23 09:30:01 AM CST 2026 ---
--- 任务开始: Thu Jul 23 09:40:01 AM CST 2026 ---
--- 任务结束: Thu Jul 23 09:40:01 AM CST 2026 ---
--- 任务开始: Thu Jul 23 09:50:01 AM CST 2026 ---
--- 任务结束: Thu Jul 23 09:50:01 AM CST 2026 ---
--- 任务开始: Thu Jul 23 10:00:01 AM CST 2026 ---
--- 任务结束: Thu Jul 23 10:00:01 AM CST 2026 ---
--- 任务开始: Thu Jul 23 10:10:01 AM CST 2026 ---
--- 任务结束: Thu Jul 23 10:10:01 AM CST 2026 ---
--- 任务开始: Thu Jul 23 10:20:01 AM CST 2026 ---
--- 任务结束: Thu Jul 23 10:20:01 AM CST 2026 ---
--- 任务开始: Thu Jul 23 10:30:01 AM CST 2026 ---
--- 任务结束: Thu Jul 23 10:30:01 AM CST 2026 ---
--- 任务开始: Thu Jul 23 10:40:01 AM CST 2026 ---
--- 任务结束: Thu Jul 23 10:40:01 AM CST 2026 ---
--- 任务开始: Thu Jul 23 10:50:01 AM CST 2026 ---
--- 任务结束: Thu Jul 23 10:50:01 AM CST 2026 ---
--- 任务开始: Thu Jul 23 11:00:01 AM CST 2026 ---
--- 任务结束: Thu Jul 23 11:00:01 AM CST 2026 ---
--- 任务开始: Thu Jul 23 11:10:01 AM CST 2026 ---
--- 任务结束: Thu Jul 23 11:10:01 AM CST 2026 ---
--- 任务开始: Thu Jul 23 11:20:01 AM CST 2026 ---
--- 任务结束: Thu Jul 23 11:20:01 AM CST 2026 ---
--- 任务开始: Thu Jul 23 11:30:01 AM CST 2026 ---
--- 任务结束: Thu Jul 23 11:30:01 AM CST 2026 ---
--- 任务开始: Thu Jul 23 11:40:01 AM CST 2026 ---
--- 任务结束: Thu Jul 23 11:40:01 AM CST 2026 ---
--- 任务开始: Thu Jul 23 11:50:01 AM CST 2026 ---
--- 任务结束: Thu Jul 23 11:50:01 AM CST 2026 ---
--- 任务开始: Thu Jul 23 12:00:01 PM CST 2026 ---
--- 任务结束: Thu Jul 23 12:00:01 PM CST 2026 ---
--- 任务开始: Thu Jul 23 12:10:01 PM CST 2026 ---
--- 任务结束: Thu Jul 23 12:10:01 PM CST 2026 ---
--- 任务开始: Thu Jul 23 12:20:01 PM CST 2026 ---
--- 任务结束: Thu Jul 23 12:20:01 PM CST 2026 ---
--- 任务开始: Thu Jul 23 12:30:01 PM CST 2026 ---
--- 任务结束: Thu Jul 23 12:30:01 PM CST 2026 ---
--- 任务开始: Thu Jul 23 12:40:01 PM CST 2026 ---
--- 任务结束: Thu Jul 23 12:40:01 PM CST 2026 ---
--- 任务开始: Thu Jul 23 12:50:01 PM CST 2026 ---
--- 任务结束: Thu Jul 23 12:50:01 PM CST 2026 ---
--- 任务开始: Thu Jul 23 01:00:01 PM CST 2026 ---
--- 任务结束: Thu Jul 23 01:00:01 PM CST 2026 ---
--- 任务开始: Thu Jul 23 01:10:02 PM CST 2026 ---
--- 任务结束: Thu Jul 23 01:10:02 PM CST 2026 ---
--- 任务开始: Thu Jul 23 01:20:01 PM CST 2026 ---
--- 任务结束: Thu Jul 23 01:20:01 PM CST 2026 ---
--- 任务开始: Thu Jul 23 01:30:01 PM CST 2026 ---
--- 任务结束: Thu Jul 23 01:30:01 PM CST 2026 ---
--- 任务开始: Thu Jul 23 01:40:01 PM CST 2026 ---
--- 任务结束: Thu Jul 23 01:40:01 PM CST 2026 ---
--- 任务开始: Thu Jul 23 01:50:01 PM CST 2026 ---
--- 任务结束: Thu Jul 23 01:50:01 PM CST 2026 ---
--- 任务开始: Thu Jul 23 02:00:01 PM CST 2026 ---
--- 任务结束: Thu Jul 23 02:00:01 PM CST 2026 ---
--- 任务开始: Thu Jul 23 02:10:01 PM CST 2026 ---
--- 任务结束: Thu Jul 23 02:10:01 PM CST 2026 ---
--- 任务开始: Thu Jul 23 02:20:01 PM CST 2026 ---
--- 任务结束: Thu Jul 23 02:20:01 PM CST 2026 ---
--- 任务开始: Thu Jul 23 02:30:01 PM CST 2026 ---
--- 任务结束: Thu Jul 23 02:30:01 PM CST 2026 ---
--- 任务开始: Thu Jul 23 02:40:02 PM CST 2026 ---
--- 任务结束: Thu Jul 23 02:40:02 PM CST 2026 ---
--- 任务开始: Thu Jul 23 02:50:01 PM CST 2026 ---
--- 任务结束: Thu Jul 23 02:50:01 PM CST 2026 ---
--- 任务开始: Thu Jul 23 03:00:01 PM CST 2026 ---
--- 任务结束: Thu Jul 23 03:00:01 PM CST 2026 ---
--- 任务开始: Thu Jul 23 03:10:01 PM CST 2026 ---
--- 任务结束: Thu Jul 23 03:10:01 PM CST 2026 ---
--- 任务开始: Thu Jul 23 03:20:01 PM CST 2026 ---
--- 任务结束: Thu Jul 23 03:20:01 PM CST 2026 ---
--- 任务开始: Thu Jul 23 03:30:01 PM CST 2026 ---
--- 任务结束: Thu Jul 23 03:30:01 PM CST 2026 ---
--- 任务开始: Thu Jul 23 03:40:01 PM CST 2026 ---
--- 任务结束: Thu Jul 23 03:40:01 PM CST 2026 ---
--- 任务开始: Thu Jul 23 03:50:01 PM CST 2026 ---
--- 任务结束: Thu Jul 23 03:50:01 PM CST 2026 ---
--- 任务开始: Thu Jul 23 04:00:01 PM CST 2026 ---
--- 任务结束: Thu Jul 23 04:00:01 PM CST 2026 ---
--- 任务开始: Thu Jul 23 04:10:01 PM CST 2026 ---
--- 任务结束: Thu Jul 23 04:10:01 PM CST 2026 ---
--- 任务开始: Thu Jul 23 04:20:01 PM CST 2026 ---
--- 任务结束: Thu Jul 23 04:20:01 PM CST 2026 ---
--- 任务开始: Thu Jul 23 04:30:01 PM CST 2026 ---
--- 任务结束: Thu Jul 23 04:30:01 PM CST 2026 ---
--- 任务开始: Thu Jul 23 04:40:01 PM CST 2026 ---
--- 任务结束: Thu Jul 23 04:40:01 PM CST 2026 ---
--- 任务开始: Thu Jul 23 04:50:01 PM CST 2026 ---
--- 任务结束: Thu Jul 23 04:50:01 PM CST 2026 ---
--- 任务开始: Thu Jul 23 05:00:01 PM CST 2026 ---
--- 任务结束: Thu Jul 23 05:00:01 PM CST 2026 ---
--- 任务开始: Thu Jul 23 05:10:01 PM CST 2026 ---
--- 任务结束: Thu Jul 23 05:10:01 PM CST 2026 ---
--- 任务开始: Thu Jul 23 05:20:01 PM CST 2026 ---
--- 任务结束: Thu Jul 23 05:20:01 PM CST 2026 ---
--- 任务开始: Thu Jul 23 05:30:01 PM CST 2026 ---
--- 任务结束: Thu Jul 23 05:30:01 PM CST 2026 ---
--- 任务开始: Thu Jul 23 05:40:01 PM CST 2026 ---
--- 任务结束: Thu Jul 23 05:40:01 PM CST 2026 ---
--- 任务开始: Thu Jul 23 05:50:02 PM CST 2026 ---
--- 任务结束: Thu Jul 23 05:50:02 PM CST 2026 ---
--- 任务开始: Thu Jul 23 06:00:01 PM CST 2026 ---
--- 任务结束: Thu Jul 23 06:00:01 PM CST 2026 ---
--- 任务开始: Thu Jul 23 06:10:01 PM CST 2026 ---
--- 任务结束: Thu Jul 23 06:10:01 PM CST 2026 ---
--- 任务开始: Thu Jul 23 06:20:01 PM CST 2026 ---
--- 任务结束: Thu Jul 23 06:20:01 PM CST 2026 ---
--- 任务开始: Thu Jul 23 06:30:01 PM CST 2026 ---
--- 任务结束: Thu Jul 23 06:30:01 PM CST 2026 ---
--- 任务开始: Thu Jul 23 06:40:01 PM CST 2026 ---
--- 任务结束: Thu Jul 23 06:40:01 PM CST 2026 ---
--- 任务开始: Thu Jul 23 06:50:01 PM CST 2026 ---
--- 任务结束: Thu Jul 23 06:50:01 PM CST 2026 ---
--- 任务开始: Thu Jul 23 07:00:01 PM CST 2026 ---
--- 任务结束: Thu Jul 23 07:00:01 PM CST 2026 ---
--- 任务开始: Thu Jul 23 07:10:01 PM CST 2026 ---
--- 任务结束: Thu Jul 23 07:10:01 PM CST 2026 ---
--- 任务开始: Thu Jul 23 07:20:01 PM CST 2026 ---
--- 任务结束: Thu Jul 23 07:20:01 PM CST 2026 ---
--- 任务开始: Thu Jul 23 07:30:01 PM CST 2026 ---
--- 任务结束: Thu Jul 23 07:30:01 PM CST 2026 ---
--- 任务开始: Thu Jul 23 07:40:01 PM CST 2026 ---
--- 任务结束: Thu Jul 23 07:40:01 PM CST 2026 ---
--- 任务开始: Thu Jul 23 07:50:01 PM CST 2026 ---
--- 任务结束: Thu Jul 23 07:50:01 PM CST 2026 ---
--- 任务开始: Thu Jul 23 08:00:01 PM CST 2026 ---
--- 任务结束: Thu Jul 23 08:00:01 PM CST 2026 ---
--- 任务开始: Thu Jul 23 08:10:01 PM CST 2026 ---
--- 任务结束: Thu Jul 23 08:10:01 PM CST 2026 ---
--- 任务开始: Thu Jul 23 08:20:01 PM CST 2026 ---
--- 任务结束: Thu Jul 23 08:20:01 PM CST 2026 ---
--- 任务开始: Thu Jul 23 08:30:01 PM CST 2026 ---
--- 任务结束: Thu Jul 23 08:30:01 PM CST 2026 ---
--- 任务开始: Thu Jul 23 08:40:01 PM CST 2026 ---
--- 任务结束: Thu Jul 23 08:41:01 PM CST 2026 ---
--- 任务开始: Thu Jul 23 08:50:01 PM CST 2026 ---
--- 任务结束: Thu Jul 23 08:50:01 PM CST 2026 ---
--- 任务开始: Thu Jul 23 09:00:01 PM CST 2026 ---
--- 任务结束: Thu Jul 23 09:00:01 PM CST 2026 ---
--- 任务开始: Thu Jul 23 09:10:01 PM CST 2026 ---
--- 任务结束: Thu Jul 23 09:11:00 PM CST 2026 ---
--- 任务开始: Thu Jul 23 09:20:01 PM CST 2026 ---
--- 任务结束: Thu Jul 23 09:20:19 PM CST 2026 ---
--- 任务开始: Thu Jul 23 09:30:01 PM CST 2026 ---
--- 任务结束: Thu Jul 23 09:30:01 PM CST 2026 ---
--- 任务开始: Thu Jul 23 09:40:01 PM CST 2026 ---
--- 任务结束: Thu Jul 23 09:40:01 PM CST 2026 ---
--- 任务开始: Thu Jul 23 09:50:01 PM CST 2026 ---
--- 任务结束: Thu Jul 23 09:50:01 PM CST 2026 ---
--- 任务开始: Thu Jul 23 10:00:01 PM CST 2026 ---
--- 任务结束: Thu Jul 23 10:00:01 PM CST 2026 ---
--- 任务开始: Thu Jul 23 10:10:01 PM CST 2026 ---
--- 任务结束: Thu Jul 23 10:10:01 PM CST 2026 ---
--- 任务开始: Thu Jul 23 10:20:01 PM CST 2026 ---
--- 任务结束: Thu Jul 23 10:20:01 PM CST 2026 ---
--- 任务开始: Thu Jul 23 10:30:01 PM CST 2026 ---
--- 任务结束: Thu Jul 23 10:30:01 PM CST 2026 ---
--- 任务开始: Thu Jul 23 10:40:02 PM CST 2026 ---
--- 任务结束: Thu Jul 23 10:40:02 PM CST 2026 ---
--- 任务开始: Thu Jul 23 10:50:01 PM CST 2026 ---
--- 任务结束: Thu Jul 23 10:50:01 PM CST 2026 ---
--- 任务开始: Thu Jul 23 11:00:01 PM CST 2026 ---
--- 任务结束: Thu Jul 23 11:00:01 PM CST 2026 ---
--- 任务开始: Thu Jul 23 11:10:01 PM CST 2026 ---
--- 任务结束: Thu Jul 23 11:10:01 PM CST 2026 ---
--- 任务开始: Thu Jul 23 11:20:01 PM CST 2026 ---
--- 任务结束: Thu Jul 23 11:20:01 PM CST 2026 ---
--- 任务开始: Thu Jul 23 11:30:01 PM CST 2026 ---
--- 任务结束: Thu Jul 23 11:30:01 PM CST 2026 ---
--- 任务开始: Thu Jul 23 11:40:01 PM CST 2026 ---
--- 任务结束: Thu Jul 23 11:40:01 PM CST 2026 ---
--- 任务开始: Thu Jul 23 11:50:01 PM CST 2026 ---
--- 任务结束: Thu Jul 23 11:50:01 PM CST 2026 ---
--- 任务开始: Fri Jul 24 12:00:01 AM CST 2026 ---
--- 任务结束: Fri Jul 24 12:00:01 AM CST 2026 ---
--- 任务开始: Fri Jul 24 12:10:01 AM CST 2026 ---
--- 任务结束: Fri Jul 24 12:10:01 AM CST 2026 ---
--- 任务开始: Fri Jul 24 12:20:01 AM CST 2026 ---
--- 任务结束: Fri Jul 24 12:20:01 AM CST 2026 ---
--- 任务开始: Fri Jul 24 12:30:01 AM CST 2026 ---
--- 任务结束: Fri Jul 24 12:30:01 AM CST 2026 ---
--- 任务开始: Fri Jul 24 12:40:01 AM CST 2026 ---
--- 任务结束: Fri Jul 24 12:40:01 AM CST 2026 ---
--- 任务开始: Fri Jul 24 12:50:01 AM CST 2026 ---
--- 任务结束: Fri Jul 24 12:50:01 AM CST 2026 ---
--- 任务开始: Fri Jul 24 01:00:01 AM CST 2026 ---
--- 任务结束: Fri Jul 24 01:00:01 AM CST 2026 ---
--- 任务开始: Fri Jul 24 01:10:01 AM CST 2026 ---
--- 任务结束: Fri Jul 24 01:10:01 AM CST 2026 ---
--- 任务开始: Fri Jul 24 01:20:01 AM CST 2026 ---
--- 任务结束: Fri Jul 24 01:20:01 AM CST 2026 ---
--- 任务开始: Fri Jul 24 01:30:01 AM CST 2026 ---
--- 任务结束: Fri Jul 24 01:30:01 AM CST 2026 ---
--- 任务开始: Fri Jul 24 01:40:01 AM CST 2026 ---
--- 任务结束: Fri Jul 24 01:40:01 AM CST 2026 ---
--- 任务开始: Fri Jul 24 01:50:01 AM CST 2026 ---
--- 任务结束: Fri Jul 24 01:50:01 AM CST 2026 ---
--- 任务开始: Fri Jul 24 02:00:01 AM CST 2026 ---
--- 任务结束: Fri Jul 24 02:00:01 AM CST 2026 ---
--- 任务开始: Fri Jul 24 02:10:01 AM CST 2026 ---
--- 任务结束: Fri Jul 24 02:10:01 AM CST 2026 ---
--- 任务开始: Fri Jul 24 02:20:01 AM CST 2026 ---
--- 任务结束: Fri Jul 24 02:20:01 AM CST 2026 ---
--- 任务开始: Fri Jul 24 02:30:01 AM CST 2026 ---
--- 任务结束: Fri Jul 24 02:30:01 AM CST 2026 ---
--- 任务开始: Fri Jul 24 02:40:01 AM CST 2026 ---
--- 任务结束: Fri Jul 24 02:40:01 AM CST 2026 ---
--- 任务开始: Fri Jul 24 02:50:01 AM CST 2026 ---
--- 任务结束: Fri Jul 24 02:50:01 AM CST 2026 ---
--- 任务开始: Fri Jul 24 03:00:01 AM CST 2026 ---
--- 任务结束: Fri Jul 24 03:00:01 AM CST 2026 ---
--- 任务开始: Fri Jul 24 03:10:01 AM CST 2026 ---
--- 任务结束: Fri Jul 24 03:10:01 AM CST 2026 ---
--- 任务开始: Fri Jul 24 03:20:01 AM CST 2026 ---
--- 任务结束: Fri Jul 24 03:20:01 AM CST 2026 ---
--- 任务开始: Fri Jul 24 03:30:02 AM CST 2026 ---
--- 任务结束: Fri Jul 24 03:30:02 AM CST 2026 ---
--- 任务开始: Fri Jul 24 03:40:01 AM CST 2026 ---
--- 任务结束: Fri Jul 24 03:40:01 AM CST 2026 ---
--- 任务开始: Fri Jul 24 03:50:01 AM CST 2026 ---
--- 任务结束: Fri Jul 24 03:50:01 AM CST 2026 ---
--- 任务开始: Fri Jul 24 04:00:01 AM CST 2026 ---
--- 任务结束: Fri Jul 24 04:00:01 AM CST 2026 ---
--- 任务开始: Fri Jul 24 04:10:01 AM CST 2026 ---
--- 任务结束: Fri Jul 24 04:10:01 AM CST 2026 ---
--- 任务开始: Fri Jul 24 04:20:01 AM CST 2026 ---
--- 任务结束: Fri Jul 24 04:20:01 AM CST 2026 ---
--- 任务开始: Fri Jul 24 04:30:01 AM CST 2026 ---
--- 任务结束: Fri Jul 24 04:30:01 AM CST 2026 ---
--- 任务开始: Fri Jul 24 04:40:01 AM CST 2026 ---
--- 任务结束: Fri Jul 24 04:40:01 AM CST 2026 ---
--- 任务开始: Fri Jul 24 04:50:01 AM CST 2026 ---
--- 任务结束: Fri Jul 24 04:50:01 AM CST 2026 ---
--- 任务开始: Fri Jul 24 05:00:01 AM CST 2026 ---
--- 任务结束: Fri Jul 24 05:00:01 AM CST 2026 ---
--- 任务开始: Fri Jul 24 05:10:01 AM CST 2026 ---
--- 任务结束: Fri Jul 24 05:10:01 AM CST 2026 ---
--- 任务开始: Fri Jul 24 05:20:01 AM CST 2026 ---
--- 任务结束: Fri Jul 24 05:20:01 AM CST 2026 ---
--- 任务开始: Fri Jul 24 05:30:01 AM CST 2026 ---
--- 任务结束: Fri Jul 24 05:30:01 AM CST 2026 ---
--- 任务开始: Fri Jul 24 05:40:01 AM CST 2026 ---
--- 任务结束: Fri Jul 24 05:40:01 AM CST 2026 ---
--- 任务开始: Fri Jul 24 05:50:01 AM CST 2026 ---
--- 任务结束: Fri Jul 24 05:50:01 AM CST 2026 ---
--- 任务开始: Fri Jul 24 06:00:01 AM CST 2026 ---
--- 任务结束: Fri Jul 24 06:00:01 AM CST 2026 ---
--- 任务开始: Fri Jul 24 06:10:01 AM CST 2026 ---
--- 任务结束: Fri Jul 24 06:10:01 AM CST 2026 ---
--- 任务开始: Fri Jul 24 06:20:01 AM CST 2026 ---
--- 任务结束: Fri Jul 24 06:20:01 AM CST 2026 ---
--- 任务开始: Fri Jul 24 06:30:01 AM CST 2026 ---
--- 任务结束: Fri Jul 24 06:30:01 AM CST 2026 ---
--- 任务开始: Fri Jul 24 06:40:01 AM CST 2026 ---
--- 任务结束: Fri Jul 24 06:40:01 AM CST 2026 ---
--- 任务开始: Fri Jul 24 06:50:01 AM CST 2026 ---
--- 任务结束: Fri Jul 24 06:50:01 AM CST 2026 ---
--- 任务开始: Fri Jul 24 07:00:01 AM CST 2026 ---
--- 任务结束: Fri Jul 24 07:00:01 AM CST 2026 ---
--- 任务开始: Fri Jul 24 07:10:01 AM CST 2026 ---
--- 任务结束: Fri Jul 24 07:10:01 AM CST 2026 ---
--- 任务开始: Fri Jul 24 07:20:01 AM CST 2026 ---
--- 任务结束: Fri Jul 24 07:20:01 AM CST 2026 ---
--- 任务开始: Fri Jul 24 07:30:01 AM CST 2026 ---
--- 任务结束: Fri Jul 24 07:30:01 AM CST 2026 ---
--- 任务开始: Fri Jul 24 07:40:01 AM CST 2026 ---
--- 任务结束: Fri Jul 24 07:40:01 AM CST 2026 ---
--- 任务开始: Fri Jul 24 07:50:01 AM CST 2026 ---
--- 任务结束: Fri Jul 24 07:50:01 AM CST 2026 ---
--- 任务开始: Fri Jul 24 08:00:01 AM CST 2026 ---
--- 任务结束: Fri Jul 24 08:00:01 AM CST 2026 ---
--- 任务开始: Fri Jul 24 08:10:01 AM CST 2026 ---
--- 任务结束: Fri Jul 24 08:10:01 AM CST 2026 ---
--- 任务开始: Fri Jul 24 08:20:01 AM CST 2026 ---
--- 任务结束: Fri Jul 24 08:20:01 AM CST 2026 ---
--- 任务开始: Fri Jul 24 08:30:01 AM CST 2026 ---
--- 任务结束: Fri Jul 24 08:30:01 AM CST 2026 ---
--- 任务开始: Fri Jul 24 08:40:01 AM CST 2026 ---
--- 任务结束: Fri Jul 24 08:40:01 AM CST 2026 ---
--- 任务开始: Fri Jul 24 08:50:01 AM CST 2026 ---
--- 任务结束: Fri Jul 24 08:50:01 AM CST 2026 ---
--- 任务开始: Fri Jul 24 09:00:01 AM CST 2026 ---
--- 任务结束: Fri Jul 24 09:00:01 AM CST 2026 ---
--- 任务开始: Fri Jul 24 09:10:01 AM CST 2026 ---
--- 任务结束: Fri Jul 24 09:10:01 AM CST 2026 ---
--- 任务开始: Fri Jul 24 09:20:01 AM CST 2026 ---
--- 任务结束: Fri Jul 24 09:20:01 AM CST 2026 ---
--- 任务开始: Fri Jul 24 09:30:01 AM CST 2026 ---
--- 任务结束: Fri Jul 24 09:30:01 AM CST 2026 ---
--- 任务开始: Fri Jul 24 09:40:01 AM CST 2026 ---
--- 任务结束: Fri Jul 24 09:40:01 AM CST 2026 ---
--- 任务开始: Fri Jul 24 09:50:01 AM CST 2026 ---
--- 任务结束: Fri Jul 24 09:50:01 AM CST 2026 ---
--- 任务开始: Fri Jul 24 10:00:01 AM CST 2026 ---
--- 任务结束: Fri Jul 24 10:00:01 AM CST 2026 ---
--- 任务开始: Fri Jul 24 10:10:01 AM CST 2026 ---
--- 任务结束: Fri Jul 24 10:10:01 AM CST 2026 ---
--- 任务开始: Fri Jul 24 10:20:01 AM CST 2026 ---
--- 任务结束: Fri Jul 24 10:20:01 AM CST 2026 ---
--- 任务开始: Fri Jul 24 10:30:01 AM CST 2026 ---
--- 任务结束: Fri Jul 24 10:30:01 AM CST 2026 ---
--- 任务开始: Fri Jul 24 10:40:01 AM CST 2026 ---
--- 任务结束: Fri Jul 24 10:40:01 AM CST 2026 ---
--- 任务开始: Fri Jul 24 10:50:01 AM CST 2026 ---
--- 任务结束: Fri Jul 24 10:50:01 AM CST 2026 ---
--- 任务开始: Fri Jul 24 11:00:01 AM CST 2026 ---
--- 任务结束: Fri Jul 24 11:00:01 AM CST 2026 ---
--- 任务开始: Fri Jul 24 11:10:01 AM CST 2026 ---
--- 任务结束: Fri Jul 24 11:10:01 AM CST 2026 ---
--- 任务开始: Fri Jul 24 11:20:01 AM CST 2026 ---
--- 任务结束: Fri Jul 24 11:20:01 AM CST 2026 ---
--- 任务开始: Fri Jul 24 11:30:01 AM CST 2026 ---
--- 任务结束: Fri Jul 24 11:30:01 AM CST 2026 ---
--- 任务开始: Fri Jul 24 11:40:02 AM CST 2026 ---
--- 任务结束: Fri Jul 24 11:40:02 AM CST 2026 ---
--- 任务开始: Fri Jul 24 11:50:01 AM CST 2026 ---
--- 任务结束: Fri Jul 24 11:50:01 AM CST 2026 ---
--- 任务开始: Fri Jul 24 12:00:01 PM CST 2026 ---
--- 任务结束: Fri Jul 24 12:00:01 PM CST 2026 ---
--- 任务开始: Fri Jul 24 12:10:01 PM CST 2026 ---
--- 任务结束: Fri Jul 24 12:10:01 PM CST 2026 ---
--- 任务开始: Fri Jul 24 12:20:01 PM CST 2026 ---
--- 任务结束: Fri Jul 24 12:20:01 PM CST 2026 ---
--- 任务开始: Fri Jul 24 12:30:01 PM CST 2026 ---
--- 任务结束: Fri Jul 24 12:30:01 PM CST 2026 ---
--- 任务开始: Fri Jul 24 12:40:01 PM CST 2026 ---
--- 任务结束: Fri Jul 24 12:40:01 PM CST 2026 ---
--- 任务开始: Fri Jul 24 12:50:01 PM CST 2026 ---
--- 任务结束: Fri Jul 24 12:50:01 PM CST 2026 ---
--- 任务开始: Fri Jul 24 01:00:01 PM CST 2026 ---
--- 任务结束: Fri Jul 24 01:00:01 PM CST 2026 ---
--- 任务开始: Fri Jul 24 01:10:01 PM CST 2026 ---
--- 任务结束: Fri Jul 24 01:10:01 PM CST 2026 ---
--- 任务开始: Fri Jul 24 01:20:01 PM CST 2026 ---
--- 任务结束: Fri Jul 24 01:20:01 PM CST 2026 ---
--- 任务开始: Fri Jul 24 01:30:01 PM CST 2026 ---
--- 任务结束: Fri Jul 24 01:30:01 PM CST 2026 ---
--- 任务开始: Fri Jul 24 01:40:01 PM CST 2026 ---
--- 任务结束: Fri Jul 24 01:40:01 PM CST 2026 ---
--- 任务开始: Fri Jul 24 01:50:01 PM CST 2026 ---
--- 任务结束: Fri Jul 24 01:50:01 PM CST 2026 ---
--- 任务开始: Fri Jul 24 02:00:01 PM CST 2026 ---
--- 任务结束: Fri Jul 24 02:00:01 PM CST 2026 ---
--- 任务开始: Fri Jul 24 02:10:01 PM CST 2026 ---
--- 任务结束: Fri Jul 24 02:10:01 PM CST 2026 ---
--- 任务开始: Fri Jul 24 02:20:01 PM CST 2026 ---
--- 任务结束: Fri Jul 24 02:20:01 PM CST 2026 ---
--- 任务开始: Fri Jul 24 02:30:01 PM CST 2026 ---
--- 任务结束: Fri Jul 24 02:30:01 PM CST 2026 ---
--- 任务开始: Fri Jul 24 02:40:01 PM CST 2026 ---
--- 任务结束: Fri Jul 24 02:40:01 PM CST 2026 ---
--- 任务开始: Fri Jul 24 02:50:01 PM CST 2026 ---
--- 任务结束: Fri Jul 24 02:50:01 PM CST 2026 ---
--- 任务开始: Fri Jul 24 03:00:01 PM CST 2026 ---
--- 任务结束: Fri Jul 24 03:00:01 PM CST 2026 ---
--- 任务开始: Fri Jul 24 03:10:01 PM CST 2026 ---
--- 任务结束: Fri Jul 24 03:10:01 PM CST 2026 ---
--- 任务开始: Fri Jul 24 03:20:01 PM CST 2026 ---
--- 任务结束: Fri Jul 24 03:20:01 PM CST 2026 ---
--- 任务开始: Fri Jul 24 03:30:01 PM CST 2026 ---
--- 任务结束: Fri Jul 24 03:30:01 PM CST 2026 ---
--- 任务开始: Fri Jul 24 03:40:01 PM CST 2026 ---
--- 任务结束: Fri Jul 24 03:40:01 PM CST 2026 ---
--- 任务开始: Fri Jul 24 03:50:01 PM CST 2026 ---
--- 任务结束: Fri Jul 24 03:50:01 PM CST 2026 ---
--- 任务开始: Fri Jul 24 04:00:01 PM CST 2026 ---
--- 任务结束: Fri Jul 24 04:00:01 PM CST 2026 ---
--- 任务开始: Fri Jul 24 04:10:01 PM CST 2026 ---
--- 任务结束: Fri Jul 24 04:10:01 PM CST 2026 ---
--- 任务开始: Fri Jul 24 04:20:01 PM CST 2026 ---
--- 任务结束: Fri Jul 24 04:20:01 PM CST 2026 ---
--- 任务开始: Fri Jul 24 04:30:01 PM CST 2026 ---
--- 任务结束: Fri Jul 24 04:30:01 PM CST 2026 ---
--- 任务开始: Fri Jul 24 04:40:01 PM CST 2026 ---
--- 任务结束: Fri Jul 24 04:40:01 PM CST 2026 ---
--- 任务开始: Fri Jul 24 04:50:01 PM CST 2026 ---
--- 任务结束: Fri Jul 24 04:50:01 PM CST 2026 ---
--- 任务开始: Fri Jul 24 05:00:01 PM CST 2026 ---
--- 任务结束: Fri Jul 24 05:00:01 PM CST 2026 ---
--- 任务开始: Fri Jul 24 05:10:01 PM CST 2026 ---
--- 任务结束: Fri Jul 24 05:10:01 PM CST 2026 ---
--- 任务开始: Fri Jul 24 05:20:01 PM CST 2026 ---
--- 任务结束: Fri Jul 24 05:20:01 PM CST 2026 ---
--- 任务开始: Fri Jul 24 05:30:01 PM CST 2026 ---
--- 任务结束: Fri Jul 24 05:30:01 PM CST 2026 ---
--- 任务开始: Fri Jul 24 05:40:01 PM CST 2026 ---
--- 任务结束: Fri Jul 24 05:40:01 PM CST 2026 ---
--- 任务开始: Fri Jul 24 05:50:01 PM CST 2026 ---
--- 任务结束: Fri Jul 24 05:50:01 PM CST 2026 ---
--- 任务开始: Fri Jul 24 06:00:01 PM CST 2026 ---
--- 任务结束: Fri Jul 24 06:00:02 PM CST 2026 ---
--- 任务开始: Fri Jul 24 06:10:01 PM CST 2026 ---
--- 任务结束: Fri Jul 24 06:10:01 PM CST 2026 ---
--- 任务开始: Fri Jul 24 06:20:01 PM CST 2026 ---
--- 任务结束: Fri Jul 24 06:20:01 PM CST 2026 ---
--- 任务开始: Fri Jul 24 06:30:01 PM CST 2026 ---
--- 任务结束: Fri Jul 24 06:30:01 PM CST 2026 ---
--- 任务开始: Fri Jul 24 06:40:01 PM CST 2026 ---
--- 任务结束: Fri Jul 24 06:40:01 PM CST 2026 ---
--- 任务开始: Fri Jul 24 06:50:01 PM CST 2026 ---
--- 任务结束: Fri Jul 24 06:50:01 PM CST 2026 ---
--- 任务开始: Fri Jul 24 07:00:01 PM CST 2026 ---
--- 任务结束: Fri Jul 24 07:00:01 PM CST 2026 ---
--- 任务开始: Fri Jul 24 07:10:01 PM CST 2026 ---
--- 任务结束: Fri Jul 24 07:10:01 PM CST 2026 ---
--- 任务开始: Fri Jul 24 07:20:01 PM CST 2026 ---
--- 任务结束: Fri Jul 24 07:20:01 PM CST 2026 ---
--- 任务开始: Fri Jul 24 07:30:01 PM CST 2026 ---
--- 任务结束: Fri Jul 24 07:30:01 PM CST 2026 ---
--- 任务开始: Fri Jul 24 07:40:01 PM CST 2026 ---
--- 任务结束: Fri Jul 24 07:40:01 PM CST 2026 ---
--- 任务开始: Fri Jul 24 07:50:01 PM CST 2026 ---
--- 任务结束: Fri Jul 24 07:50:01 PM CST 2026 ---
--- 任务开始: Fri Jul 24 08:00:01 PM CST 2026 ---
--- 任务结束: Fri Jul 24 08:00:01 PM CST 2026 ---
--- 任务开始: Fri Jul 24 08:10:01 PM CST 2026 ---
--- 任务结束: Fri Jul 24 08:10:01 PM CST 2026 ---
--- 任务开始: Fri Jul 24 08:20:01 PM CST 2026 ---
--- 任务结束: Fri Jul 24 08:20:01 PM CST 2026 ---
--- 任务开始: Fri Jul 24 08:30:01 PM CST 2026 ---
--- 任务结束: Fri Jul 24 08:30:01 PM CST 2026 ---
--- 任务开始: Fri Jul 24 08:40:01 PM CST 2026 ---
--- 任务结束: Fri Jul 24 08:40:01 PM CST 2026 ---
--- 任务开始: Fri Jul 24 08:50:01 PM CST 2026 ---
--- 任务结束: Fri Jul 24 08:50:01 PM CST 2026 ---
--- 任务开始: Fri Jul 24 09:00:01 PM CST 2026 ---
--- 任务结束: Fri Jul 24 09:00:01 PM CST 2026 ---
--- 任务开始: Fri Jul 24 09:10:02 PM CST 2026 ---
--- 任务结束: Fri Jul 24 09:10:02 PM CST 2026 ---
--- 任务开始: Fri Jul 24 09:20:01 PM CST 2026 ---
--- 任务结束: Fri Jul 24 09:20:01 PM CST 2026 ---
--- 任务开始: Fri Jul 24 09:30:01 PM CST 2026 ---
--- 任务结束: Fri Jul 24 09:30:01 PM CST 2026 ---
--- 任务开始: Fri Jul 24 09:40:01 PM CST 2026 ---
--- 任务结束: Fri Jul 24 09:40:01 PM CST 2026 ---
--- 任务开始: Fri Jul 24 09:50:01 PM CST 2026 ---
--- 任务结束: Fri Jul 24 09:50:01 PM CST 2026 ---
--- 任务开始: Fri Jul 24 10:00:01 PM CST 2026 ---
--- 任务结束: Fri Jul 24 10:00:01 PM CST 2026 ---
--- 任务开始: Fri Jul 24 10:10:01 PM CST 2026 ---
--- 任务结束: Fri Jul 24 10:10:01 PM CST 2026 ---
--- 任务开始: Fri Jul 24 10:20:01 PM CST 2026 ---
--- 任务结束: Fri Jul 24 10:20:01 PM CST 2026 ---
--- 任务开始: Fri Jul 24 10:30:01 PM CST 2026 ---
--- 任务结束: Fri Jul 24 10:30:01 PM CST 2026 ---
--- 任务开始: Fri Jul 24 10:40:01 PM CST 2026 ---
--- 任务结束: Fri Jul 24 10:40:01 PM CST 2026 ---
--- 任务开始: Fri Jul 24 10:50:01 PM CST 2026 ---
--- 任务结束: Fri Jul 24 10:50:01 PM CST 2026 ---
--- 任务开始: Fri Jul 24 11:00:01 PM CST 2026 ---
--- 任务结束: Fri Jul 24 11:00:01 PM CST 2026 ---
--- 任务开始: Fri Jul 24 11:10:01 PM CST 2026 ---
--- 任务结束: Fri Jul 24 11:10:01 PM CST 2026 ---
--- 任务开始: Fri Jul 24 11:20:01 PM CST 2026 ---
--- 任务结束: Fri Jul 24 11:20:01 PM CST 2026 ---
--- 任务开始: Fri Jul 24 11:30:01 PM CST 2026 ---
--- 任务结束: Fri Jul 24 11:30:01 PM CST 2026 ---
--- 任务开始: Fri Jul 24 11:40:01 PM CST 2026 ---
--- 任务结束: Fri Jul 24 11:40:01 PM CST 2026 ---
--- 任务开始: Fri Jul 24 11:50:01 PM CST 2026 ---
--- 任务结束: Fri Jul 24 11:50:01 PM CST 2026 ---
--- 任务开始: Sat Jul 25 12:00:01 AM CST 2026 ---
--- 任务结束: Sat Jul 25 12:00:01 AM CST 2026 ---
--- 任务开始: Sat Jul 25 12:10:01 AM CST 2026 ---
--- 任务结束: Sat Jul 25 12:10:01 AM CST 2026 ---
--- 任务开始: Sat Jul 25 12:20:01 AM CST 2026 ---
--- 任务结束: Sat Jul 25 12:20:01 AM CST 2026 ---
--- 任务开始: Sat Jul 25 12:30:01 AM CST 2026 ---
--- 任务结束: Sat Jul 25 12:30:01 AM CST 2026 ---
--- 任务开始: Sat Jul 25 12:40:01 AM CST 2026 ---
--- 任务结束: Sat Jul 25 12:40:01 AM CST 2026 ---
--- 任务开始: Sat Jul 25 12:50:01 AM CST 2026 ---
--- 任务结束: Sat Jul 25 12:50:01 AM CST 2026 ---
--- 任务开始: Sat Jul 25 01:00:01 AM CST 2026 ---
--- 任务结束: Sat Jul 25 01:00:01 AM CST 2026 ---
--- 任务开始: Sat Jul 25 01:10:01 AM CST 2026 ---
--- 任务结束: Sat Jul 25 01:10:01 AM CST 2026 ---
--- 任务开始: Sat Jul 25 01:20:01 AM CST 2026 ---
--- 任务结束: Sat Jul 25 01:20:01 AM CST 2026 ---
--- 任务开始: Sat Jul 25 01:30:01 AM CST 2026 ---
--- 任务结束: Sat Jul 25 01:30:01 AM CST 2026 ---
--- 任务开始: Sat Jul 25 01:40:01 AM CST 2026 ---
--- 任务结束: Sat Jul 25 01:40:01 AM CST 2026 ---
--- 任务开始: Sat Jul 25 01:50:02 AM CST 2026 ---
--- 任务结束: Sat Jul 25 01:50:02 AM CST 2026 ---
--- 任务开始: Sat Jul 25 02:00:01 AM CST 2026 ---
--- 任务结束: Sat Jul 25 02:00:01 AM CST 2026 ---
--- 任务开始: Sat Jul 25 02:10:01 AM CST 2026 ---
--- 任务结束: Sat Jul 25 02:10:01 AM CST 2026 ---
--- 任务开始: Sat Jul 25 02:20:01 AM CST 2026 ---
--- 任务结束: Sat Jul 25 02:20:01 AM CST 2026 ---
--- 任务开始: Sat Jul 25 02:30:01 AM CST 2026 ---
--- 任务结束: Sat Jul 25 02:30:01 AM CST 2026 ---
--- 任务开始: Sat Jul 25 02:40:01 AM CST 2026 ---
--- 任务结束: Sat Jul 25 02:40:01 AM CST 2026 ---
--- 任务开始: Sat Jul 25 02:50:01 AM CST 2026 ---
--- 任务结束: Sat Jul 25 02:50:01 AM CST 2026 ---
--- 任务开始: Sat Jul 25 03:00:01 AM CST 2026 ---
--- 任务结束: Sat Jul 25 03:00:01 AM CST 2026 ---
--- 任务开始: Sat Jul 25 03:10:01 AM CST 2026 ---
--- 任务结束: Sat Jul 25 03:10:01 AM CST 2026 ---
--- 任务开始: Sat Jul 25 03:20:01 AM CST 2026 ---
--- 任务结束: Sat Jul 25 03:20:01 AM CST 2026 ---
--- 任务开始: Sat Jul 25 03:30:01 AM CST 2026 ---
--- 任务结束: Sat Jul 25 03:30:01 AM CST 2026 ---
--- 任务开始: Sat Jul 25 03:40:01 AM CST 2026 ---
--- 任务结束: Sat Jul 25 03:40:01 AM CST 2026 ---
--- 任务开始: Sat Jul 25 03:50:01 AM CST 2026 ---
--- 任务结束: Sat Jul 25 03:50:01 AM CST 2026 ---
--- 任务开始: Sat Jul 25 04:00:01 AM CST 2026 ---
--- 任务结束: Sat Jul 25 04:00:01 AM CST 2026 ---
--- 任务开始: Sat Jul 25 04:10:01 AM CST 2026 ---
--- 任务结束: Sat Jul 25 04:10:01 AM CST 2026 ---
--- 任务开始: Sat Jul 25 04:20:01 AM CST 2026 ---
--- 任务结束: Sat Jul 25 04:20:01 AM CST 2026 ---
--- 任务开始: Sat Jul 25 04:30:01 AM CST 2026 ---
--- 任务结束: Sat Jul 25 04:30:01 AM CST 2026 ---
--- 任务开始: Sat Jul 25 04:40:01 AM CST 2026 ---
--- 任务结束: Sat Jul 25 04:40:01 AM CST 2026 ---
--- 任务开始: Sat Jul 25 04:50:01 AM CST 2026 ---
--- 任务结束: Sat Jul 25 04:50:01 AM CST 2026 ---
--- 任务开始: Sat Jul 25 05:00:01 AM CST 2026 ---
--- 任务结束: Sat Jul 25 05:00:01 AM CST 2026 ---
--- 任务开始: Sat Jul 25 05:10:01 AM CST 2026 ---
--- 任务结束: Sat Jul 25 05:10:01 AM CST 2026 ---
--- 任务开始: Sat Jul 25 05:20:01 AM CST 2026 ---
--- 任务结束: Sat Jul 25 05:20:01 AM CST 2026 ---
--- 任务开始: Sat Jul 25 05:30:01 AM CST 2026 ---
--- 任务结束: Sat Jul 25 05:30:01 AM CST 2026 ---
--- 任务开始: Sat Jul 25 05:40:01 AM CST 2026 ---
--- 任务结束: Sat Jul 25 05:40:01 AM CST 2026 ---
--- 任务开始: Sat Jul 25 05:50:01 AM CST 2026 ---
--- 任务结束: Sat Jul 25 05:50:01 AM CST 2026 ---
--- 任务开始: Sat Jul 25 06:00:01 AM CST 2026 ---
--- 任务结束: Sat Jul 25 06:00:01 AM CST 2026 ---
--- 任务开始: Sat Jul 25 06:10:01 AM CST 2026 ---
--- 任务结束: Sat Jul 25 06:10:01 AM CST 2026 ---
--- 任务开始: Sat Jul 25 06:20:01 AM CST 2026 ---
--- 任务结束: Sat Jul 25 06:20:01 AM CST 2026 ---
--- 任务开始: Sat Jul 25 06:30:01 AM CST 2026 ---
--- 任务结束: Sat Jul 25 06:30:01 AM CST 2026 ---
--- 任务开始: Sat Jul 25 06:40:01 AM CST 2026 ---
--- 任务结束: Sat Jul 25 06:40:01 AM CST 2026 ---
--- 任务开始: Sat Jul 25 06:50:01 AM CST 2026 ---
--- 任务结束: Sat Jul 25 06:50:01 AM CST 2026 ---
--- 任务开始: Sat Jul 25 07:00:01 AM CST 2026 ---
--- 任务结束: Sat Jul 25 07:00:01 AM CST 2026 ---
--- 任务开始: Sat Jul 25 07:10:01 AM CST 2026 ---
--- 任务结束: Sat Jul 25 07:10:01 AM CST 2026 ---
--- 任务开始: Sat Jul 25 07:20:01 AM CST 2026 ---
--- 任务结束: Sat Jul 25 07:20:01 AM CST 2026 ---
--- 任务开始: Sat Jul 25 07:30:01 AM CST 2026 ---
--- 任务结束: Sat Jul 25 07:30:01 AM CST 2026 ---
--- 任务开始: Sat Jul 25 07:40:01 AM CST 2026 ---
--- 任务结束: Sat Jul 25 07:40:01 AM CST 2026 ---
--- 任务开始: Sat Jul 25 07:50:01 AM CST 2026 ---
--- 任务结束: Sat Jul 25 07:50:01 AM CST 2026 ---
--- 任务开始: Sat Jul 25 08:00:01 AM CST 2026 ---
--- 任务结束: Sat Jul 25 08:00:01 AM CST 2026 ---
--- 任务开始: Sat Jul 25 08:10:01 AM CST 2026 ---
--- 任务结束: Sat Jul 25 08:10:01 AM CST 2026 ---
--- 任务开始: Sat Jul 25 08:20:01 AM CST 2026 ---
--- 任务结束: Sat Jul 25 08:20:01 AM CST 2026 ---
--- 任务开始: Sat Jul 25 08:30:01 AM CST 2026 ---
--- 任务结束: Sat Jul 25 08:30:01 AM CST 2026 ---
--- 任务开始: Sat Jul 25 08:40:01 AM CST 2026 ---
--- 任务结束: Sat Jul 25 08:40:01 AM CST 2026 ---
--- 任务开始: Sat Jul 25 08:50:01 AM CST 2026 ---
--- 任务结束: Sat Jul 25 08:50:01 AM CST 2026 ---
--- 任务开始: Sat Jul 25 09:00:01 AM CST 2026 ---
--- 任务结束: Sat Jul 25 09:00:01 AM CST 2026 ---
--- 任务开始: Sat Jul 25 09:10:01 AM CST 2026 ---
--- 任务结束: Sat Jul 25 09:10:01 AM CST 2026 ---
--- 任务开始: Sat Jul 25 09:20:01 AM CST 2026 ---
--- 任务结束: Sat Jul 25 09:20:01 AM CST 2026 ---
--- 任务开始: Sat Jul 25 09:30:01 AM CST 2026 ---
--- 任务结束: Sat Jul 25 09:30:01 AM CST 2026 ---
--- 任务开始: Sat Jul 25 09:40:01 AM CST 2026 ---
--- 任务结束: Sat Jul 25 09:40:01 AM CST 2026 ---
--- 任务开始: Sat Jul 25 09:50:02 AM CST 2026 ---
--- 任务结束: Sat Jul 25 09:50:02 AM CST 2026 ---
--- 任务开始: Sat Jul 25 10:00:01 AM CST 2026 ---
--- 任务结束: Sat Jul 25 10:00:01 AM CST 2026 ---
--- 任务开始: Sat Jul 25 10:10:01 AM CST 2026 ---
--- 任务结束: Sat Jul 25 10:10:01 AM CST 2026 ---
--- 任务开始: Sat Jul 25 10:20:01 AM CST 2026 ---
--- 任务结束: Sat Jul 25 10:20:01 AM CST 2026 ---
--- 任务开始: Sat Jul 25 10:30:01 AM CST 2026 ---
--- 任务结束: Sat Jul 25 10:30:01 AM CST 2026 ---
--- 任务开始: Sat Jul 25 10:40:01 AM CST 2026 ---
--- 任务结束: Sat Jul 25 10:40:01 AM CST 2026 ---
--- 任务开始: Sat Jul 25 10:50:01 AM CST 2026 ---
--- 任务结束: Sat Jul 25 10:50:01 AM CST 2026 ---
--- 任务开始: Sat Jul 25 11:00:01 AM CST 2026 ---
--- 任务结束: Sat Jul 25 11:00:01 AM CST 2026 ---
--- 任务开始: Sat Jul 25 11:10:01 AM CST 2026 ---
--- 任务结束: Sat Jul 25 11:10:01 AM CST 2026 ---
--- 任务开始: Sat Jul 25 11:20:01 AM CST 2026 ---
--- 任务结束: Sat Jul 25 11:20:01 AM CST 2026 ---
--- 任务开始: Sat Jul 25 11:30:01 AM CST 2026 ---
--- 任务结束: Sat Jul 25 11:30:01 AM CST 2026 ---
--- 任务开始: Sat Jul 25 11:40:01 AM CST 2026 ---
--- 任务结束: Sat Jul 25 11:40:01 AM CST 2026 ---
--- 任务开始: Sat Jul 25 11:50:01 AM CST 2026 ---
--- 任务结束: Sat Jul 25 11:50:01 AM CST 2026 ---
--- 任务开始: Sat Jul 25 12:00:01 PM CST 2026 ---
--- 任务结束: Sat Jul 25 12:00:01 PM CST 2026 ---
--- 任务开始: Sat Jul 25 12:10:01 PM CST 2026 ---
--- 任务结束: Sat Jul 25 12:10:01 PM CST 2026 ---
--- 任务开始: Sat Jul 25 12:20:01 PM CST 2026 ---
--- 任务结束: Sat Jul 25 12:20:01 PM CST 2026 ---
--- 任务开始: Sat Jul 25 12:30:01 PM CST 2026 ---
--- 任务结束: Sat Jul 25 12:30:01 PM CST 2026 ---
--- 任务开始: Sat Jul 25 12:40:01 PM CST 2026 ---
--- 任务结束: Sat Jul 25 12:40:01 PM CST 2026 ---
--- 任务开始: Sat Jul 25 12:50:01 PM CST 2026 ---
--- 任务结束: Sat Jul 25 12:50:01 PM CST 2026 ---
--- 任务开始: Sat Jul 25 01:00:01 PM CST 2026 ---
--- 任务结束: Sat Jul 25 01:00:01 PM CST 2026 ---
--- 任务开始: Sat Jul 25 01:10:01 PM CST 2026 ---
--- 任务结束: Sat Jul 25 01:10:01 PM CST 2026 ---
--- 任务开始: Sat Jul 25 01:20:01 PM CST 2026 ---
--- 任务结束: Sat Jul 25 01:20:01 PM CST 2026 ---
--- 任务开始: Sat Jul 25 01:30:01 PM CST 2026 ---
--- 任务结束: Sat Jul 25 01:30:01 PM CST 2026 ---
--- 任务开始: Sat Jul 25 01:40:01 PM CST 2026 ---
--- 任务结束: Sat Jul 25 01:40:01 PM CST 2026 ---
--- 任务开始: Sat Jul 25 01:50:01 PM CST 2026 ---
--- 任务结束: Sat Jul 25 01:50:01 PM CST 2026 ---
--- 任务开始: Sat Jul 25 02:00:01 PM CST 2026 ---
--- 任务结束: Sat Jul 25 02:00:01 PM CST 2026 ---
--- 任务开始: Sat Jul 25 02:10:01 PM CST 2026 ---
--- 任务结束: Sat Jul 25 02:10:01 PM CST 2026 ---
--- 任务开始: Sat Jul 25 02:20:01 PM CST 2026 ---
--- 任务结束: Sat Jul 25 02:20:01 PM CST 2026 ---
--- 任务开始: Sat Jul 25 02:30:01 PM CST 2026 ---
--- 任务结束: Sat Jul 25 02:30:01 PM CST 2026 ---
--- 任务开始: Sat Jul 25 02:40:01 PM CST 2026 ---
--- 任务结束: Sat Jul 25 02:40:01 PM CST 2026 ---
--- 任务开始: Sat Jul 25 02:50:01 PM CST 2026 ---
--- 任务结束: Sat Jul 25 02:50:01 PM CST 2026 ---
--- 任务开始: Sat Jul 25 03:00:01 PM CST 2026 ---
--- 任务结束: Sat Jul 25 03:00:01 PM CST 2026 ---
--- 任务开始: Sat Jul 25 03:10:01 PM CST 2026 ---
--- 任务结束: Sat Jul 25 03:10:01 PM CST 2026 ---
--- 任务开始: Sat Jul 25 03:20:01 PM CST 2026 ---
--- 任务结束: Sat Jul 25 03:20:01 PM CST 2026 ---
--- 任务开始: Sat Jul 25 03:30:01 PM CST 2026 ---
--- 任务结束: Sat Jul 25 03:30:01 PM CST 2026 ---
--- 任务开始: Sat Jul 25 03:40:01 PM CST 2026 ---
--- 任务结束: Sat Jul 25 03:40:01 PM CST 2026 ---
--- 任务开始: Sat Jul 25 03:50:01 PM CST 2026 ---
--- 任务结束: Sat Jul 25 03:50:01 PM CST 2026 ---
--- 任务开始: Sat Jul 25 04:00:01 PM CST 2026 ---
--- 任务结束: Sat Jul 25 04:00:01 PM CST 2026 ---
--- 任务开始: Sat Jul 25 04:10:01 PM CST 2026 ---
--- 任务结束: Sat Jul 25 04:10:01 PM CST 2026 ---
--- 任务开始: Sat Jul 25 04:20:01 PM CST 2026 ---
--- 任务结束: Sat Jul 25 04:20:01 PM CST 2026 ---
--- 任务开始: Sat Jul 25 04:30:01 PM CST 2026 ---
--- 任务结束: Sat Jul 25 04:30:01 PM CST 2026 ---
--- 任务开始: Sat Jul 25 04:40:01 PM CST 2026 ---
--- 任务结束: Sat Jul 25 04:40:01 PM CST 2026 ---
--- 任务开始: Sat Jul 25 04:50:01 PM CST 2026 ---
--- 任务结束: Sat Jul 25 04:50:01 PM CST 2026 ---
--- 任务开始: Sat Jul 25 05:00:01 PM CST 2026 ---
--- 任务结束: Sat Jul 25 05:00:01 PM CST 2026 ---
--- 任务开始: Sat Jul 25 05:10:01 PM CST 2026 ---
--- 任务结束: Sat Jul 25 05:10:01 PM CST 2026 ---
--- 任务开始: Sat Jul 25 05:20:01 PM CST 2026 ---
--- 任务结束: Sat Jul 25 05:20:01 PM CST 2026 ---
--- 任务开始: Sat Jul 25 05:30:01 PM CST 2026 ---
--- 任务结束: Sat Jul 25 05:30:01 PM CST 2026 ---
--- 任务开始: Sat Jul 25 05:40:01 PM CST 2026 ---
--- 任务结束: Sat Jul 25 05:40:01 PM CST 2026 ---
--- 任务开始: Sat Jul 25 05:50:01 PM CST 2026 ---
--- 任务结束: Sat Jul 25 05:50:01 PM CST 2026 ---
--- 任务开始: Sat Jul 25 06:00:01 PM CST 2026 ---
--- 任务结束: Sat Jul 25 06:00:01 PM CST 2026 ---
--- 任务开始: Sat Jul 25 06:10:01 PM CST 2026 ---
--- 任务结束: Sat Jul 25 06:10:01 PM CST 2026 ---
--- 任务开始: Sat Jul 25 06:20:01 PM CST 2026 ---
--- 任务结束: Sat Jul 25 06:20:01 PM CST 2026 ---
--- 任务开始: Sat Jul 25 06:30:01 PM CST 2026 ---
--- 任务结束: Sat Jul 25 06:30:01 PM CST 2026 ---
--- 任务开始: Sat Jul 25 06:40:01 PM CST 2026 ---
--- 任务结束: Sat Jul 25 06:40:01 PM CST 2026 ---
--- 任务开始: Sat Jul 25 06:50:01 PM CST 2026 ---
--- 任务结束: Sat Jul 25 06:50:01 PM CST 2026 ---
--- 任务开始: Sat Jul 25 07:00:01 PM CST 2026 ---
--- 任务结束: Sat Jul 25 07:00:01 PM CST 2026 ---
--- 任务开始: Sat Jul 25 07:10:01 PM CST 2026 ---
--- 任务结束: Sat Jul 25 07:10:01 PM CST 2026 ---
--- 任务开始: Sat Jul 25 07:20:01 PM CST 2026 ---
--- 任务结束: Sat Jul 25 07:20:01 PM CST 2026 ---
--- 任务开始: Sat Jul 25 07:30:02 PM CST 2026 ---
--- 任务结束: Sat Jul 25 07:30:02 PM CST 2026 ---
--- 任务开始: Sat Jul 25 07:40:01 PM CST 2026 ---
--- 任务结束: Sat Jul 25 07:40:01 PM CST 2026 ---
--- 任务开始: Sat Jul 25 07:50:01 PM CST 2026 ---
--- 任务结束: Sat Jul 25 07:50:01 PM CST 2026 ---
--- 任务开始: Sat Jul 25 08:00:01 PM CST 2026 ---
--- 任务结束: Sat Jul 25 08:00:01 PM CST 2026 ---
--- 任务开始: Sat Jul 25 08:10:01 PM CST 2026 ---
--- 任务结束: Sat Jul 25 08:10:01 PM CST 2026 ---
--- 任务开始: Sat Jul 25 08:20:01 PM CST 2026 ---
--- 任务结束: Sat Jul 25 08:20:01 PM CST 2026 ---
--- 任务开始: Sat Jul 25 08:30:01 PM CST 2026 ---
--- 任务结束: Sat Jul 25 08:30:01 PM CST 2026 ---
--- 任务开始: Sat Jul 25 08:40:01 PM CST 2026 ---
--- 任务结束: Sat Jul 25 08:40:01 PM CST 2026 ---
--- 任务开始: Sat Jul 25 08:50:01 PM CST 2026 ---
--- 任务结束: Sat Jul 25 08:50:01 PM CST 2026 ---
--- 任务开始: Sat Jul 25 09:00:01 PM CST 2026 ---
--- 任务结束: Sat Jul 25 09:00:01 PM CST 2026 ---
--- 任务开始: Sat Jul 25 09:10:01 PM CST 2026 ---
--- 任务结束: Sat Jul 25 09:10:01 PM CST 2026 ---
--- 任务开始: Sat Jul 25 09:20:01 PM CST 2026 ---
--- 任务结束: Sat Jul 25 09:20:01 PM CST 2026 ---
--- 任务开始: Sat Jul 25 09:30:01 PM CST 2026 ---
--- 任务结束: Sat Jul 25 09:30:01 PM CST 2026 ---
--- 任务开始: Sat Jul 25 09:40:01 PM CST 2026 ---
--- 任务结束: Sat Jul 25 09:40:01 PM CST 2026 ---
--- 任务开始: Sat Jul 25 09:50:01 PM CST 2026 ---
--- 任务结束: Sat Jul 25 09:50:01 PM CST 2026 ---
--- 任务开始: Sat Jul 25 10:00:01 PM CST 2026 ---
--- 任务结束: Sat Jul 25 10:00:01 PM CST 2026 ---
--- 任务开始: Sat Jul 25 10:10:01 PM CST 2026 ---
--- 任务结束: Sat Jul 25 10:10:01 PM CST 2026 ---
--- 任务开始: Sat Jul 25 10:20:01 PM CST 2026 ---
--- 任务结束: Sat Jul 25 10:20:01 PM CST 2026 ---
--- 任务开始: Sat Jul 25 10:30:01 PM CST 2026 ---
--- 任务结束: Sat Jul 25 10:30:01 PM CST 2026 ---
--- 任务开始: Sat Jul 25 10:40:01 PM CST 2026 ---
--- 任务结束: Sat Jul 25 10:40:01 PM CST 2026 ---
--- 任务开始: Sat Jul 25 10:50:01 PM CST 2026 ---
--- 任务结束: Sat Jul 25 10:50:01 PM CST 2026 ---
--- 任务开始: Sat Jul 25 11:00:01 PM CST 2026 ---
--- 任务结束: Sat Jul 25 11:00:01 PM CST 2026 ---
--- 任务开始: Sat Jul 25 11:10:01 PM CST 2026 ---
--- 任务结束: Sat Jul 25 11:10:01 PM CST 2026 ---
--- 任务开始: Sat Jul 25 11:20:01 PM CST 2026 ---
--- 任务结束: Sat Jul 25 11:20:01 PM CST 2026 ---
--- 任务开始: Sat Jul 25 11:30:01 PM CST 2026 ---
--- 任务结束: Sat Jul 25 11:30:57 PM CST 2026 ---
--- 任务开始: Sat Jul 25 11:40:01 PM CST 2026 ---
--- 任务结束: Sat Jul 25 11:40:01 PM CST 2026 ---
--- 任务开始: Sat Jul 25 11:50:02 PM CST 2026 ---
--- 任务结束: Sat Jul 25 11:50:02 PM CST 2026 ---
--- 任务开始: Sun Jul 26 12:00:01 AM CST 2026 ---
--- 任务结束: Sun Jul 26 12:00:58 AM CST 2026 ---
--- 任务开始: Sun Jul 26 12:10:01 AM CST 2026 ---
--- 任务结束: Sun Jul 26 12:10:01 AM CST 2026 ---
--- 任务开始: Sun Jul 26 12:20:01 AM CST 2026 ---
--- 任务结束: Sun Jul 26 12:20:02 AM CST 2026 ---
--- 任务开始: Sun Jul 26 12:30:01 AM CST 2026 ---
--- 任务结束: Sun Jul 26 12:30:57 AM CST 2026 ---
--- 任务开始: Sun Jul 26 12:40:01 AM CST 2026 ---
--- 任务结束: Sun Jul 26 12:40:01 AM CST 2026 ---
--- 任务开始: Sun Jul 26 12:50:01 AM CST 2026 ---
--- 任务结束: Sun Jul 26 12:50:01 AM CST 2026 ---
--- 任务开始: Sun Jul 26 01:00:01 AM CST 2026 ---
--- 任务结束: Sun Jul 26 01:00:57 AM CST 2026 ---
--- 任务开始: Sun Jul 26 01:10:01 AM CST 2026 ---
--- 任务结束: Sun Jul 26 01:10:01 AM CST 2026 ---
--- 任务开始: Sun Jul 26 01:20:01 AM CST 2026 ---
--- 任务结束: Sun Jul 26 01:20:01 AM CST 2026 ---
--- 任务开始: Sun Jul 26 01:30:01 AM CST 2026 ---
--- 任务结束: Sun Jul 26 01:30:57 AM CST 2026 ---
--- 任务开始: Sun Jul 26 01:40:01 AM CST 2026 ---
--- 任务结束: Sun Jul 26 01:40:01 AM CST 2026 ---
--- 任务开始: Sun Jul 26 01:50:01 AM CST 2026 ---
--- 任务结束: Sun Jul 26 01:50:01 AM CST 2026 ---
--- 任务开始: Sun Jul 26 02:00:01 AM CST 2026 ---
--- 任务结束: Sun Jul 26 02:00:57 AM CST 2026 ---
--- 任务开始: Sun Jul 26 02:10:01 AM CST 2026 ---
--- 任务结束: Sun Jul 26 02:10:19 AM CST 2026 ---
--- 任务开始: Sun Jul 26 02:20:01 AM CST 2026 ---
--- 任务结束: Sun Jul 26 02:20:01 AM CST 2026 ---
--- 任务开始: Sun Jul 26 02:30:01 AM CST 2026 ---
--- 任务结束: Sun Jul 26 02:30:01 AM CST 2026 ---
--- 任务开始: Sun Jul 26 02:40:01 AM CST 2026 ---
--- 任务结束: Sun Jul 26 02:40:01 AM CST 2026 ---
--- 任务开始: Sun Jul 26 02:50:01 AM CST 2026 ---
--- 任务结束: Sun Jul 26 02:50:01 AM CST 2026 ---
--- 任务开始: Sun Jul 26 03:00:01 AM CST 2026 ---
--- 任务结束: Sun Jul 26 03:00:01 AM CST 2026 ---
--- 任务开始: Sun Jul 26 03:10:01 AM CST 2026 ---
--- 任务结束: Sun Jul 26 03:10:01 AM CST 2026 ---
--- 任务开始: Sun Jul 26 03:20:01 AM CST 2026 ---
--- 任务结束: Sun Jul 26 03:20:01 AM CST 2026 ---
--- 任务开始: Sun Jul 26 03:30:01 AM CST 2026 ---
--- 任务结束: Sun Jul 26 03:30:01 AM CST 2026 ---
--- 任务开始: Sun Jul 26 03:40:01 AM CST 2026 ---
--- 任务结束: Sun Jul 26 03:40:01 AM CST 2026 ---
--- 任务开始: Sun Jul 26 03:50:01 AM CST 2026 ---
--- 任务结束: Sun Jul 26 03:50:01 AM CST 2026 ---
--- 任务开始: Sun Jul 26 04:00:01 AM CST 2026 ---
--- 任务结束: Sun Jul 26 04:00:01 AM CST 2026 ---
--- 任务开始: Sun Jul 26 04:10:01 AM CST 2026 ---
--- 任务结束: Sun Jul 26 04:10:01 AM CST 2026 ---
--- 任务开始: Sun Jul 26 04:20:01 AM CST 2026 ---
--- 任务结束: Sun Jul 26 04:20:01 AM CST 2026 ---
--- 任务开始: Sun Jul 26 04:30:01 AM CST 2026 ---
--- 任务结束: Sun Jul 26 04:30:01 AM CST 2026 ---
--- 任务开始: Sun Jul 26 04:40:01 AM CST 2026 ---
--- 任务结束: Sun Jul 26 04:40:01 AM CST 2026 ---
--- 任务开始: Sun Jul 26 04:50:01 AM CST 2026 ---
--- 任务结束: Sun Jul 26 04:50:01 AM CST 2026 ---
--- 任务开始: Sun Jul 26 05:00:01 AM CST 2026 ---
--- 任务结束: Sun Jul 26 05:00:01 AM CST 2026 ---
--- 任务开始: Sun Jul 26 05:10:01 AM CST 2026 ---
--- 任务结束: Sun Jul 26 05:10:01 AM CST 2026 ---
--- 任务开始: Sun Jul 26 05:20:01 AM CST 2026 ---
--- 任务结束: Sun Jul 26 05:20:01 AM CST 2026 ---
--- 任务开始: Sun Jul 26 05:30:01 AM CST 2026 ---
--- 任务结束: Sun Jul 26 05:30:01 AM CST 2026 ---
--- 任务开始: Sun Jul 26 05:40:01 AM CST 2026 ---
--- 任务结束: Sun Jul 26 05:40:01 AM CST 2026 ---
--- 任务开始: Sun Jul 26 05:50:01 AM CST 2026 ---
--- 任务结束: Sun Jul 26 05:50:01 AM CST 2026 ---
--- 任务开始: Sun Jul 26 06:00:01 AM CST 2026 ---
--- 任务结束: Sun Jul 26 06:00:01 AM CST 2026 ---
--- 任务开始: Sun Jul 26 06:10:01 AM CST 2026 ---
--- 任务结束: Sun Jul 26 06:10:01 AM CST 2026 ---
--- 任务开始: Sun Jul 26 06:20:01 AM CST 2026 ---
--- 任务结束: Sun Jul 26 06:20:01 AM CST 2026 ---
--- 任务开始: Sun Jul 26 06:30:01 AM CST 2026 ---
--- 任务结束: Sun Jul 26 06:30:01 AM CST 2026 ---
--- 任务开始: Sun Jul 26 06:40:01 AM CST 2026 ---
--- 任务结束: Sun Jul 26 06:40:01 AM CST 2026 ---
--- 任务开始: Sun Jul 26 06:50:01 AM CST 2026 ---
--- 任务结束: Sun Jul 26 06:50:01 AM CST 2026 ---
--- 任务开始: Sun Jul 26 07:00:01 AM CST 2026 ---
--- 任务结束: Sun Jul 26 07:00:01 AM CST 2026 ---
--- 任务开始: Sun Jul 26 07:10:01 AM CST 2026 ---
--- 任务结束: Sun Jul 26 07:10:01 AM CST 2026 ---
--- 任务开始: Sun Jul 26 07:20:01 AM CST 2026 ---
--- 任务结束: Sun Jul 26 07:20:01 AM CST 2026 ---
--- 任务开始: Sun Jul 26 07:30:01 AM CST 2026 ---
--- 任务结束: Sun Jul 26 07:30:01 AM CST 2026 ---
--- 任务开始: Sun Jul 26 07:40:01 AM CST 2026 ---
--- 任务结束: Sun Jul 26 07:40:01 AM CST 2026 ---
--- 任务开始: Sun Jul 26 07:50:01 AM CST 2026 ---
--- 任务结束: Sun Jul 26 07:50:01 AM CST 2026 ---
--- 任务开始: Sun Jul 26 08:00:01 AM CST 2026 ---
--- 任务结束: Sun Jul 26 08:00:01 AM CST 2026 ---
--- 任务开始: Sun Jul 26 08:10:01 AM CST 2026 ---
--- 任务结束: Sun Jul 26 08:10:01 AM CST 2026 ---
--- 任务开始: Sun Jul 26 08:20:01 AM CST 2026 ---
--- 任务结束: Sun Jul 26 08:20:01 AM CST 2026 ---
--- 任务开始: Sun Jul 26 08:30:01 AM CST 2026 ---
--- 任务结束: Sun Jul 26 08:30:01 AM CST 2026 ---
--- 任务开始: Sun Jul 26 08:40:01 AM CST 2026 ---
--- 任务结束: Sun Jul 26 08:40:01 AM CST 2026 ---
--- 任务开始: Sun Jul 26 08:50:01 AM CST 2026 ---
--- 任务结束: Sun Jul 26 08:50:01 AM CST 2026 ---
--- 任务开始: Sun Jul 26 09:00:01 AM CST 2026 ---
--- 任务结束: Sun Jul 26 09:00:01 AM CST 2026 ---
--- 任务开始: Sun Jul 26 09:10:01 AM CST 2026 ---
--- 任务结束: Sun Jul 26 09:10:01 AM CST 2026 ---
--- 任务开始: Sun Jul 26 09:20:01 AM CST 2026 ---
--- 任务结束: Sun Jul 26 09:20:01 AM CST 2026 ---
--- 任务开始: Sun Jul 26 09:30:01 AM CST 2026 ---
--- 任务结束: Sun Jul 26 09:30:01 AM CST 2026 ---
--- 任务开始: Sun Jul 26 09:40:01 AM CST 2026 ---
--- 任务结束: Sun Jul 26 09:40:01 AM CST 2026 ---
--- 任务开始: Sun Jul 26 09:50:01 AM CST 2026 ---
--- 任务结束: Sun Jul 26 09:50:01 AM CST 2026 ---
--- 任务开始: Sun Jul 26 10:00:01 AM CST 2026 ---
--- 任务结束: Sun Jul 26 10:00:01 AM CST 2026 ---
--- 任务开始: Sun Jul 26 10:10:01 AM CST 2026 ---
--- 任务结束: Sun Jul 26 10:10:01 AM CST 2026 ---
--- 任务开始: Sun Jul 26 10:20:01 AM CST 2026 ---
--- 任务结束: Sun Jul 26 10:20:01 AM CST 2026 ---
--- 任务开始: Sun Jul 26 10:30:01 AM CST 2026 ---
--- 任务结束: Sun Jul 26 10:30:01 AM CST 2026 ---
--- 任务开始: Sun Jul 26 10:40:02 AM CST 2026 ---
--- 任务结束: Sun Jul 26 10:40:02 AM CST 2026 ---
--- 任务开始: Sun Jul 26 10:50:01 AM CST 2026 ---
--- 任务结束: Sun Jul 26 10:50:01 AM CST 2026 ---
--- 任务开始: Sun Jul 26 11:00:01 AM CST 2026 ---
--- 任务结束: Sun Jul 26 11:00:01 AM CST 2026 ---
--- 任务开始: Sun Jul 26 11:10:01 AM CST 2026 ---
--- 任务结束: Sun Jul 26 11:10:01 AM CST 2026 ---
--- 任务开始: Sun Jul 26 11:20:01 AM CST 2026 ---
--- 任务结束: Sun Jul 26 11:20:01 AM CST 2026 ---
--- 任务开始: Sun Jul 26 11:30:01 AM CST 2026 ---
--- 任务结束: Sun Jul 26 11:30:01 AM CST 2026 ---
--- 任务开始: Sun Jul 26 11:40:01 AM CST 2026 ---
--- 任务结束: Sun Jul 26 11:40:01 AM CST 2026 ---
--- 任务开始: Sun Jul 26 11:50:01 AM CST 2026 ---
--- 任务结束: Sun Jul 26 11:50:01 AM CST 2026 ---
--- 任务开始: Sun Jul 26 12:00:01 PM CST 2026 ---
--- 任务结束: Sun Jul 26 12:00:01 PM CST 2026 ---
--- 任务开始: Sun Jul 26 12:10:01 PM CST 2026 ---
--- 任务结束: Sun Jul 26 12:10:01 PM CST 2026 ---
--- 任务开始: Sun Jul 26 12:20:01 PM CST 2026 ---
--- 任务结束: Sun Jul 26 12:20:01 PM CST 2026 ---
--- 任务开始: Sun Jul 26 12:30:01 PM CST 2026 ---
--- 任务结束: Sun Jul 26 12:30:01 PM CST 2026 ---
--- 任务开始: Sun Jul 26 12:40:01 PM CST 2026 ---
--- 任务结束: Sun Jul 26 12:40:01 PM CST 2026 ---
--- 任务开始: Sun Jul 26 12:50:01 PM CST 2026 ---
--- 任务结束: Sun Jul 26 12:50:01 PM CST 2026 ---
--- 任务开始: Sun Jul 26 01:00:01 PM CST 2026 ---
--- 任务结束: Sun Jul 26 01:00:01 PM CST 2026 ---
--- 任务开始: Sun Jul 26 01:10:01 PM CST 2026 ---
--- 任务结束: Sun Jul 26 01:10:01 PM CST 2026 ---
--- 任务开始: Sun Jul 26 01:20:01 PM CST 2026 ---
--- 任务结束: Sun Jul 26 01:20:01 PM CST 2026 ---
--- 任务开始: Sun Jul 26 01:30:01 PM CST 2026 ---
--- 任务结束: Sun Jul 26 01:30:01 PM CST 2026 ---
--- 任务开始: Sun Jul 26 01:40:01 PM CST 2026 ---
--- 任务结束: Sun Jul 26 01:40:01 PM CST 2026 ---
--- 任务开始: Sun Jul 26 01:50:01 PM CST 2026 ---
--- 任务结束: Sun Jul 26 01:50:01 PM CST 2026 ---
--- 任务开始: Sun Jul 26 02:00:01 PM CST 2026 ---
--- 任务结束: Sun Jul 26 02:00:01 PM CST 2026 ---
--- 任务开始: Sun Jul 26 02:10:01 PM CST 2026 ---
--- 任务结束: Sun Jul 26 02:10:01 PM CST 2026 ---
--- 任务开始: Sun Jul 26 02:20:01 PM CST 2026 ---
--- 任务结束: Sun Jul 26 02:20:01 PM CST 2026 ---
--- 任务开始: Sun Jul 26 02:30:01 PM CST 2026 ---
--- 任务结束: Sun Jul 26 02:30:01 PM CST 2026 ---
--- 任务开始: Sun Jul 26 02:40:01 PM CST 2026 ---
--- 任务结束: Sun Jul 26 02:40:01 PM CST 2026 ---
--- 任务开始: Sun Jul 26 02:50:01 PM CST 2026 ---
--- 任务结束: Sun Jul 26 02:50:01 PM CST 2026 ---
--- 任务开始: Sun Jul 26 03:00:01 PM CST 2026 ---
--- 任务结束: Sun Jul 26 03:00:01 PM CST 2026 ---
--- 任务开始: Sun Jul 26 03:10:01 PM CST 2026 ---
--- 任务结束: Sun Jul 26 03:10:01 PM CST 2026 ---
--- 任务开始: Sun Jul 26 03:20:01 PM CST 2026 ---
--- 任务结束: Sun Jul 26 03:20:01 PM CST 2026 ---
--- 任务开始: Sun Jul 26 03:30:02 PM CST 2026 ---
--- 任务结束: Sun Jul 26 03:30:02 PM CST 2026 ---
--- 任务开始: Sun Jul 26 03:40:01 PM CST 2026 ---
--- 任务结束: Sun Jul 26 03:40:01 PM CST 2026 ---
--- 任务开始: Sun Jul 26 03:50:01 PM CST 2026 ---
--- 任务结束: Sun Jul 26 03:50:01 PM CST 2026 ---
--- 任务开始: Sun Jul 26 04:00:01 PM CST 2026 ---
--- 任务结束: Sun Jul 26 04:00:01 PM CST 2026 ---
--- 任务开始: Sun Jul 26 04:10:01 PM CST 2026 ---
--- 任务结束: Sun Jul 26 04:10:01 PM CST 2026 ---
--- 任务开始: Sun Jul 26 04:20:01 PM CST 2026 ---
--- 任务结束: Sun Jul 26 04:20:01 PM CST 2026 ---
--- 任务开始: Sun Jul 26 04:30:01 PM CST 2026 ---
--- 任务结束: Sun Jul 26 04:30:01 PM CST 2026 ---
--- 任务开始: Sun Jul 26 04:40:01 PM CST 2026 ---
--- 任务结束: Sun Jul 26 04:40:01 PM CST 2026 ---
--- 任务开始: Sun Jul 26 04:50:01 PM CST 2026 ---
--- 任务结束: Sun Jul 26 04:50:01 PM CST 2026 ---
--- 任务开始: Sun Jul 26 05:00:01 PM CST 2026 ---
--- 任务结束: Sun Jul 26 05:00:01 PM CST 2026 ---
--- 任务开始: Sun Jul 26 05:10:01 PM CST 2026 ---
--- 任务结束: Sun Jul 26 05:10:01 PM CST 2026 ---
--- 任务开始: Sun Jul 26 05:20:01 PM CST 2026 ---
--- 任务结束: Sun Jul 26 05:20:01 PM CST 2026 ---
--- 任务开始: Sun Jul 26 05:30:01 PM CST 2026 ---
--- 任务结束: Sun Jul 26 05:30:01 PM CST 2026 ---
--- 任务开始: Sun Jul 26 05:40:01 PM CST 2026 ---
--- 任务结束: Sun Jul 26 05:40:01 PM CST 2026 ---
--- 任务开始: Sun Jul 26 05:50:01 PM CST 2026 ---
--- 任务结束: Sun Jul 26 05:50:01 PM CST 2026 ---
--- 任务开始: Sun Jul 26 06:00:01 PM CST 2026 ---
--- 任务结束: Sun Jul 26 06:00:01 PM CST 2026 ---
--- 任务开始: Sun Jul 26 06:10:01 PM CST 2026 ---
--- 任务结束: Sun Jul 26 06:10:01 PM CST 2026 ---
--- 任务开始: Sun Jul 26 06:20:01 PM CST 2026 ---
--- 任务结束: Sun Jul 26 06:20:01 PM CST 2026 ---
--- 任务开始: Sun Jul 26 06:30:01 PM CST 2026 ---
--- 任务结束: Sun Jul 26 06:30:01 PM CST 2026 ---
--- 任务开始: Sun Jul 26 06:40:02 PM CST 2026 ---
--- 任务结束: Sun Jul 26 06:40:02 PM CST 2026 ---
--- 任务开始: Sun Jul 26 06:50:01 PM CST 2026 ---
--- 任务结束: Sun Jul 26 06:50:01 PM CST 2026 ---
--- 任务开始: Sun Jul 26 07:00:01 PM CST 2026 ---
--- 任务结束: Sun Jul 26 07:00:01 PM CST 2026 ---
--- 任务开始: Sun Jul 26 07:10:01 PM CST 2026 ---
--- 任务结束: Sun Jul 26 07:10:01 PM CST 2026 ---
--- 任务开始: Sun Jul 26 07:20:01 PM CST 2026 ---
--- 任务结束: Sun Jul 26 07:20:01 PM CST 2026 ---
--- 任务开始: Sun Jul 26 07:30:01 PM CST 2026 ---
--- 任务结束: Sun Jul 26 07:30:01 PM CST 2026 ---
--- 任务开始: Sun Jul 26 07:40:01 PM CST 2026 ---
--- 任务结束: Sun Jul 26 07:40:01 PM CST 2026 ---
--- 任务开始: Sun Jul 26 07:50:01 PM CST 2026 ---
--- 任务结束: Sun Jul 26 07:50:01 PM CST 2026 ---
--- 任务开始: Sun Jul 26 08:00:01 PM CST 2026 ---
--- 任务结束: Sun Jul 26 08:00:01 PM CST 2026 ---
--- 任务开始: Sun Jul 26 08:10:01 PM CST 2026 ---
--- 任务结束: Sun Jul 26 08:10:01 PM CST 2026 ---
--- 任务开始: Sun Jul 26 08:20:01 PM CST 2026 ---
--- 任务结束: Sun Jul 26 08:20:01 PM CST 2026 ---
--- 任务开始: Sun Jul 26 08:30:01 PM CST 2026 ---
--- 任务结束: Sun Jul 26 08:30:01 PM CST 2026 ---
--- 任务开始: Sun Jul 26 08:40:01 PM CST 2026 ---
--- 任务结束: Sun Jul 26 08:40:01 PM CST 2026 ---
--- 任务开始: Sun Jul 26 08:50:01 PM CST 2026 ---
--- 任务结束: Sun Jul 26 08:50:01 PM CST 2026 ---
--- 任务开始: Sun Jul 26 09:00:01 PM CST 2026 ---
--- 任务结束: Sun Jul 26 09:00:01 PM CST 2026 ---
--- 任务开始: Sun Jul 26 09:10:01 PM CST 2026 ---
--- 任务结束: Sun Jul 26 09:10:01 PM CST 2026 ---
--- 任务开始: Sun Jul 26 09:20:01 PM CST 2026 ---
--- 任务结束: Sun Jul 26 09:20:01 PM CST 2026 ---
--- 任务开始: Sun Jul 26 09:30:01 PM CST 2026 ---
--- 任务结束: Sun Jul 26 09:30:01 PM CST 2026 ---
--- 任务开始: Sun Jul 26 09:40:01 PM CST 2026 ---
--- 任务结束: Sun Jul 26 09:40:01 PM CST 2026 ---
--- 任务开始: Sun Jul 26 09:50:01 PM CST 2026 ---
--- 任务结束: Sun Jul 26 09:50:01 PM CST 2026 ---
--- 任务开始: Sun Jul 26 10:00:01 PM CST 2026 ---
--- 任务结束: Sun Jul 26 10:00:01 PM CST 2026 ---
--- 任务开始: Sun Jul 26 10:10:01 PM CST 2026 ---
--- 任务结束: Sun Jul 26 10:10:01 PM CST 2026 ---
--- 任务开始: Sun Jul 26 10:20:01 PM CST 2026 ---
--- 任务结束: Sun Jul 26 10:20:01 PM CST 2026 ---
--- 任务开始: Sun Jul 26 10:30:01 PM CST 2026 ---
--- 任务结束: Sun Jul 26 10:30:01 PM CST 2026 ---
--- 任务开始: Sun Jul 26 10:40:01 PM CST 2026 ---
--- 任务结束: Sun Jul 26 10:40:01 PM CST 2026 ---
--- 任务开始: Sun Jul 26 10:50:01 PM CST 2026 ---
--- 任务结束: Sun Jul 26 10:50:01 PM CST 2026 ---
--- 任务开始: Sun Jul 26 11:00:01 PM CST 2026 ---
--- 任务结束: Sun Jul 26 11:00:01 PM CST 2026 ---
--- 任务开始: Sun Jul 26 11:10:01 PM CST 2026 ---
--- 任务结束: Sun Jul 26 11:10:01 PM CST 2026 ---
--- 任务开始: Sun Jul 26 11:20:01 PM CST 2026 ---
--- 任务结束: Sun Jul 26 11:20:01 PM CST 2026 ---
--- 任务开始: Sun Jul 26 11:30:02 PM CST 2026 ---
--- 任务结束: Sun Jul 26 11:30:02 PM CST 2026 ---
--- 任务开始: Sun Jul 26 11:40:01 PM CST 2026 ---
--- 任务结束: Sun Jul 26 11:40:01 PM CST 2026 ---
--- 任务开始: Sun Jul 26 11:50:01 PM CST 2026 ---
--- 任务结束: Sun Jul 26 11:50:01 PM CST 2026 ---
--- 任务开始: Mon Jul 27 12:00:01 AM CST 2026 ---
--- 任务结束: Mon Jul 27 12:00:01 AM CST 2026 ---
--- 任务开始: Mon Jul 27 12:10:01 AM CST 2026 ---
--- 任务结束: Mon Jul 27 12:10:01 AM CST 2026 ---
--- 任务开始: Mon Jul 27 12:20:01 AM CST 2026 ---
--- 任务结束: Mon Jul 27 12:20:01 AM CST 2026 ---
--- 任务开始: Mon Jul 27 12:30:01 AM CST 2026 ---
--- 任务结束: Mon Jul 27 12:30:01 AM CST 2026 ---
--- 任务开始: Mon Jul 27 12:40:01 AM CST 2026 ---
--- 任务结束: Mon Jul 27 12:40:01 AM CST 2026 ---
--- 任务开始: Mon Jul 27 12:50:01 AM CST 2026 ---
--- 任务结束: Mon Jul 27 12:50:01 AM CST 2026 ---
--- 任务开始: Mon Jul 27 01:00:01 AM CST 2026 ---
--- 任务结束: Mon Jul 27 01:00:01 AM CST 2026 ---
--- 任务开始: Mon Jul 27 01:10:01 AM CST 2026 ---
--- 任务结束: Mon Jul 27 01:10:01 AM CST 2026 ---
--- 任务开始: Mon Jul 27 01:20:01 AM CST 2026 ---
--- 任务结束: Mon Jul 27 01:20:01 AM CST 2026 ---
--- 任务开始: Mon Jul 27 01:30:01 AM CST 2026 ---
--- 任务结束: Mon Jul 27 01:30:01 AM CST 2026 ---
--- 任务开始: Mon Jul 27 01:40:01 AM CST 2026 ---
--- 任务结束: Mon Jul 27 01:40:01 AM CST 2026 ---
--- 任务开始: Mon Jul 27 01:50:01 AM CST 2026 ---
--- 任务结束: Mon Jul 27 01:50:01 AM CST 2026 ---
--- 任务开始: Mon Jul 27 02:00:01 AM CST 2026 ---
--- 任务结束: Mon Jul 27 02:00:01 AM CST 2026 ---
--- 任务开始: Mon Jul 27 02:10:01 AM CST 2026 ---
--- 任务结束: Mon Jul 27 02:10:01 AM CST 2026 ---
--- 任务开始: Mon Jul 27 02:20:01 AM CST 2026 ---
--- 任务结束: Mon Jul 27 02:20:01 AM CST 2026 ---
--- 任务开始: Mon Jul 27 02:30:01 AM CST 2026 ---
--- 任务结束: Mon Jul 27 02:30:01 AM CST 2026 ---
--- 任务开始: Mon Jul 27 02:40:02 AM CST 2026 ---
--- 任务结束: Mon Jul 27 02:40:02 AM CST 2026 ---
--- 任务开始: Mon Jul 27 02:50:01 AM CST 2026 ---
--- 任务结束: Mon Jul 27 02:50:01 AM CST 2026 ---
--- 任务开始: Mon Jul 27 03:00:01 AM CST 2026 ---
--- 任务结束: Mon Jul 27 03:00:01 AM CST 2026 ---
--- 任务开始: Mon Jul 27 03:10:01 AM CST 2026 ---
--- 任务结束: Mon Jul 27 03:10:01 AM CST 2026 ---
--- 任务开始: Mon Jul 27 03:20:01 AM CST 2026 ---
--- 任务结束: Mon Jul 27 03:20:01 AM CST 2026 ---
--- 任务开始: Mon Jul 27 03:30:01 AM CST 2026 ---
--- 任务结束: Mon Jul 27 03:30:01 AM CST 2026 ---
--- 任务开始: Mon Jul 27 03:40:01 AM CST 2026 ---
--- 任务结束: Mon Jul 27 03:40:01 AM CST 2026 ---
--- 任务开始: Mon Jul 27 03:50:01 AM CST 2026 ---
--- 任务结束: Mon Jul 27 03:50:01 AM CST 2026 ---
--- 任务开始: Mon Jul 27 04:00:01 AM CST 2026 ---
--- 任务结束: Mon Jul 27 04:00:01 AM CST 2026 ---
--- 任务开始: Mon Jul 27 04:10:01 AM CST 2026 ---
--- 任务结束: Mon Jul 27 04:10:01 AM CST 2026 ---
--- 任务开始: Mon Jul 27 04:20:01 AM CST 2026 ---
--- 任务结束: Mon Jul 27 04:20:01 AM CST 2026 ---
--- 任务开始: Mon Jul 27 04:30:01 AM CST 2026 ---
--- 任务结束: Mon Jul 27 04:30:01 AM CST 2026 ---
--- 任务开始: Mon Jul 27 04:40:01 AM CST 2026 ---
--- 任务结束: Mon Jul 27 04:40:01 AM CST 2026 ---
--- 任务开始: Mon Jul 27 04:50:01 AM CST 2026 ---
--- 任务结束: Mon Jul 27 04:50:01 AM CST 2026 ---
--- 任务开始: Mon Jul 27 05:00:01 AM CST 2026 ---
--- 任务结束: Mon Jul 27 05:00:01 AM CST 2026 ---
--- 任务开始: Mon Jul 27 05:10:01 AM CST 2026 ---
--- 任务结束: Mon Jul 27 05:10:01 AM CST 2026 ---
--- 任务开始: Mon Jul 27 05:20:01 AM CST 2026 ---
--- 任务结束: Mon Jul 27 05:20:01 AM CST 2026 ---
--- 任务开始: Mon Jul 27 05:30:01 AM CST 2026 ---
--- 任务结束: Mon Jul 27 05:30:01 AM CST 2026 ---
--- 任务开始: Mon Jul 27 05:40:01 AM CST 2026 ---
--- 任务结束: Mon Jul 27 05:40:01 AM CST 2026 ---
--- 任务开始: Mon Jul 27 05:50:01 AM CST 2026 ---
--- 任务结束: Mon Jul 27 05:50:01 AM CST 2026 ---
--- 任务开始: Mon Jul 27 06:00:01 AM CST 2026 ---
--- 任务结束: Mon Jul 27 06:00:01 AM CST 2026 ---
--- 任务开始: Mon Jul 27 06:10:01 AM CST 2026 ---
--- 任务结束: Mon Jul 27 06:10:01 AM CST 2026 ---
--- 任务开始: Mon Jul 27 06:20:01 AM CST 2026 ---
--- 任务结束: Mon Jul 27 06:20:01 AM CST 2026 ---
--- 任务开始: Mon Jul 27 06:30:01 AM CST 2026 ---
--- 任务结束: Mon Jul 27 06:30:01 AM CST 2026 ---
--- 任务开始: Mon Jul 27 06:40:01 AM CST 2026 ---
--- 任务结束: Mon Jul 27 06:40:01 AM CST 2026 ---
--- 任务开始: Mon Jul 27 06:50:01 AM CST 2026 ---
--- 任务结束: Mon Jul 27 06:50:01 AM CST 2026 ---
--- 任务开始: Mon Jul 27 07:00:01 AM CST 2026 ---
--- 任务结束: Mon Jul 27 07:00:01 AM CST 2026 ---
--- 任务开始: Mon Jul 27 07:10:01 AM CST 2026 ---
--- 任务结束: Mon Jul 27 07:10:01 AM CST 2026 ---
--- 任务开始: Mon Jul 27 07:20:01 AM CST 2026 ---
--- 任务结束: Mon Jul 27 07:20:01 AM CST 2026 ---
--- 任务开始: Mon Jul 27 07:30:02 AM CST 2026 ---
--- 任务结束: Mon Jul 27 07:30:02 AM CST 2026 ---
--- 任务开始: Mon Jul 27 07:40:01 AM CST 2026 ---
--- 任务结束: Mon Jul 27 07:40:01 AM CST 2026 ---
--- 任务开始: Mon Jul 27 07:50:01 AM CST 2026 ---
--- 任务结束: Mon Jul 27 07:50:01 AM CST 2026 ---
--- 任务开始: Mon Jul 27 08:00:01 AM CST 2026 ---
--- 任务结束: Mon Jul 27 08:00:01 AM CST 2026 ---
--- 任务开始: Mon Jul 27 08:10:01 AM CST 2026 ---
--- 任务结束: Mon Jul 27 08:10:01 AM CST 2026 ---
--- 任务开始: Mon Jul 27 08:20:01 AM CST 2026 ---
--- 任务结束: Mon Jul 27 08:20:01 AM CST 2026 ---
--- 任务开始: Mon Jul 27 08:30:01 AM CST 2026 ---
--- 任务结束: Mon Jul 27 08:30:01 AM CST 2026 ---
--- 任务开始: Mon Jul 27 08:40:01 AM CST 2026 ---
--- 任务结束: Mon Jul 27 08:40:01 AM CST 2026 ---
--- 任务开始: Mon Jul 27 08:50:01 AM CST 2026 ---
--- 任务结束: Mon Jul 27 08:50:01 AM CST 2026 ---
--- 任务开始: Mon Jul 27 09:00:01 AM CST 2026 ---
--- 任务结束: Mon Jul 27 09:00:01 AM CST 2026 ---
--- 任务开始: Mon Jul 27 09:10:01 AM CST 2026 ---
--- 任务结束: Mon Jul 27 09:10:01 AM CST 2026 ---
--- 任务开始: Mon Jul 27 09:20:01 AM CST 2026 ---
--- 任务结束: Mon Jul 27 09:20:01 AM CST 2026 ---
--- 任务开始: Mon Jul 27 09:30:01 AM CST 2026 ---
--- 任务结束: Mon Jul 27 09:30:01 AM CST 2026 ---
--- 任务开始: Mon Jul 27 09:40:01 AM CST 2026 ---
--- 任务结束: Mon Jul 27 09:40:01 AM CST 2026 ---
--- 任务开始: Mon Jul 27 09:50:01 AM CST 2026 ---
--- 任务结束: Mon Jul 27 09:50:01 AM CST 2026 ---
--- 任务开始: Mon Jul 27 10:00:01 AM CST 2026 ---
--- 任务结束: Mon Jul 27 10:00:01 AM CST 2026 ---
--- 任务开始: Mon Jul 27 10:10:01 AM CST 2026 ---
--- 任务结束: Mon Jul 27 10:10:01 AM CST 2026 ---
--- 任务开始: Mon Jul 27 10:20:01 AM CST 2026 ---
--- 任务结束: Mon Jul 27 10:20:01 AM CST 2026 ---
--- 任务开始: Mon Jul 27 10:30:01 AM CST 2026 ---
--- 任务结束: Mon Jul 27 10:30:01 AM CST 2026 ---
--- 任务开始: Mon Jul 27 10:40:01 AM CST 2026 ---
--- 任务结束: Mon Jul 27 10:40:01 AM CST 2026 ---
--- 任务开始: Mon Jul 27 10:50:01 AM CST 2026 ---
--- 任务结束: Mon Jul 27 10:50:01 AM CST 2026 ---
--- 任务开始: Mon Jul 27 11:00:01 AM CST 2026 ---
--- 任务结束: Mon Jul 27 11:00:01 AM CST 2026 ---
--- 任务开始: Mon Jul 27 11:10:01 AM CST 2026 ---
--- 任务结束: Mon Jul 27 11:10:01 AM CST 2026 ---
--- 任务开始: Mon Jul 27 11:20:01 AM CST 2026 ---
--- 任务结束: Mon Jul 27 11:20:01 AM CST 2026 ---
--- 任务开始: Mon Jul 27 11:30:01 AM CST 2026 ---
--- 任务结束: Mon Jul 27 11:30:01 AM CST 2026 ---
--- 任务开始: Mon Jul 27 11:40:01 AM CST 2026 ---
--- 任务结束: Mon Jul 27 11:40:01 AM CST 2026 ---
--- 任务开始: Mon Jul 27 11:50:01 AM CST 2026 ---
--- 任务结束: Mon Jul 27 11:50:01 AM CST 2026 ---
--- 任务开始: Mon Jul 27 12:00:01 PM CST 2026 ---
--- 任务结束: Mon Jul 27 12:00:01 PM CST 2026 ---
--- 任务开始: Mon Jul 27 12:10:01 PM CST 2026 ---
--- 任务结束: Mon Jul 27 12:10:01 PM CST 2026 ---
--- 任务开始: Mon Jul 27 12:20:01 PM CST 2026 ---
--- 任务结束: Mon Jul 27 12:20:01 PM CST 2026 ---
--- 任务开始: Mon Jul 27 12:30:01 PM CST 2026 ---
--- 任务结束: Mon Jul 27 12:30:01 PM CST 2026 ---
--- 任务开始: Mon Jul 27 12:40:01 PM CST 2026 ---
--- 任务结束: Mon Jul 27 12:40:01 PM CST 2026 ---
--- 任务开始: Mon Jul 27 12:50:01 PM CST 2026 ---
--- 任务结束: Mon Jul 27 12:50:01 PM CST 2026 ---
--- 任务开始: Mon Jul 27 01:00:01 PM CST 2026 ---
--- 任务结束: Mon Jul 27 01:00:01 PM CST 2026 ---
--- 任务开始: Mon Jul 27 01:10:01 PM CST 2026 ---
--- 任务结束: Mon Jul 27 01:10:01 PM CST 2026 ---
--- 任务开始: Mon Jul 27 01:20:01 PM CST 2026 ---
--- 任务结束: Mon Jul 27 01:20:01 PM CST 2026 ---
--- 任务开始: Mon Jul 27 01:30:01 PM CST 2026 ---
--- 任务结束: Mon Jul 27 01:30:01 PM CST 2026 ---
--- 任务开始: Mon Jul 27 01:40:01 PM CST 2026 ---
--- 任务结束: Mon Jul 27 01:40:01 PM CST 2026 ---
--- 任务开始: Mon Jul 27 01:50:02 PM CST 2026 ---
--- 任务结束: Mon Jul 27 01:50:02 PM CST 2026 ---
--- 任务开始: Mon Jul 27 02:00:01 PM CST 2026 ---
--- 任务结束: Mon Jul 27 02:00:01 PM CST 2026 ---
--- 任务开始: Mon Jul 27 02:10:01 PM CST 2026 ---
--- 任务结束: Mon Jul 27 02:10:01 PM CST 2026 ---
--- 任务开始: Mon Jul 27 02:20:01 PM CST 2026 ---
--- 任务结束: Mon Jul 27 02:20:01 PM CST 2026 ---
--- 任务开始: Mon Jul 27 02:30:01 PM CST 2026 ---
--- 任务结束: Mon Jul 27 02:30:01 PM CST 2026 ---
--- 任务开始: Mon Jul 27 02:40:01 PM CST 2026 ---
--- 任务结束: Mon Jul 27 02:40:01 PM CST 2026 ---
--- 任务开始: Mon Jul 27 02:50:01 PM CST 2026 ---
--- 任务结束: Mon Jul 27 02:50:01 PM CST 2026 ---
--- 任务开始: Mon Jul 27 03:00:01 PM CST 2026 ---
--- 任务结束: Mon Jul 27 03:00:01 PM CST 2026 ---
--- 任务开始: Mon Jul 27 03:10:01 PM CST 2026 ---
--- 任务结束: Mon Jul 27 03:10:01 PM CST 2026 ---
--- 任务开始: Mon Jul 27 03:20:01 PM CST 2026 ---
--- 任务结束: Mon Jul 27 03:20:01 PM CST 2026 ---
--- 任务开始: Mon Jul 27 03:30:01 PM CST 2026 ---
--- 任务结束: Mon Jul 27 03:30:01 PM CST 2026 ---
--- 任务开始: Mon Jul 27 03:40:01 PM CST 2026 ---
--- 任务结束: Mon Jul 27 03:40:01 PM CST 2026 ---
--- 任务开始: Mon Jul 27 03:50:01 PM CST 2026 ---
--- 任务结束: Mon Jul 27 03:50:01 PM CST 2026 ---
--- 任务开始: Mon Jul 27 04:00:01 PM CST 2026 ---
--- 任务结束: Mon Jul 27 04:00:01 PM CST 2026 ---
--- 任务开始: Mon Jul 27 04:10:01 PM CST 2026 ---
--- 任务结束: Mon Jul 27 04:10:01 PM CST 2026 ---
--- 任务开始: Mon Jul 27 04:20:01 PM CST 2026 ---
--- 任务结束: Mon Jul 27 04:20:01 PM CST 2026 ---
--- 任务开始: Mon Jul 27 04:30:01 PM CST 2026 ---
--- 任务结束: Mon Jul 27 04:30:01 PM CST 2026 ---
--- 任务开始: Mon Jul 27 04:40:01 PM CST 2026 ---
--- 任务结束: Mon Jul 27 04:40:01 PM CST 2026 ---
--- 任务开始: Mon Jul 27 04:50:01 PM CST 2026 ---
--- 任务结束: Mon Jul 27 04:50:01 PM CST 2026 ---
--- 任务开始: Mon Jul 27 05:00:01 PM CST 2026 ---
--- 任务结束: Mon Jul 27 05:00:01 PM CST 2026 ---
--- 任务开始: Mon Jul 27 05:10:01 PM CST 2026 ---
--- 任务结束: Mon Jul 27 05:10:01 PM CST 2026 ---
--- 任务开始: Mon Jul 27 05:20:01 PM CST 2026 ---
--- 任务结束: Mon Jul 27 05:20:01 PM CST 2026 ---
--- 任务开始: Mon Jul 27 05:30:01 PM CST 2026 ---
--- 任务结束: Mon Jul 27 05:30:01 PM CST 2026 ---
--- 任务开始: Mon Jul 27 05:40:01 PM CST 2026 ---
--- 任务结束: Mon Jul 27 05:40:01 PM CST 2026 ---
--- 任务开始: Mon Jul 27 05:50:01 PM CST 2026 ---
--- 任务结束: Mon Jul 27 05:50:01 PM CST 2026 ---
--- 任务开始: Mon Jul 27 06:00:01 PM CST 2026 ---
--- 任务结束: Mon Jul 27 06:00:01 PM CST 2026 ---
--- 任务开始: Mon Jul 27 06:10:01 PM CST 2026 ---
--- 任务结束: Mon Jul 27 06:10:01 PM CST 2026 ---
--- 任务开始: Mon Jul 27 06:20:01 PM CST 2026 ---
--- 任务结束: Mon Jul 27 06:20:01 PM CST 2026 ---
--- 任务开始: Mon Jul 27 06:30:01 PM CST 2026 ---
--- 任务结束: Mon Jul 27 06:30:01 PM CST 2026 ---
--- 任务开始: Mon Jul 27 06:40:01 PM CST 2026 ---
--- 任务结束: Mon Jul 27 06:40:01 PM CST 2026 ---
--- 任务开始: Mon Jul 27 06:50:01 PM CST 2026 ---
--- 任务结束: Mon Jul 27 06:50:01 PM CST 2026 ---
--- 任务开始: Mon Jul 27 07:00:01 PM CST 2026 ---
--- 任务结束: Mon Jul 27 07:00:01 PM CST 2026 ---
--- 任务开始: Mon Jul 27 07:10:01 PM CST 2026 ---
--- 任务结束: Mon Jul 27 07:10:01 PM CST 2026 ---
--- 任务开始: Mon Jul 27 07:20:01 PM CST 2026 ---
--- 任务结束: Mon Jul 27 07:20:01 PM CST 2026 ---
--- 任务开始: Mon Jul 27 07:30:01 PM CST 2026 ---
--- 任务结束: Mon Jul 27 07:30:01 PM CST 2026 ---
--- 任务开始: Mon Jul 27 07:40:01 PM CST 2026 ---
--- 任务结束: Mon Jul 27 07:40:01 PM CST 2026 ---
--- 任务开始: Mon Jul 27 07:50:01 PM CST 2026 ---
--- 任务结束: Mon Jul 27 07:50:01 PM CST 2026 ---
--- 任务开始: Mon Jul 27 08:00:01 PM CST 2026 ---
--- 任务结束: Mon Jul 27 08:00:01 PM CST 2026 ---
--- 任务开始: Mon Jul 27 08:10:02 PM CST 2026 ---
--- 任务结束: Mon Jul 27 08:10:02 PM CST 2026 ---
--- 任务开始: Mon Jul 27 08:20:01 PM CST 2026 ---
--- 任务结束: Mon Jul 27 08:20:01 PM CST 2026 ---
--- 任务开始: Mon Jul 27 08:30:01 PM CST 2026 ---
--- 任务结束: Mon Jul 27 08:30:01 PM CST 2026 ---
--- 任务开始: Mon Jul 27 08:40:01 PM CST 2026 ---
--- 任务结束: Mon Jul 27 08:40:01 PM CST 2026 ---
--- 任务开始: Mon Jul 27 08:50:01 PM CST 2026 ---
--- 任务结束: Mon Jul 27 08:50:01 PM CST 2026 ---
--- 任务开始: Mon Jul 27 09:00:01 PM CST 2026 ---
--- 任务结束: Mon Jul 27 09:00:01 PM CST 2026 ---
--- 任务开始: Mon Jul 27 09:10:01 PM CST 2026 ---
--- 任务结束: Mon Jul 27 09:10:01 PM CST 2026 ---
--- 任务开始: Mon Jul 27 09:20:01 PM CST 2026 ---
--- 任务结束: Mon Jul 27 09:20:01 PM CST 2026 ---
--- 任务开始: Mon Jul 27 09:30:01 PM CST 2026 ---
--- 任务结束: Mon Jul 27 09:30:01 PM CST 2026 ---
--- 任务开始: Mon Jul 27 09:40:02 PM CST 2026 ---
--- 任务结束: Mon Jul 27 09:40:02 PM CST 2026 ---
--- 任务开始: Mon Jul 27 09:50:01 PM CST 2026 ---
--- 任务结束: Mon Jul 27 09:50:01 PM CST 2026 ---
--- 任务开始: Mon Jul 27 10:00:01 PM CST 2026 ---
--- 任务结束: Mon Jul 27 10:00:01 PM CST 2026 ---
--- 任务开始: Mon Jul 27 10:10:01 PM CST 2026 ---
--- 任务结束: Mon Jul 27 10:10:01 PM CST 2026 ---
--- 任务开始: Mon Jul 27 10:20:01 PM CST 2026 ---
--- 任务结束: Mon Jul 27 10:20:01 PM CST 2026 ---
--- 任务开始: Mon Jul 27 10:30:01 PM CST 2026 ---
--- 任务结束: Mon Jul 27 10:30:01 PM CST 2026 ---
--- 任务开始: Mon Jul 27 10:40:01 PM CST 2026 ---
--- 任务结束: Mon Jul 27 10:40:01 PM CST 2026 ---
--- 任务开始: Mon Jul 27 10:50:01 PM CST 2026 ---
--- 任务结束: Mon Jul 27 10:50:01 PM CST 2026 ---
--- 任务开始: Mon Jul 27 11:00:01 PM CST 2026 ---
--- 任务结束: Mon Jul 27 11:00:01 PM CST 2026 ---
--- 任务开始: Mon Jul 27 11:10:01 PM CST 2026 ---
--- 任务结束: Mon Jul 27 11:10:01 PM CST 2026 ---
--- 任务开始: Mon Jul 27 11:20:01 PM CST 2026 ---
--- 任务结束: Mon Jul 27 11:20:01 PM CST 2026 ---
--- 任务开始: Mon Jul 27 11:30:01 PM CST 2026 ---
--- 任务结束: Mon Jul 27 11:30:01 PM CST 2026 ---
--- 任务开始: Mon Jul 27 11:40:01 PM CST 2026 ---
--- 任务结束: Mon Jul 27 11:40:01 PM CST 2026 ---
--- 任务开始: Mon Jul 27 11:50:01 PM CST 2026 ---
--- 任务结束: Mon Jul 27 11:50:01 PM CST 2026 ---
--- 任务开始: Tue Jul 28 12:00:01 AM CST 2026 ---
--- 任务结束: Tue Jul 28 12:00:01 AM CST 2026 ---
--- 任务开始: Tue Jul 28 12:10:01 AM CST 2026 ---
--- 任务结束: Tue Jul 28 12:10:01 AM CST 2026 ---
--- 任务开始: Tue Jul 28 12:20:01 AM CST 2026 ---
--- 任务结束: Tue Jul 28 12:20:01 AM CST 2026 ---
--- 任务开始: Tue Jul 28 12:30:01 AM CST 2026 ---
--- 任务结束: Tue Jul 28 12:30:01 AM CST 2026 ---
--- 任务开始: Tue Jul 28 12:40:01 AM CST 2026 ---
--- 任务结束: Tue Jul 28 12:40:01 AM CST 2026 ---
--- 任务开始: Tue Jul 28 12:50:01 AM CST 2026 ---
--- 任务结束: Tue Jul 28 12:50:01 AM CST 2026 ---
--- 任务开始: Tue Jul 28 01:00:01 AM CST 2026 ---
--- 任务结束: Tue Jul 28 01:00:01 AM CST 2026 ---
--- 任务开始: Tue Jul 28 01:10:01 AM CST 2026 ---
--- 任务结束: Tue Jul 28 01:10:01 AM CST 2026 ---
--- 任务开始: Tue Jul 28 01:20:01 AM CST 2026 ---
--- 任务结束: Tue Jul 28 01:20:01 AM CST 2026 ---
--- 任务开始: Tue Jul 28 01:30:01 AM CST 2026 ---
--- 任务结束: Tue Jul 28 01:30:01 AM CST 2026 ---
--- 任务开始: Tue Jul 28 01:40:01 AM CST 2026 ---
--- 任务结束: Tue Jul 28 01:40:01 AM CST 2026 ---
--- 任务开始: Tue Jul 28 01:50:01 AM CST 2026 ---
--- 任务结束: Tue Jul 28 01:50:01 AM CST 2026 ---
--- 任务开始: Tue Jul 28 02:00:01 AM CST 2026 ---
--- 任务结束: Tue Jul 28 02:00:01 AM CST 2026 ---
--- 任务开始: Tue Jul 28 02:10:01 AM CST 2026 ---
--- 任务结束: Tue Jul 28 02:10:01 AM CST 2026 ---
--- 任务开始: Tue Jul 28 02:20:02 AM CST 2026 ---
--- 任务结束: Tue Jul 28 02:20:02 AM CST 2026 ---
--- 任务开始: Tue Jul 28 02:30:01 AM CST 2026 ---
--- 任务结束: Tue Jul 28 02:30:01 AM CST 2026 ---
--- 任务开始: Tue Jul 28 02:40:01 AM CST 2026 ---
--- 任务结束: Tue Jul 28 02:40:01 AM CST 2026 ---
--- 任务开始: Tue Jul 28 02:50:01 AM CST 2026 ---
--- 任务结束: Tue Jul 28 02:50:01 AM CST 2026 ---
--- 任务开始: Tue Jul 28 03:00:01 AM CST 2026 ---
--- 任务结束: Tue Jul 28 03:00:01 AM CST 2026 ---
--- 任务开始: Tue Jul 28 03:10:01 AM CST 2026 ---
--- 任务结束: Tue Jul 28 03:10:01 AM CST 2026 ---
--- 任务开始: Tue Jul 28 03:20:01 AM CST 2026 ---
--- 任务结束: Tue Jul 28 03:20:01 AM CST 2026 ---
--- 任务开始: Tue Jul 28 03:30:01 AM CST 2026 ---
--- 任务结束: Tue Jul 28 03:30:01 AM CST 2026 ---
--- 任务开始: Tue Jul 28 03:40:01 AM CST 2026 ---
--- 任务结束: Tue Jul 28 03:40:01 AM CST 2026 ---
--- 任务开始: Tue Jul 28 03:50:01 AM CST 2026 ---
--- 任务结束: Tue Jul 28 03:50:01 AM CST 2026 ---
--- 任务开始: Tue Jul 28 04:00:02 AM CST 2026 ---
--- 任务结束: Tue Jul 28 04:00:02 AM CST 2026 ---
--- 任务开始: Tue Jul 28 04:10:01 AM CST 2026 ---
--- 任务结束: Tue Jul 28 04:10:01 AM CST 2026 ---
--- 任务开始: Tue Jul 28 04:20:01 AM CST 2026 ---
--- 任务结束: Tue Jul 28 04:20:01 AM CST 2026 ---
--- 任务开始: Tue Jul 28 04:30:01 AM CST 2026 ---
--- 任务结束: Tue Jul 28 04:30:01 AM CST 2026 ---
--- 任务开始: Tue Jul 28 04:40:01 AM CST 2026 ---
--- 任务结束: Tue Jul 28 04:40:01 AM CST 2026 ---
--- 任务开始: Tue Jul 28 04:50:01 AM CST 2026 ---
--- 任务结束: Tue Jul 28 04:50:01 AM CST 2026 ---
--- 任务开始: Tue Jul 28 05:00:01 AM CST 2026 ---
--- 任务结束: Tue Jul 28 05:00:01 AM CST 2026 ---
--- 任务开始: Tue Jul 28 05:10:01 AM CST 2026 ---
--- 任务结束: Tue Jul 28 05:10:01 AM CST 2026 ---
--- 任务开始: Tue Jul 28 05:20:01 AM CST 2026 ---
--- 任务结束: Tue Jul 28 05:20:01 AM CST 2026 ---
--- 任务开始: Tue Jul 28 05:30:01 AM CST 2026 ---
--- 任务结束: Tue Jul 28 05:30:01 AM CST 2026 ---
--- 任务开始: Tue Jul 28 05:40:01 AM CST 2026 ---
--- 任务结束: Tue Jul 28 05:40:01 AM CST 2026 ---
--- 任务开始: Tue Jul 28 05:50:01 AM CST 2026 ---
--- 任务结束: Tue Jul 28 05:50:01 AM CST 2026 ---
--- 任务开始: Tue Jul 28 06:00:01 AM CST 2026 ---
--- 任务结束: Tue Jul 28 06:00:01 AM CST 2026 ---
--- 任务开始: Tue Jul 28 06:10:01 AM CST 2026 ---
--- 任务结束: Tue Jul 28 06:10:01 AM CST 2026 ---
--- 任务开始: Tue Jul 28 06:20:01 AM CST 2026 ---
--- 任务结束: Tue Jul 28 06:20:01 AM CST 2026 ---
--- 任务开始: Tue Jul 28 06:30:01 AM CST 2026 ---
--- 任务结束: Tue Jul 28 06:30:01 AM CST 2026 ---
--- 任务开始: Tue Jul 28 06:40:01 AM CST 2026 ---
--- 任务结束: Tue Jul 28 06:40:01 AM CST 2026 ---
--- 任务开始: Tue Jul 28 06:50:01 AM CST 2026 ---
--- 任务结束: Tue Jul 28 06:50:01 AM CST 2026 ---
--- 任务开始: Tue Jul 28 07:00:01 AM CST 2026 ---
--- 任务结束: Tue Jul 28 07:00:01 AM CST 2026 ---
--- 任务开始: Tue Jul 28 07:10:01 AM CST 2026 ---
--- 任务结束: Tue Jul 28 07:10:01 AM CST 2026 ---
--- 任务开始: Tue Jul 28 07:20:01 AM CST 2026 ---
--- 任务结束: Tue Jul 28 07:20:01 AM CST 2026 ---
--- 任务开始: Tue Jul 28 07:30:01 AM CST 2026 ---
--- 任务结束: Tue Jul 28 07:30:01 AM CST 2026 ---
--- 任务开始: Tue Jul 28 07:40:01 AM CST 2026 ---
--- 任务结束: Tue Jul 28 07:40:01 AM CST 2026 ---
--- 任务开始: Tue Jul 28 07:50:01 AM CST 2026 ---
--- 任务结束: Tue Jul 28 07:50:01 AM CST 2026 ---
--- 任务开始: Tue Jul 28 08:00:01 AM CST 2026 ---
--- 任务结束: Tue Jul 28 08:00:01 AM CST 2026 ---
--- 任务开始: Tue Jul 28 08:10:01 AM CST 2026 ---
--- 任务结束: Tue Jul 28 08:10:01 AM CST 2026 ---
--- 任务开始: Tue Jul 28 08:20:01 AM CST 2026 ---
--- 任务结束: Tue Jul 28 08:20:01 AM CST 2026 ---
--- 任务开始: Tue Jul 28 08:30:01 AM CST 2026 ---
--- 任务结束: Tue Jul 28 08:30:01 AM CST 2026 ---
--- 任务开始: Tue Jul 28 08:40:01 AM CST 2026 ---
--- 任务结束: Tue Jul 28 08:40:01 AM CST 2026 ---
--- 任务开始: Tue Jul 28 08:50:01 AM CST 2026 ---
--- 任务结束: Tue Jul 28 08:50:01 AM CST 2026 ---
--- 任务开始: Tue Jul 28 09:00:01 AM CST 2026 ---
--- 任务结束: Tue Jul 28 09:00:01 AM CST 2026 ---
--- 任务开始: Tue Jul 28 09:10:01 AM CST 2026 ---
--- 任务结束: Tue Jul 28 09:10:01 AM CST 2026 ---
--- 任务开始: Tue Jul 28 09:20:01 AM CST 2026 ---
--- 任务结束: Tue Jul 28 09:20:01 AM CST 2026 ---
--- 任务开始: Tue Jul 28 09:30:01 AM CST 2026 ---
--- 任务结束: Tue Jul 28 09:30:01 AM CST 2026 ---
--- 任务开始: Tue Jul 28 09:40:01 AM CST 2026 ---
--- 任务结束: Tue Jul 28 09:40:01 AM CST 2026 ---
--- 任务开始: Tue Jul 28 09:50:01 AM CST 2026 ---
--- 任务结束: Tue Jul 28 09:50:01 AM CST 2026 ---
--- 任务开始: Tue Jul 28 10:00:01 AM CST 2026 ---
--- 任务结束: Tue Jul 28 10:00:01 AM CST 2026 ---
--- 任务开始: Tue Jul 28 10:10:01 AM CST 2026 ---
--- 任务结束: Tue Jul 28 10:10:01 AM CST 2026 ---
--- 任务开始: Tue Jul 28 10:20:01 AM CST 2026 ---
--- 任务结束: Tue Jul 28 10:20:01 AM CST 2026 ---
--- 任务开始: Tue Jul 28 10:30:02 AM CST 2026 ---
--- 任务结束: Tue Jul 28 10:30:02 AM CST 2026 ---
--- 任务开始: Tue Jul 28 10:40:01 AM CST 2026 ---
--- 任务结束: Tue Jul 28 10:40:01 AM CST 2026 ---
--- 任务开始: Tue Jul 28 10:50:01 AM CST 2026 ---
--- 任务结束: Tue Jul 28 10:50:01 AM CST 2026 ---
--- 任务开始: Tue Jul 28 11:00:01 AM CST 2026 ---
--- 任务结束: Tue Jul 28 11:00:01 AM CST 2026 ---
--- 任务开始: Tue Jul 28 11:10:01 AM CST 2026 ---
--- 任务结束: Tue Jul 28 11:10:01 AM CST 2026 ---
--- 任务开始: Tue Jul 28 11:20:01 AM CST 2026 ---
--- 任务结束: Tue Jul 28 11:20:01 AM CST 2026 ---
--- 任务开始: Tue Jul 28 11:30:01 AM CST 2026 ---
--- 任务结束: Tue Jul 28 11:30:01 AM CST 2026 ---
--- 任务开始: Tue Jul 28 11:40:01 AM CST 2026 ---
--- 任务结束: Tue Jul 28 11:40:01 AM CST 2026 ---
--- 任务开始: Tue Jul 28 11:50:01 AM CST 2026 ---
--- 任务结束: Tue Jul 28 11:50:01 AM CST 2026 ---
--- 任务开始: Tue Jul 28 12:00:02 PM CST 2026 ---
--- 任务结束: Tue Jul 28 12:00:02 PM CST 2026 ---
--- 任务开始: Tue Jul 28 12:10:01 PM CST 2026 ---
--- 任务结束: Tue Jul 28 12:10:01 PM CST 2026 ---
--- 任务开始: Tue Jul 28 12:20:01 PM CST 2026 ---
--- 任务结束: Tue Jul 28 12:20:01 PM CST 2026 ---
--- 任务开始: Tue Jul 28 12:30:01 PM CST 2026 ---
--- 任务结束: Tue Jul 28 12:30:01 PM CST 2026 ---
--- 任务开始: Tue Jul 28 12:40:01 PM CST 2026 ---
--- 任务结束: Tue Jul 28 12:40:01 PM CST 2026 ---
--- 任务开始: Tue Jul 28 12:50:01 PM CST 2026 ---
--- 任务结束: Tue Jul 28 12:50:01 PM CST 2026 ---
--- 任务开始: Tue Jul 28 01:00:01 PM CST 2026 ---
--- 任务结束: Tue Jul 28 01:00:01 PM CST 2026 ---
--- 任务开始: Tue Jul 28 01:10:01 PM CST 2026 ---
--- 任务结束: Tue Jul 28 01:10:01 PM CST 2026 ---
--- 任务开始: Tue Jul 28 01:20:01 PM CST 2026 ---
--- 任务结束: Tue Jul 28 01:20:01 PM CST 2026 ---
--- 任务开始: Tue Jul 28 01:30:02 PM CST 2026 ---
--- 任务结束: Tue Jul 28 01:30:02 PM CST 2026 ---
--- 任务开始: Tue Jul 28 01:40:01 PM CST 2026 ---
--- 任务结束: Tue Jul 28 01:40:01 PM CST 2026 ---
--- 任务开始: Tue Jul 28 01:50:01 PM CST 2026 ---
--- 任务结束: Tue Jul 28 01:50:01 PM CST 2026 ---
--- 任务开始: Tue Jul 28 02:00:01 PM CST 2026 ---
--- 任务结束: Tue Jul 28 02:00:01 PM CST 2026 ---
--- 任务开始: Tue Jul 28 02:10:01 PM CST 2026 ---
--- 任务结束: Tue Jul 28 02:10:01 PM CST 2026 ---
--- 任务开始: Tue Jul 28 02:20:01 PM CST 2026 ---
--- 任务结束: Tue Jul 28 02:20:01 PM CST 2026 ---
--- 任务开始: Tue Jul 28 02:30:01 PM CST 2026 ---
--- 任务结束: Tue Jul 28 02:30:01 PM CST 2026 ---
--- 任务开始: Tue Jul 28 02:40:01 PM CST 2026 ---
--- 任务结束: Tue Jul 28 02:40:01 PM CST 2026 ---
--- 任务开始: Tue Jul 28 02:50:01 PM CST 2026 ---
--- 任务结束: Tue Jul 28 02:50:01 PM CST 2026 ---
--- 任务开始: Tue Jul 28 03:00:01 PM CST 2026 ---
--- 任务结束: Tue Jul 28 03:00:01 PM CST 2026 ---
--- 任务开始: Tue Jul 28 03:10:01 PM CST 2026 ---
--- 任务结束: Tue Jul 28 03:10:01 PM CST 2026 ---
--- 任务开始: Tue Jul 28 03:20:01 PM CST 2026 ---
--- 任务结束: Tue Jul 28 03:20:02 PM CST 2026 ---
--- 任务开始: Tue Jul 28 03:30:01 PM CST 2026 ---
--- 任务结束: Tue Jul 28 03:30:01 PM CST 2026 ---
--- 任务开始: Tue Jul 28 03:40:01 PM CST 2026 ---
--- 任务开始: Tue Jul 28 03:50:01 PM CST 2026 ---
cp: './converted/比赛/2026-07-19_20-21/比赛_2026-07-19_20-21-07_001.mp4' and './converted/比赛/2026-07-19_20-21/比赛_2026-07-19_20-21-07_001.mp4' are the same file
cp: './converted/比赛/2026-07-19_20-21/比赛_2026-07-19_20-21-07_002.mp4' and './converted/比赛/2026-07-19_20-21/比赛_2026-07-19_20-21-07_002.mp4' are the same file
cp: './converted/比赛/2026-07-19_20-21/比赛_2026-07-19_20-21-07_003.mp4' and './converted/比赛/2026-07-19_20-21/比赛_2026-07-19_20-21-07_003.mp4' are the same file
cp: './converted/比赛/2026-07-19_20-27/比赛_2026-07-19_20-27-18_000.mp4' and './converted/比赛/2026-07-19_20-27/比赛_2026-07-19_20-27-18_000.mp4' are the same file
--- 任务开始: Tue Jul 28 04:00:02 PM CST 2026 ---
cp: './converted/比赛/2026-07-19_20-21/比赛_2026-07-19_20-21-07_001.mp4' and './converted/比赛/2026-07-19_20-21/比赛_2026-07-19_20-21-07_001.mp4' are the same file
cp: './converted/比赛/2026-07-19_20-21/比赛_2026-07-19_20-21-07_002.mp4' and './converted/比赛/2026-07-19_20-21/比赛_2026-07-19_20-21-07_002.mp4' are the same file
cp: './converted/比赛/2026-07-19_20-21/比赛_2026-07-19_20-21-07_003.mp4' and './converted/比赛/2026-07-19_20-21/比赛_2026-07-19_20-21-07_003.mp4' are the same file
cp: './converted/比赛/2026-07-19_20-27/比赛_2026-07-19_20-27-18_000.mp4' and './converted/比赛/2026-07-19_20-27/比赛_2026-07-19_20-27-18_000.mp4' are the same file
<E> [16:03:11] Waiting 10 seconds before retrying...
<E> [16:03:21] Request Try #2 / 5
<E> [16:04:40] Waiting 20 seconds before retrying...
<E> [16:05:00] Request Try #3 / 5
<E> [16:05:40] Waiting 30 seconds before retrying...
<E> [16:06:10] Request Try #4 / 5
<E> [16:06:50] Waiting 40 seconds before retrying...
<E> [16:07:30] Request Try #5 / 5
<E> [16:08:10] Maximum number (5) of tries failed.
--- 任务开始: Tue Jul 28 04:10:01 PM CST 2026 ---
cp: './converted/比赛/2026-07-19_20-21/比赛_2026-07-19_20-21-07_002.mp4' and './converted/比赛/2026-07-19_20-21/比赛_2026-07-19_20-21-07_002.mp4' are the same file
cp: './converted/比赛/2026-07-19_20-21/比赛_2026-07-19_20-21-07_003.mp4' and './converted/比赛/2026-07-19_20-21/比赛_2026-07-19_20-21-07_003.mp4' are the same file
cp: './converted/比赛/2026-07-19_20-27/比赛_2026-07-19_20-27-18_000.mp4' and './converted/比赛/2026-07-19_20-27/比赛_2026-07-19_20-27-18_000.mp4' are the same file
--- 任务开始: Tue Jul 28 04:20:01 PM CST 2026 ---
cp: './converted/比赛/2026-07-19_20-21/比赛_2026-07-19_20-21-07_002.mp4' and './converted/比赛/2026-07-19_20-21/比赛_2026-07-19_20-21-07_002.mp4' are the same file
cp: './converted/比赛/2026-07-19_20-21/比赛_2026-07-19_20-21-07_003.mp4' and './converted/比赛/2026-07-19_20-21/比赛_2026-07-19_20-21-07_003.mp4' are the same file
cp: './converted/比赛/2026-07-19_20-27/比赛_2026-07-19_20-27-18_000.mp4' and './converted/比赛/2026-07-19_20-27/比赛_2026-07-19_20-27-18_000.mp4' are the same file
<E> [16:24:13] Waiting 10 seconds before retrying...
<E> [16:24:23] Request Try #2 / 5
--- 任务开始: Tue Jul 28 04:30:01 PM CST 2026 ---
cp: './converted/比赛/2026-07-19_20-21/比赛_2026-07-19_20-21-07_002.mp4' and './converted/比赛/2026-07-19_20-21/比赛_2026-07-19_20-21-07_002.mp4' are the same file
cp: './converted/比赛/2026-07-19_20-21/比赛_2026-07-19_20-21-07_003.mp4' and './converted/比赛/2026-07-19_20-21/比赛_2026-07-19_20-21-07_003.mp4' are the same file
cp: './converted/比赛/2026-07-19_20-27/比赛_2026-07-19_20-27-18_000.mp4' and './converted/比赛/2026-07-19_20-27/比赛_2026-07-19_20-27-18_000.mp4' are the same file
<E> [16:33:46] Waiting 10 seconds before retrying...
<E> [16:33:56] Request Try #2 / 5
--- 任务开始: Tue Jul 28 04:40:01 PM CST 2026 ---
cp: './converted/比赛/2026-07-19_20-21/比赛_2026-07-19_20-21-07_002.mp4' and './converted/比赛/2026-07-19_20-21/比赛_2026-07-19_20-21-07_002.mp4' are the same file
cp: './converted/比赛/2026-07-19_20-21/比赛_2026-07-19_20-21-07_003.mp4' and './converted/比赛/2026-07-19_20-21/比赛_2026-07-19_20-21-07_003.mp4' are the same file
cp: './converted/比赛/2026-07-19_20-27/比赛_2026-07-19_20-27-18_000.mp4' and './converted/比赛/2026-07-19_20-27/比赛_2026-07-19_20-27-18_000.mp4' are the same file
<E> [16:42:31] Waiting 10 seconds before retrying...
<E> [16:42:41] Request Try #2 / 5
--- 任务开始: Tue Jul 28 04:50:01 PM CST 2026 ---
cp: './converted/比赛/2026-07-19_20-21/比赛_2026-07-19_20-21-07_002.mp4' and './converted/比赛/2026-07-19_20-21/比赛_2026-07-19_20-21-07_002.mp4' are the same file
cp: './converted/比赛/2026-07-19_20-21/比赛_2026-07-19_20-21-07_003.mp4' and './converted/比赛/2026-07-19_20-21/比赛_2026-07-19_20-21-07_003.mp4' are the same file
cp: './converted/比赛/2026-07-19_20-27/比赛_2026-07-19_20-27-18_000.mp4' and './converted/比赛/2026-07-19_20-27/比赛_2026-07-19_20-27-18_000.mp4' are the same file
--- 任务开始: Tue Jul 28 05:00:01 PM CST 2026 ---
cp: './converted/比赛/2026-07-19_20-21/比赛_2026-07-19_20-21-07_002.mp4' and './converted/比赛/2026-07-19_20-21/比赛_2026-07-19_20-21-07_002.mp4' are the same file
cp: './converted/比赛/2026-07-19_20-21/比赛_2026-07-19_20-21-07_003.mp4' and './converted/比赛/2026-07-19_20-21/比赛_2026-07-19_20-21-07_003.mp4' are the same file
cp: './converted/比赛/2026-07-19_20-27/比赛_2026-07-19_20-27-18_000.mp4' and './converted/比赛/2026-07-19_20-27/比赛_2026-07-19_20-27-18_000.mp4' are the same file
<E> [17:02:43] Waiting 20 seconds before retrying...
<E> [17:03:03] Request Try #3 / 5
<E> [17:04:33] Waiting 10 seconds before retrying...
<E> [17:04:43] Request Try #2 / 5
<E> [17:04:46] Waiting 10 seconds before retrying...
<E> [17:04:56] Request Try #2 / 5
<E> [17:07:25] Waiting 20 seconds before retrying...
<E> [17:07:45] Request Try #3 / 5
--- 任务开始: Tue Jul 28 05:10:01 PM CST 2026 ---
cp: './converted/比赛/2026-07-19_20-21/比赛_2026-07-19_20-21-07_002.mp4' and './converted/比赛/2026-07-19_20-21/比赛_2026-07-19_20-21-07_002.mp4' are the same file
cp: './converted/比赛/2026-07-19_20-21/比赛_2026-07-19_20-21-07_003.mp4' and './converted/比赛/2026-07-19_20-21/比赛_2026-07-19_20-21-07_003.mp4' are the same file
cp: './converted/比赛/2026-07-19_20-27/比赛_2026-07-19_20-27-18_000.mp4' and './converted/比赛/2026-07-19_20-27/比赛_2026-07-19_20-27-18_000.mp4' are the same file
<E> [17:12:50] Waiting 10 seconds before retrying...
<E> [17:13:00] Request Try #2 / 5
<E> [17:13:18] Waiting 30 seconds before retrying...
<E> [17:13:47] Waiting 10 seconds before retrying...
<E> [17:13:48] Request Try #4 / 5
<E> [17:13:57] Request Try #2 / 5
<E> [17:14:03] Waiting 20 seconds before retrying...
<E> [17:14:23] Request Try #3 / 5
<E> [17:16:16] Waiting 20 seconds before retrying...
<E> [17:16:19] Waiting 40 seconds before retrying...
<E> [17:16:36] Request Try #3 / 5
<E> [17:16:57] Waiting 20 seconds before retrying...
<E> [17:16:59] Request Try #5 / 5
<E> [17:17:17] Request Try #3 / 5
<E> [17:17:57] Waiting 30 seconds before retrying...
<E> [17:18:27] Request Try #4 / 5
<E> [17:19:07] Waiting 40 seconds before retrying...
<E> [17:19:47] Maximum number (5) of tries failed.
<E> [17:19:47] Request Try #5 / 5
--- 任务开始: Tue Jul 28 05:20:02 PM CST 2026 ---
cp: './converted/比赛/2026-07-19_20-21/比赛_2026-07-19_20-21-07_003.mp4' and './converted/比赛/2026-07-19_20-21/比赛_2026-07-19_20-21-07_003.mp4' are the same file
cp: './converted/比赛/2026-07-19_20-27/比赛_2026-07-19_20-27-18_000.mp4' and './converted/比赛/2026-07-19_20-27/比赛_2026-07-19_20-27-18_000.mp4' are the same file
<E> [17:20:29] Maximum number (5) of tries failed.
<E> [17:21:40] Waiting 30 seconds before retrying...
<E> [17:21:50] Waiting 30 seconds before retrying...
<E> [17:22:10] Request Try #4 / 5
<E> [17:22:20] Request Try #4 / 5
<E> [17:22:52] Waiting 20 seconds before retrying...
<E> [17:23:12] Request Try #3 / 5
<E> [17:23:21] Waiting 10 seconds before retrying...
<E> [17:23:31] Request Try #2 / 5
<E> [17:23:54] Waiting 30 seconds before retrying...
<E> [17:24:24] Request Try #4 / 5
<E> [17:25:00] Waiting 30 seconds before retrying...
<E> [17:25:05] Waiting 40 seconds before retrying...
<E> [17:25:30] Request Try #4 / 5
<E> [17:25:45] Request Try #5 / 5
<E> [17:26:14] Waiting 10 seconds before retrying...
<E> [17:26:24] Request Try #2 / 5
<E> [17:26:25] Maximum number (5) of tries failed.
<E> [17:27:47] Waiting 10 seconds before retrying...
<E> [17:27:57] Request Try #2 / 5
<E> [17:28:17] Waiting 40 seconds before retrying...
<E> [17:28:57] Request Try #5 / 5
--- 任务开始: Tue Jul 28 05:30:01 PM CST 2026 ---
cp: './converted/比赛/2026-07-19_20-21/比赛_2026-07-19_20-21-07_003.mp4' and './converted/比赛/2026-07-19_20-21/比赛_2026-07-19_20-21-07_003.mp4' are the same file
cp: './converted/比赛/2026-07-19_20-27/比赛_2026-07-19_20-27-18_000.mp4' and './converted/比赛/2026-07-19_20-27/比赛_2026-07-19_20-27-18_000.mp4' are the same file
<E> [17:30:45] Waiting 20 seconds before retrying...
<E> [17:30:59] Waiting 10 seconds before retrying...
<E> [17:31:05] Request Try #3 / 5
<E> [17:31:09] Request Try #2 / 5
<E> [17:31:49] Waiting 40 seconds before retrying...
<E> [17:32:29] Request Try #5 / 5
<E> [17:32:45] Waiting 10 seconds before retrying...
<E> [17:32:55] Request Try #2 / 5
<E> [17:34:25] Waiting 40 seconds before retrying...
<E> [17:35:05] Request Try #5 / 5
<E> [17:35:11] Waiting 20 seconds before retrying...
<E> [17:35:31] Request Try #3 / 5
<E> [17:35:45] Maximum number (5) of tries failed.
<E> [17:36:16] Waiting 10 seconds before retrying...
<E> [17:36:26] Request Try #2 / 5
<E> [17:37:23] Maximum number (5) of tries failed.
--- 任务开始: Tue Jul 28 05:40:01 PM CST 2026 ---
cp: './converted/比赛/2026-07-19_20-21/比赛_2026-07-19_20-21-07_003.mp4' and './converted/比赛/2026-07-19_20-21/比赛_2026-07-19_20-21-07_003.mp4' are the same file
cp: './converted/比赛/2026-07-19_20-27/比赛_2026-07-19_20-27-18_000.mp4' and './converted/比赛/2026-07-19_20-27/比赛_2026-07-19_20-27-18_000.mp4' are the same file
<E> [17:40:23] Waiting 20 seconds before retrying...
<E> [17:40:24] Maximum number (5) of tries failed.
<E> [17:40:43] Request Try #3 / 5
<E> [17:42:07] Waiting 20 seconds before retrying...
<E> [17:42:11] Waiting 10 seconds before retrying...
<E> [17:42:21] Request Try #2 / 5
<E> [17:42:27] Request Try #3 / 5
<E> [17:42:33] Waiting 10 seconds before retrying...
<E> [17:42:43] Request Try #2 / 5
<E> [17:44:17] Waiting 30 seconds before retrying...
<E> [17:44:31] Waiting 30 seconds before retrying...
<E> [17:44:47] Request Try #4 / 5
<E> [17:45:02] Request Try #4 / 5
<E> [17:45:17] Waiting 10 seconds before retrying...
<E> [17:45:25] Waiting 20 seconds before retrying...
<E> [17:45:27] Request Try #2 / 5
<E> [17:45:45] Request Try #3 / 5
<E> [17:46:17] Waiting 30 seconds before retrying...
<E> [17:46:47] Request Try #4 / 5
<E> [17:47:06] Waiting 20 seconds before retrying...
<E> [17:47:26] Request Try #3 / 5
<E> [17:47:52] Waiting 20 seconds before retrying...
<E> [17:47:52] Waiting 10 seconds before retrying...
<E> [17:48:02] Request Try #2 / 5
<E> [17:48:09] Waiting 20 seconds before retrying...
<E> [17:48:12] Request Try #3 / 5
<E> [17:48:29] Request Try #3 / 5
<E> [17:49:31] Waiting 10 seconds before retrying...
<E> [17:49:35] Waiting 30 seconds before retrying...
<E> [17:49:41] Request Try #2 / 5
<E> [17:49:48] Waiting 20 seconds before retrying...
--- 任务开始: Tue Jul 28 05:50:01 PM CST 2026 ---
cp: './converted/比赛/2026-07-19_20-21/比赛_2026-07-19_20-21-07_003.mp4' and './converted/比赛/2026-07-19_20-21/比赛_2026-07-19_20-21-07_003.mp4' are the same file
cp: './converted/比赛/2026-07-19_20-27/比赛_2026-07-19_20-27-18_000.mp4' and './converted/比赛/2026-07-19_20-27/比赛_2026-07-19_20-27-18_000.mp4' are the same file
<E> [17:50:05] Request Try #4 / 5
<E> [17:50:08] Request Try #3 / 5
<E> [17:50:20] Waiting 40 seconds before retrying...
<E> [17:50:37] Waiting 30 seconds before retrying...
<E> [17:51:00] Request Try #5 / 5
<E> [17:51:07] Request Try #4 / 5
<E> [17:52:21] Waiting 40 seconds before retrying...
<E> [17:53:01] Request Try #5 / 5
<E> [17:53:22] Waiting 30 seconds before retrying...
<E> [17:53:52] Request Try #4 / 5
<E> [17:55:19] Waiting 40 seconds before retrying...
<E> [17:55:45] Waiting 30 seconds before retrying...
<E> [17:55:59] Request Try #5 / 5
<E> [17:56:14] Waiting 10 seconds before retrying...
<E> [17:56:15] Request Try #4 / 5
<E> [17:56:24] Request Try #2 / 5
<E> [17:57:26] Waiting 20 seconds before retrying...
<E> [17:57:31] Maximum number (5) of tries failed.
<E> [17:57:46] Request Try #3 / 5
<E> [17:59:01] Waiting 10 seconds before retrying...
<E> [17:59:11] Request Try #2 / 5
<E> [17:59:24] Maximum number (5) of tries failed.
<E> [17:59:48] Waiting 20 seconds before retrying...
--- 任务开始: Tue Jul 28 06:00:01 PM CST 2026 ---
cp: './converted/比赛/2026-07-19_20-21/比赛_2026-07-19_20-21-07_003.mp4' and './converted/比赛/2026-07-19_20-21/比赛_2026-07-19_20-21-07_003.mp4' are the same file
cp: './converted/比赛/2026-07-19_20-27/比赛_2026-07-19_20-27-18_000.mp4' and './converted/比赛/2026-07-19_20-27/比赛_2026-07-19_20-27-18_000.mp4' are the same file
<E> [18:00:09] Request Try #3 / 5
<E> [18:00:36] Waiting 10 seconds before retrying...
<E> [18:00:46] Request Try #2 / 5
<E> [18:01:06] Waiting 40 seconds before retrying...
<E> [18:01:41] Waiting 40 seconds before retrying...
<E> [18:01:46] Request Try #5 / 5
<E> [18:02:21] Request Try #5 / 5
<E> [18:03:14] Maximum number (5) of tries failed.
<E> [18:03:23] Waiting 20 seconds before retrying...
<E> [18:03:43] Request Try #3 / 5
<E> [18:04:12] Maximum number (5) of tries failed.
<E> [18:04:46] Waiting 20 seconds before retrying...
<E> [18:05:06] Request Try #3 / 5
<E> [18:05:33] Waiting 20 seconds before retrying...
<E> [18:05:53] Request Try #3 / 5
<E> [18:06:01] Waiting 10 seconds before retrying...
<E> [18:06:11] Request Try #2 / 5
<E> [18:09:13] Waiting 10 seconds before retrying...
<E> [18:09:23] Request Try #2 / 5
--- 任务开始: Tue Jul 28 06:10:01 PM CST 2026 ---
cp: './converted/比赛/2026-07-19_20-21/比赛_2026-07-19_20-21-07_003.mp4' and './converted/比赛/2026-07-19_20-21/比赛_2026-07-19_20-21-07_003.mp4' are the same file
cp: './converted/比赛/2026-07-19_20-27/比赛_2026-07-19_20-27-18_000.mp4' and './converted/比赛/2026-07-19_20-27/比赛_2026-07-19_20-27-18_000.mp4' are the same file
<E> [18:10:56] Waiting 30 seconds before retrying...
<E> [18:11:00] Waiting 30 seconds before retrying...
<E> [18:11:26] Request Try #4 / 5
<E> [18:11:30] Request Try #4 / 5
<E> [18:13:58] Waiting 10 seconds before retrying...
<E> [18:14:08] Request Try #2 / 5
<E> [18:15:12] Waiting 40 seconds before retrying...
<E> [18:15:22] Waiting 30 seconds before retrying...
<E> [18:15:52] Request Try #5 / 5
<E> [18:15:52] Request Try #4 / 5
<E> [18:16:11] Waiting 30 seconds before retrying...
<E> [18:16:41] Request Try #4 / 5
<E> [18:17:27] Waiting 30 seconds before retrying...
<E> [18:17:35] Waiting 30 seconds before retrying...
<E> [18:17:57] Request Try #4 / 5
<E> [18:18:05] Request Try #4 / 5
<E> [18:18:21] Waiting 20 seconds before retrying...
<E> [18:18:31] Waiting 40 seconds before retrying...
<E> [18:18:41] Request Try #3 / 5
<E> [18:18:53] Waiting 40 seconds before retrying...
<E> [18:19:11] Request Try #5 / 5
<E> [18:19:33] Request Try #5 / 5
--- 任务开始: Tue Jul 28 06:20:01 PM CST 2026 ---
cp: './converted/比赛/2026-07-19_20-21/比赛_2026-07-19_20-21-07_003.mp4' and './converted/比赛/2026-07-19_20-21/比赛_2026-07-19_20-21-07_003.mp4' are the same file
cp: './converted/比赛/2026-07-19_20-27/比赛_2026-07-19_20-27-18_000.mp4' and './converted/比赛/2026-07-19_20-27/比赛_2026-07-19_20-27-18_000.mp4' are the same file
<E> [18:20:09] Waiting 40 seconds before retrying...
<E> [18:20:14] Maximum number (5) of tries failed.
<E> [18:20:49] Request Try #5 / 5
<E> [18:20:49] Waiting 10 seconds before retrying...
<E> [18:20:59] Request Try #2 / 5
<E> [18:21:50] Waiting 20 seconds before retrying...
<E> [18:22:01] Maximum number (5) of tries failed.
<E> [18:22:10] Request Try #3 / 5
<E> [18:22:23] Maximum number (5) of tries failed.
<E> [18:23:00] Waiting 20 seconds before retrying...
<E> [18:23:16] Waiting 20 seconds before retrying...
<E> [18:23:20] Request Try #3 / 5
<E> [18:23:26] Waiting 10 seconds before retrying...
<E> [18:23:28] Waiting 20 seconds before retrying...
<E> [18:23:36] Request Try #2 / 5
<E> [18:23:36] Request Try #3 / 5
<E> [18:23:48] Request Try #3 / 5
<E> [18:23:49] Waiting 30 seconds before retrying...
<E> [18:24:19] Request Try #4 / 5
<E> [18:24:45] Waiting 10 seconds before retrying...
<E> [18:24:51] Maximum number (5) of tries failed.
<E> [18:24:55] Request Try #2 / 5
<E> [18:24:57] Waiting 10 seconds before retrying...
<E> [18:25:07] Request Try #2 / 5
<E> [18:25:34] Waiting 40 seconds before retrying...
<E> [18:25:49] Waiting 40 seconds before retrying...
<E> [18:25:54] Waiting 30 seconds before retrying...
<E> [18:26:14] Request Try #5 / 5
<E> [18:26:24] Request Try #4 / 5
<E> [18:26:29] Request Try #5 / 5
<E> [18:26:43] Waiting 20 seconds before retrying...
<E> [18:27:03] Request Try #3 / 5
<E> [18:27:25] Maximum number (5) of tries failed.
<E> [18:27:29] Waiting 40 seconds before retrying...
<E> [18:27:37] Waiting 30 seconds before retrying...
<E> [18:28:07] Request Try #4 / 5
<E> [18:28:09] Request Try #5 / 5
<E> [18:28:56] Waiting 30 seconds before retrying...
<E> [18:29:26] Request Try #4 / 5
<E> [18:29:47] Maximum number (5) of tries failed.
<E> [18:29:58] Waiting 40 seconds before retrying...
--- 任务开始: Tue Jul 28 06:30:01 PM CST 2026 ---
cp: './converted/比赛/2026-07-19_20-21/比赛_2026-07-19_20-21-07_003.mp4' and './converted/比赛/2026-07-19_20-21/比赛_2026-07-19_20-21-07_003.mp4' are the same file
cp: './converted/比赛/2026-07-19_20-27/比赛_2026-07-19_20-27-18_000.mp4' and './converted/比赛/2026-07-19_20-27/比赛_2026-07-19_20-27-18_000.mp4' are the same file
<E> [18:30:29] Waiting 40 seconds before retrying...
<E> [18:30:33] Waiting 40 seconds before retrying...
<E> [18:30:38] Request Try #5 / 5
<E> [18:31:09] Request Try #5 / 5
<E> [18:31:13] Request Try #5 / 5
<E> [18:31:13] Maximum number (5) of tries failed.
<E> [18:31:16] Waiting 30 seconds before retrying...
<E> [18:31:28] Waiting 10 seconds before retrying...
<E> [18:31:38] Request Try #2 / 5
<E> [18:31:46] Request Try #4 / 5
<E> [18:32:11] Maximum number (5) of tries failed.
<E> [18:32:37] Waiting 10 seconds before retrying...
<E> [18:32:41] Waiting 10 seconds before retrying...
<E> [18:32:47] Request Try #2 / 5
<E> [18:32:49] Waiting 20 seconds before retrying...
<E> [18:32:51] Request Try #2 / 5
<E> [18:33:09] Request Try #3 / 5
<E> [18:33:32] Waiting 30 seconds before retrying...
<E> [18:33:45] Waiting 10 seconds before retrying...
<E> [18:33:55] Request Try #2 / 5
<E> [18:34:02] Request Try #4 / 5
<E> [18:34:11] Waiting 20 seconds before retrying...
<E> [18:34:19] Waiting 40 seconds before retrying...
<E> [18:34:30] Maximum number (5) of tries failed.
<E> [18:34:31] Request Try #3 / 5
<E> [18:34:59] Request Try #5 / 5
<E> [18:35:26] Waiting 40 seconds before retrying...
<E> [18:36:00] Waiting 20 seconds before retrying...
<E> [18:36:06] Request Try #5 / 5
<E> [18:36:14] Waiting 10 seconds before retrying...
<E> [18:36:20] Request Try #3 / 5
<E> [18:36:24] Request Try #2 / 5
<E> [18:36:43] Maximum number (5) of tries failed.
<E> [18:36:47] Maximum number (5) of tries failed.
<E> [18:37:13] Waiting 30 seconds before retrying...
<E> [18:37:13] Maximum number (5) of tries failed.
<E> [18:37:36] Waiting 40 seconds before retrying...
<E> [18:37:43] Request Try #4 / 5
<E> [18:37:47] Waiting 10 seconds before retrying...
<E> [18:37:57] Request Try #2 / 5
<E> [18:38:04] Waiting 30 seconds before retrying...
<E> [18:38:16] Request Try #5 / 5
<E> [18:38:34] Request Try #4 / 5
<E> [18:38:41] Waiting 10 seconds before retrying...
<E> [18:38:51] Request Try #2 / 5
<E> [18:38:59] Waiting 20 seconds before retrying...
<E> [18:39:19] Request Try #3 / 5
--- 任务开始: Tue Jul 28 06:40:02 PM CST 2026 ---
cp: './converted/比赛/2026-07-19_20-27/比赛_2026-07-19_20-27-18_000.mp4' and './converted/比赛/2026-07-19_20-27/比赛_2026-07-19_20-27-18_000.mp4' are the same file
<E> [18:40:26] Waiting 40 seconds before retrying...
<E> [18:40:34] Waiting 40 seconds before retrying...
<E> [18:40:38] Waiting 30 seconds before retrying...
<E> [18:40:39] Waiting 20 seconds before retrying...
<E> [18:40:40] Waiting 40 seconds before retrying...
<E> [18:40:59] Request Try #3 / 5
<E> [18:41:01] Maximum number (5) of tries failed.
<E> [18:41:06] Request Try #5 / 5
<E> [18:41:09] Request Try #4 / 5
<E> [18:41:14] Request Try #5 / 5
<E> [18:41:20] Request Try #5 / 5
<E> [18:41:24] Maximum number (5) of tries failed.
<E> [18:41:44] Waiting 30 seconds before retrying...
<E> [18:41:46] Maximum number (5) of tries failed.
<E> [18:42:07] Waiting 20 seconds before retrying...
<E> [18:42:10] Waiting 10 seconds before retrying...
<E> [18:42:14] Request Try #4 / 5
<E> [18:42:20] Request Try #2 / 5
<E> [18:42:27] Request Try #3 / 5
<E> [18:42:31] Waiting 10 seconds before retrying...
<E> [18:42:41] Request Try #2 / 5
<E> [18:43:27] Maximum number (5) of tries failed.
<E> [18:43:53] Waiting 10 seconds before retrying...
<E> [18:44:03] Request Try #2 / 5
<E> [18:44:06] Waiting 30 seconds before retrying...
<E> [18:44:21] Waiting 10 seconds before retrying...
<E> [18:44:31] Request Try #2 / 5
<E> [18:44:32] Waiting 20 seconds before retrying...
<E> [18:44:36] Request Try #4 / 5
<E> [18:44:43] Waiting 40 seconds before retrying...
<E> [18:44:52] Request Try #3 / 5
<E> [18:44:55] Waiting 40 seconds before retrying...
<E> [18:45:23] Request Try #5 / 5
<E> [18:45:35] Request Try #5 / 5
<E> [18:46:06] Waiting 40 seconds before retrying...
<E> [18:46:19] Waiting 10 seconds before retrying...
<E> [18:46:29] Request Try #2 / 5
<E> [18:46:39] Waiting 30 seconds before retrying...
<E> [18:46:46] Request Try #5 / 5
<E> [18:47:02] Waiting 10 seconds before retrying...
<E> [18:47:09] Request Try #4 / 5
<E> [18:47:12] Request Try #2 / 5
<E> [18:47:38] Maximum number (5) of tries failed.
<E> [18:47:41] Waiting 10 seconds before retrying...
<E> [18:47:48] Waiting 20 seconds before retrying...
<E> [18:47:51] Request Try #2 / 5
<E> [18:48:08] Request Try #3 / 5
<E> [18:48:13] Waiting 30 seconds before retrying...
<E> [18:48:34] Waiting 30 seconds before retrying...
<E> [18:48:43] Request Try #4 / 5
<E> [18:48:52] Maximum number (5) of tries failed.
<E> [18:49:04] Request Try #4 / 5
<E> [18:49:33] Waiting 20 seconds before retrying...
<E> [18:49:42] Waiting 10 seconds before retrying...
<E> [18:49:43] Waiting 20 seconds before retrying...
<E> [18:49:47] Waiting 40 seconds before retrying...
<E> [18:49:52] Request Try #2 / 5
<E> [18:49:53] Request Try #3 / 5
--- 任务开始: Tue Jul 28 06:50:01 PM CST 2026 ---
cp: './converted/比赛/2026-07-19_20-27/比赛_2026-07-19_20-27-18_000.mp4' and './converted/比赛/2026-07-19_20-27/比赛_2026-07-19_20-27-18_000.mp4' are the same file
<E> [18:50:03] Request Try #3 / 5
<E> [18:50:08] Waiting 40 seconds before retrying...
<E> [18:50:27] Request Try #5 / 5
<E> [18:50:28] Waiting 40 seconds before retrying...
<E> [18:50:28] Waiting 20 seconds before retrying...
<E> [18:50:33] Waiting 30 seconds before retrying...
<E> [18:50:34] Maximum number (5) of tries failed.
<E> [18:50:48] Request Try #5 / 5
<E> [18:50:48] Request Try #3 / 5
<E> [18:51:03] Request Try #4 / 5
<E> [18:51:08] Request Try #5 / 5
<E> [18:51:19] Maximum number (5) of tries failed.
<E> [18:51:44] Waiting 40 seconds before retrying...
<E> [18:52:04] Waiting 30 seconds before retrying...
<E> [18:52:08] Waiting 20 seconds before retrying...
<E> [18:52:24] Request Try #5 / 5
<E> [18:52:28] Request Try #3 / 5
<E> [18:52:34] Request Try #4 / 5
<E> [18:52:37] Maximum number (5) of tries failed.
<E> [18:52:44] Waiting 10 seconds before retrying...
<E> [18:52:54] Request Try #2 / 5
<E> [18:53:05] Maximum number (5) of tries failed.
<E> [18:53:05] ----------------------------------------------------------------
Error 140: Maximum retries reached
<E> [18:53:05] Waiting 20 seconds before retrying...
<E> [18:53:05] Waiting 10 seconds before retrying...
<E> [18:53:15] Request Try #2 / 5
<E> [18:53:25] Request Try #3 / 5
<E> [18:53:32] Waiting 30 seconds before retrying...
<E> [18:54:02] Request Try #4 / 5
<E> [18:54:16] Waiting 10 seconds before retrying...
<E> [18:54:18] Waiting 20 seconds before retrying...
<E> [18:54:26] Request Try #2 / 5
<E> [18:54:38] Request Try #3 / 5
<E> [18:55:10] Waiting 10 seconds before retrying...
--- 任务结束: Tue Jul 28 06:55:13 PM CST 2026 ---
<E> [18:55:15] Waiting 20 seconds before retrying...
<E> [18:55:16] Waiting 20 seconds before retrying...
<E> [18:55:20] Request Try #2 / 5
<E> [18:55:24] Maximum number (5) of tries failed.
<E> [18:55:24] './converted/比赛/2026-07-19_20-21/比赛_2026-07-19_20-21-07_001.mp4' ==> '/apps/bypy/live_audio/比赛/2026-07-19_20-21/比赛_2026-07-19_20-21-07_001.mp4' skipped since local path no longer exists
<E> [18:55:24] './converted/比赛/2026-07-19_20-21/比赛_2026-07-19_20-21-07_002.mp4' ==> '/apps/bypy/live_audio/比赛/2026-07-19_20-21/比赛_2026-07-19_20-21-07_002.mp4' skipped since local path no longer exists
<E> [18:55:24] './converted/比赛/2026-07-19_20-21/比赛_2026-07-19_20-21-07_003.mp4' ==> '/apps/bypy/live_audio/比赛/2026-07-19_20-21/比赛_2026-07-19_20-21-07_003.mp4' skipped since local path no longer exists
<E> [18:55:24] ----------------------------------------------------------------
Error 210: Some files/directores are skipped
--- 任务结束: Tue Jul 28 06:55:24 PM CST 2026 ---
<E> [18:55:35] Request Try #3 / 5
<E> [18:55:36] Request Try #3 / 5
<E> [18:55:46] Waiting 20 seconds before retrying...
<E> [18:56:06] Request Try #3 / 5
<E> [18:56:32] Maximum number (5) of tries failed.
<E> [18:56:32] './converted/比赛/2026-07-19_20-21/比赛_2026-07-19_20-21-07_003.mp4' ==> '/apps/bypy/live_audio/比赛/2026-07-19_20-21/比赛_2026-07-19_20-21-07_003.mp4' skipped since local path no longer exists
<E> [18:56:32] ----------------------------------------------------------------
Error 210: Some files/directores are skipped
--- 任务结束: Tue Jul 28 06:56:32 PM CST 2026 ---
<E> [18:56:46] Waiting 30 seconds before retrying...
<E> [18:57:16] Request Try #4 / 5
<E> [18:57:20] Waiting 30 seconds before retrying...
<E> [18:57:45] Waiting 10 seconds before retrying...
<E> [18:57:50] Request Try #4 / 5
<E> [18:57:55] Request Try #2 / 5
<E> [18:58:11] Waiting 20 seconds before retrying...
<E> [18:58:21] Waiting 40 seconds before retrying...
<E> [18:58:31] Request Try #3 / 5
<E> [18:58:59] Waiting 40 seconds before retrying...
<E> [18:59:01] Request Try #5 / 5
<E> [18:59:03] Waiting 30 seconds before retrying...
<E> [18:59:20] Waiting 30 seconds before retrying...
<E> [18:59:23] Waiting 30 seconds before retrying...
<E> [18:59:33] Request Try #4 / 5
<E> [18:59:37] Waiting 30 seconds before retrying...
<E> [18:59:39] Request Try #5 / 5
<E> [18:59:50] Request Try #4 / 5
<E> [18:59:53] Request Try #4 / 5
--- 任务开始: Tue Jul 28 07:00:01 PM CST 2026 ---
--- 任务结束: Tue Jul 28 07:00:01 PM CST 2026 ---
<E> [19:00:07] Request Try #4 / 5
<E> [19:00:27] Waiting 40 seconds before retrying...
<E> [19:00:57] Waiting 40 seconds before retrying...
<E> [19:01:04] Waiting 30 seconds before retrying...
<E> [19:01:07] Request Try #5 / 5
<E> [19:01:14] Waiting 40 seconds before retrying...
<E> [19:01:34] Request Try #4 / 5
<E> [19:01:37] Request Try #5 / 5
<E> [19:01:54] Request Try #5 / 5
<E> [19:02:27] Waiting 40 seconds before retrying...
<E> [19:02:41] Maximum number (5) of tries failed.
<E> [19:02:41] './converted/比赛/2026-07-19_20-21/比赛_2026-07-19_20-21-07_002.mp4' ==> '/apps/bypy/live_audio/比赛/2026-07-19_20-21/比赛_2026-07-19_20-21-07_002.mp4' skipped since local path no longer exists
<E> [19:02:41] './converted/比赛/2026-07-19_20-21/比赛_2026-07-19_20-21-07_003.mp4' ==> '/apps/bypy/live_audio/比赛/2026-07-19_20-21/比赛_2026-07-19_20-21-07_003.mp4' skipped since local path no longer exists
<E> [19:02:41] ----------------------------------------------------------------
Error 210: Some files/directores are skipped
--- 任务结束: Tue Jul 28 07:02:41 PM CST 2026 ---
<E> [19:02:51] Maximum number (5) of tries failed.
<E> [19:02:51] ----------------------------------------------------------------
Error 140: Maximum retries reached
--- 任务结束: Tue Jul 28 07:02:51 PM CST 2026 ---
<E> [19:02:53] Maximum number (5) of tries failed.
<E> [19:02:54] './converted/比赛/2026-07-19_20-21/比赛_2026-07-19_20-21-07_002.mp4' ==> '/apps/bypy/live_audio/比赛/2026-07-19_20-21/比赛_2026-07-19_20-21-07_002.mp4' skipped since local path no longer exists
<E> [19:02:54] './converted/比赛/2026-07-19_20-21/比赛_2026-07-19_20-21-07_003.mp4' ==> '/apps/bypy/live_audio/比赛/2026-07-19_20-21/比赛_2026-07-19_20-21-07_003.mp4' skipped since local path no longer exists
<E> [19:02:54] ----------------------------------------------------------------
Error 210: Some files/directores are skipped
--- 任务结束: Tue Jul 28 07:02:54 PM CST 2026 ---
<E> [19:02:55] Waiting 40 seconds before retrying...
<E> [19:03:06] Maximum number (5) of tries failed.
<E> [19:03:06] './converted/比赛/2026-07-19_20-21/比赛_2026-07-19_20-21-07_003.mp4' ==> '/apps/bypy/live_audio/比赛/2026-07-19_20-21/比赛_2026-07-19_20-21-07_003.mp4' skipped since local path no longer exists
<E> [19:03:06] ----------------------------------------------------------------
Error 210: Some files/directores are skipped
--- 任务结束: Tue Jul 28 07:03:06 PM CST 2026 ---
<E> [19:03:07] Request Try #5 / 5
<E> [19:03:35] Request Try #5 / 5
<E> [19:03:39] Waiting 40 seconds before retrying...
<E> [19:04:11] Maximum number (5) of tries failed.
<E> [19:04:11] ----------------------------------------------------------------
Error 140: Maximum retries reached
--- 任务结束: Tue Jul 28 07:04:11 PM CST 2026 ---
<E> [19:04:19] Request Try #5 / 5
<E> [19:05:22] Maximum number (5) of tries failed.
<E> [19:05:22] './converted/比赛/2026-07-19_20-21/比赛_2026-07-19_20-21-07_003.mp4' ==> '/apps/bypy/live_audio/比赛/2026-07-19_20-21/比赛_2026-07-19_20-21-07_003.mp4' skipped since local path no longer exists
<E> [19:05:22] ----------------------------------------------------------------
Error 210: Some files/directores are skipped
--- 任务结束: Tue Jul 28 07:05:22 PM CST 2026 ---
<E> [19:06:30] ----------------------------------------------------------------
Error 140: Maximum retries reached
--- 任务结束: Tue Jul 28 07:06:30 PM CST 2026 ---
<E> [19:08:04] Waiting 20 seconds before retrying...
<E> [19:08:24] Request Try #3 / 5
<E> [19:09:05] Waiting 40 seconds before retrying...
<E> [19:09:45] Request Try #5 / 5
<E> [19:09:52] Maximum number (5) of tries failed.
<E> [19:09:52] ----------------------------------------------------------------
Error 140: Maximum retries reached
--- 任务结束: Tue Jul 28 07:09:52 PM CST 2026 ---
--- 任务开始: Tue Jul 28 07:10:01 PM CST 2026 ---
--- 任务结束: Tue Jul 28 07:10:01 PM CST 2026 ---
<E> [19:11:37] Waiting 30 seconds before retrying...
<E> [19:12:07] Request Try #4 / 5
<E> [19:13:52] Waiting 40 seconds before retrying...
<E> [19:14:32] Request Try #5 / 5
<E> [19:15:13] Maximum number (5) of tries failed.
<E> [19:15:13] ----------------------------------------------------------------
Error 140: Maximum retries reached
--- 任务结束: Tue Jul 28 07:15:13 PM CST 2026 ---
<E> [19:16:22] './converted/比赛/2026-07-19_20-21/比赛_2026-07-19_20-21-07_001.mp4' ==> '/apps/bypy/live_audio/比赛/2026-07-19_20-21/比赛_2026-07-19_20-21-07_001.mp4' skipped since local path no longer exists
<E> [19:16:22] './converted/比赛/2026-07-19_20-21/比赛_2026-07-19_20-21-07_002.mp4' ==> '/apps/bypy/live_audio/比赛/2026-07-19_20-21/比赛_2026-07-19_20-21-07_002.mp4' skipped since local path no longer exists
<E> [19:16:22] './converted/比赛/2026-07-19_20-21/比赛_2026-07-19_20-21-07_003.mp4' ==> '/apps/bypy/live_audio/比赛/2026-07-19_20-21/比赛_2026-07-19_20-21-07_003.mp4' skipped since local path no longer exists
<E> [19:16:22] ----------------------------------------------------------------
Error 210: Some files/directores are skipped
--- 任务结束: Tue Jul 28 07:16:22 PM CST 2026 ---
--- 任务开始: Tue Jul 28 07:20:01 PM CST 2026 ---
--- 任务结束: Tue Jul 28 07:20:01 PM CST 2026 ---
<E> [19:23:45] Maximum number (5) of tries failed.
<E> [19:23:45] './converted/比赛/2026-07-19_20-21/比赛_2026-07-19_20-21-07_003.mp4' ==> '/apps/bypy/live_audio/比赛/2026-07-19_20-21/比赛_2026-07-19_20-21-07_003.mp4' skipped since local path no longer exists
<E> [19:23:45] ----------------------------------------------------------------
Error 210: Some files/directores are skipped
--- 任务结束: Tue Jul 28 07:23:46 PM CST 2026 ---
--- 任务开始: Tue Jul 28 07:30:01 PM CST 2026 ---
--- 任务结束: Tue Jul 28 07:30:01 PM CST 2026 ---
<E> [19:32:07] Waiting 20 seconds before retrying...
<E> [19:32:27] Request Try #3 / 5
<E> [19:33:07] Waiting 30 seconds before retrying...
<E> [19:33:37] Request Try #4 / 5
<E> [19:34:19] Waiting 40 seconds before retrying...
<E> [19:34:53] './converted/比赛/2026-07-19_20-21/比赛_2026-07-19_20-21-07_001.mp4' ==> '/apps/bypy/live_audio/比赛/2026-07-19_20-21/比赛_2026-07-19_20-21-07_001.mp4' skipped since local path no longer exists
<E> [19:34:53] './converted/比赛/2026-07-19_20-21/比赛_2026-07-19_20-21-07_002.mp4' ==> '/apps/bypy/live_audio/比赛/2026-07-19_20-21/比赛_2026-07-19_20-21-07_002.mp4' skipped since local path no longer exists
<E> [19:34:53] './converted/比赛/2026-07-19_20-21/比赛_2026-07-19_20-21-07_003.mp4' ==> '/apps/bypy/live_audio/比赛/2026-07-19_20-21/比赛_2026-07-19_20-21-07_003.mp4' skipped since local path no longer exists
<E> [19:34:53] ----------------------------------------------------------------
Error 210: Some files/directores are skipped
--- 任务结束: Tue Jul 28 07:34:53 PM CST 2026 ---
<E> [19:34:59] Request Try #5 / 5
<E> [19:35:08] Maximum number (5) of tries failed.
<E> [19:35:08] './converted/比赛/2026-07-19_20-21/比赛_2026-07-19_20-21-07_003.mp4' ==> '/apps/bypy/live_audio/比赛/2026-07-19_20-21/比赛_2026-07-19_20-21-07_003.mp4' skipped since local path no longer exists
<E> [19:35:08] ----------------------------------------------------------------
Error 210: Some files/directores are skipped
--- 任务结束: Tue Jul 28 07:35:08 PM CST 2026 ---
<E> [19:35:39] Maximum number (5) of tries failed.
<E> [19:35:39] './converted/比赛/2026-07-19_20-21/比赛_2026-07-19_20-21-07_003.mp4' ==> '/apps/bypy/live_audio/比赛/2026-07-19_20-21/比赛_2026-07-19_20-21-07_003.mp4' skipped since local path no longer exists
<E> [19:35:39] ----------------------------------------------------------------
Error 210: Some files/directores are skipped
--- 任务结束: Tue Jul 28 07:35:39 PM CST 2026 ---
--- 任务开始: Tue Jul 28 07:40:01 PM CST 2026 ---
--- 任务结束: Tue Jul 28 07:40:01 PM CST 2026 ---
--- 任务开始: Tue Jul 28 07:50:01 PM CST 2026 ---
--- 任务结束: Tue Jul 28 07:50:01 PM CST 2026 ---
<E> [19:50:40] Waiting 30 seconds before retrying...
<E> [19:51:10] Request Try #4 / 5
<E> [19:51:50] Waiting 40 seconds before retrying...
<E> [19:52:30] Request Try #5 / 5
<E> [19:52:42] Waiting 20 seconds before retrying...
<E> [19:52:43] Waiting 20 seconds before retrying...
<E> [19:53:02] Request Try #3 / 5
<E> [19:53:03] Request Try #3 / 5
<E> [19:53:11] Maximum number (5) of tries failed.
<E> [19:53:11] './converted/比赛/2026-07-19_20-21/比赛_2026-07-19_20-21-07_003.mp4' ==> '/apps/bypy/live_audio/比赛/2026-07-19_20-21/比赛_2026-07-19_20-21-07_003.mp4' skipped since local path no longer exists
<E> [19:53:11] ----------------------------------------------------------------
Error 210: Some files/directores are skipped
--- 任务结束: Tue Jul 28 07:53:11 PM CST 2026 ---
<E> [19:53:42] Waiting 30 seconds before retrying...
<E> [19:53:44] Waiting 30 seconds before retrying...
<E> [19:54:12] Request Try #4 / 5
<E> [19:54:14] Request Try #4 / 5
<E> [19:54:53] Waiting 40 seconds before retrying...
<E> [19:54:54] Waiting 40 seconds before retrying...
<E> [19:55:33] Request Try #5 / 5
<E> [19:55:34] Request Try #5 / 5
<E> [19:56:13] Maximum number (5) of tries failed.
<E> [19:56:13] './converted/比赛/2026-07-19_20-21/比赛_2026-07-19_20-21-07_001.mp4' ==> '/apps/bypy/live_audio/比赛/2026-07-19_20-21/比赛_2026-07-19_20-21-07_001.mp4' skipped since local path no longer exists
<E> [19:56:13] './converted/比赛/2026-07-19_20-21/比赛_2026-07-19_20-21-07_002.mp4' ==> '/apps/bypy/live_audio/比赛/2026-07-19_20-21/比赛_2026-07-19_20-21-07_002.mp4' skipped since local path no longer exists
<E> [19:56:13] './converted/比赛/2026-07-19_20-21/比赛_2026-07-19_20-21-07_003.mp4' ==> '/apps/bypy/live_audio/比赛/2026-07-19_20-21/比赛_2026-07-19_20-21-07_003.mp4' skipped since local path no longer exists
<E> [19:56:13] ----------------------------------------------------------------
Error 210: Some files/directores are skipped
--- 任务结束: Tue Jul 28 07:56:13 PM CST 2026 ---
<E> [19:56:14] Maximum number (5) of tries failed.
<E> [19:56:14] './converted/比赛/2026-07-19_20-21/比赛_2026-07-19_20-21-07_003.mp4' ==> '/apps/bypy/live_audio/比赛/2026-07-19_20-21/比赛_2026-07-19_20-21-07_003.mp4' skipped since local path no longer exists
<E> [19:56:14] ----------------------------------------------------------------
Error 210: Some files/directores are skipped
--- 任务结束: Tue Jul 28 07:56:14 PM CST 2026 ---
--- 任务开始: Tue Jul 28 08:00:01 PM CST 2026 ---
--- 任务结束: Tue Jul 28 08:00:01 PM CST 2026 ---
--- 任务开始: Tue Jul 28 08:10:01 PM CST 2026 ---
--- 任务结束: Tue Jul 28 08:10:01 PM CST 2026 ---
--- 任务开始: Tue Jul 28 08:20:01 PM CST 2026 ---
--- 任务结束: Tue Jul 28 08:20:01 PM CST 2026 ---
--- 任务开始: Tue Jul 28 08:30:01 PM CST 2026 ---
--- 任务结束: Tue Jul 28 08:30:01 PM CST 2026 ---
--- 任务开始: Tue Jul 28 08:40:01 PM CST 2026 ---
--- 任务结束: Tue Jul 28 08:40:01 PM CST 2026 ---
--- 任务开始: Tue Jul 28 08:50:01 PM CST 2026 ---
--- 任务结束: Tue Jul 28 08:50:01 PM CST 2026 ---
--- 任务开始: Tue Jul 28 09:00:01 PM CST 2026 ---
--- 任务结束: Tue Jul 28 09:00:01 PM CST 2026 ---
--- 任务开始: Tue Jul 28 09:10:01 PM CST 2026 ---
--- 任务结束: Tue Jul 28 09:10:01 PM CST 2026 ---
--- 任务开始: Tue Jul 28 09:20:01 PM CST 2026 ---
--- 任务结束: Tue Jul 28 09:20:01 PM CST 2026 ---
--- 任务开始: Tue Jul 28 09:30:01 PM CST 2026 ---
--- 任务结束: Tue Jul 28 09:30:01 PM CST 2026 ---
--- 任务开始: Tue Jul 28 09:40:01 PM CST 2026 ---
--- 任务结束: Tue Jul 28 09:40:01 PM CST 2026 ---
--- 任务开始: Tue Jul 28 09:50:01 PM CST 2026 ---
--- 任务结束: Tue Jul 28 09:50:01 PM CST 2026 ---
--- 任务开始: Tue Jul 28 10:00:01 PM CST 2026 ---
--- 任务结束: Tue Jul 28 10:00:01 PM CST 2026 ---
--- 任务开始: Tue Jul 28 10:10:01 PM CST 2026 ---
--- 任务结束: Tue Jul 28 10:10:01 PM CST 2026 ---
--- 任务开始: Tue Jul 28 10:20:01 PM CST 2026 ---
--- 任务结束: Tue Jul 28 10:20:01 PM CST 2026 ---
--- 任务开始: Tue Jul 28 10:30:01 PM CST 2026 ---
--- 任务结束: Tue Jul 28 10:30:01 PM CST 2026 ---
--- 任务开始: Tue Jul 28 10:40:01 PM CST 2026 ---
--- 任务结束: Tue Jul 28 10:40:01 PM CST 2026 ---
--- 任务开始: Tue Jul 28 10:50:01 PM CST 2026 ---
--- 任务结束: Tue Jul 28 10:50:01 PM CST 2026 ---
--- 任务开始: Tue Jul 28 11:00:01 PM CST 2026 ---
--- 任务结束: Tue Jul 28 11:00:01 PM CST 2026 ---
--- 任务开始: Tue Jul 28 11:10:01 PM CST 2026 ---
--- 任务结束: Tue Jul 28 11:10:01 PM CST 2026 ---
--- 任务开始: Tue Jul 28 11:20:01 PM CST 2026 ---
--- 任务结束: Tue Jul 28 11:20:01 PM CST 2026 ---
--- 任务开始: Tue Jul 28 11:30:01 PM CST 2026 ---
--- 任务结束: Tue Jul 28 11:30:01 PM CST 2026 ---
--- 任务开始: Tue Jul 28 11:40:01 PM CST 2026 ---
--- 任务结束: Tue Jul 28 11:40:01 PM CST 2026 ---
--- 任务开始: Tue Jul 28 11:50:01 PM CST 2026 ---
--- 任务结束: Tue Jul 28 11:50:01 PM CST 2026 ---
--- 任务开始: Wed Jul 29 12:00:01 AM CST 2026 ---
--- 任务结束: Wed Jul 29 12:00:01 AM CST 2026 ---
--- 任务开始: Wed Jul 29 12:10:01 AM CST 2026 ---
--- 任务结束: Wed Jul 29 12:10:01 AM CST 2026 ---
--- 任务开始: Wed Jul 29 12:20:01 AM CST 2026 ---
--- 任务结束: Wed Jul 29 12:20:01 AM CST 2026 ---
--- 任务开始: Wed Jul 29 12:30:01 AM CST 2026 ---
--- 任务结束: Wed Jul 29 12:30:01 AM CST 2026 ---
--- 任务开始: Wed Jul 29 12:40:01 AM CST 2026 ---
--- 任务结束: Wed Jul 29 12:40:01 AM CST 2026 ---
--- 任务开始: Wed Jul 29 12:50:01 AM CST 2026 ---
--- 任务结束: Wed Jul 29 12:50:01 AM CST 2026 ---
--- 任务开始: Wed Jul 29 01:00:01 AM CST 2026 ---
--- 任务结束: Wed Jul 29 01:00:01 AM CST 2026 ---
--- 任务开始: Wed Jul 29 01:10:01 AM CST 2026 ---
--- 任务结束: Wed Jul 29 01:10:01 AM CST 2026 ---
--- 任务开始: Wed Jul 29 01:20:01 AM CST 2026 ---
--- 任务结束: Wed Jul 29 01:20:01 AM CST 2026 ---
--- 任务开始: Wed Jul 29 01:30:01 AM CST 2026 ---
--- 任务结束: Wed Jul 29 01:30:01 AM CST 2026 ---
--- 任务开始: Wed Jul 29 01:40:01 AM CST 2026 ---
--- 任务结束: Wed Jul 29 01:40:01 AM CST 2026 ---
--- 任务开始: Wed Jul 29 01:50:01 AM CST 2026 ---
--- 任务结束: Wed Jul 29 01:50:01 AM CST 2026 ---
--- 任务开始: Wed Jul 29 02:00:01 AM CST 2026 ---
--- 任务结束: Wed Jul 29 02:00:01 AM CST 2026 ---
--- 任务开始: Wed Jul 29 02:10:01 AM CST 2026 ---
--- 任务结束: Wed Jul 29 02:10:01 AM CST 2026 ---
--- 任务开始: Wed Jul 29 02:20:01 AM CST 2026 ---
--- 任务结束: Wed Jul 29 02:20:01 AM CST 2026 ---
--- 任务开始: Wed Jul 29 02:30:01 AM CST 2026 ---
--- 任务结束: Wed Jul 29 02:30:01 AM CST 2026 ---
--- 任务开始: Wed Jul 29 02:40:01 AM CST 2026 ---
--- 任务结束: Wed Jul 29 02:40:01 AM CST 2026 ---
--- 任务开始: Wed Jul 29 02:50:01 AM CST 2026 ---
--- 任务结束: Wed Jul 29 02:50:01 AM CST 2026 ---
--- 任务开始: Wed Jul 29 03:00:01 AM CST 2026 ---
--- 任务结束: Wed Jul 29 03:00:01 AM CST 2026 ---
--- 任务开始: Wed Jul 29 03:10:01 AM CST 2026 ---
--- 任务结束: Wed Jul 29 03:10:01 AM CST 2026 ---
--- 任务开始: Wed Jul 29 03:20:02 AM CST 2026 ---
--- 任务结束: Wed Jul 29 03:20:02 AM CST 2026 ---
--- 任务开始: Wed Jul 29 03:30:01 AM CST 2026 ---
--- 任务结束: Wed Jul 29 03:30:01 AM CST 2026 ---
--- 任务开始: Wed Jul 29 03:40:01 AM CST 2026 ---
--- 任务结束: Wed Jul 29 03:40:01 AM CST 2026 ---
--- 任务开始: Wed Jul 29 03:50:01 AM CST 2026 ---
--- 任务结束: Wed Jul 29 03:50:01 AM CST 2026 ---
--- 任务开始: Wed Jul 29 04:00:01 AM CST 2026 ---
--- 任务结束: Wed Jul 29 04:00:01 AM CST 2026 ---
--- 任务开始: Wed Jul 29 04:10:01 AM CST 2026 ---
--- 任务结束: Wed Jul 29 04:10:01 AM CST 2026 ---
--- 任务开始: Wed Jul 29 04:20:01 AM CST 2026 ---
--- 任务结束: Wed Jul 29 04:20:01 AM CST 2026 ---
--- 任务开始: Wed Jul 29 04:30:01 AM CST 2026 ---
--- 任务结束: Wed Jul 29 04:30:01 AM CST 2026 ---
--- 任务开始: Wed Jul 29 04:40:01 AM CST 2026 ---
--- 任务结束: Wed Jul 29 04:40:01 AM CST 2026 ---
--- 任务开始: Wed Jul 29 04:50:01 AM CST 2026 ---
--- 任务结束: Wed Jul 29 04:50:01 AM CST 2026 ---
--- 任务开始: Wed Jul 29 05:00:01 AM CST 2026 ---
--- 任务结束: Wed Jul 29 05:00:01 AM CST 2026 ---
--- 任务开始: Wed Jul 29 05:10:01 AM CST 2026 ---
--- 任务结束: Wed Jul 29 05:10:01 AM CST 2026 ---
--- 任务开始: Wed Jul 29 05:20:01 AM CST 2026 ---
--- 任务结束: Wed Jul 29 05:20:01 AM CST 2026 ---
--- 任务开始: Wed Jul 29 05:30:01 AM CST 2026 ---
--- 任务结束: Wed Jul 29 05:30:01 AM CST 2026 ---
--- 任务开始: Wed Jul 29 05:40:01 AM CST 2026 ---
--- 任务结束: Wed Jul 29 05:40:01 AM CST 2026 ---
--- 任务开始: Wed Jul 29 05:50:01 AM CST 2026 ---
--- 任务结束: Wed Jul 29 05:50:01 AM CST 2026 ---
--- 任务开始: Wed Jul 29 06:00:01 AM CST 2026 ---
--- 任务结束: Wed Jul 29 06:00:01 AM CST 2026 ---
--- 任务开始: Wed Jul 29 06:10:01 AM CST 2026 ---
--- 任务结束: Wed Jul 29 06:10:01 AM CST 2026 ---
--- 任务开始: Wed Jul 29 06:20:01 AM CST 2026 ---
--- 任务结束: Wed Jul 29 06:20:01 AM CST 2026 ---
--- 任务开始: Wed Jul 29 06:30:01 AM CST 2026 ---
--- 任务结束: Wed Jul 29 06:30:01 AM CST 2026 ---
--- 任务开始: Wed Jul 29 06:40:01 AM CST 2026 ---
--- 任务结束: Wed Jul 29 06:40:01 AM CST 2026 ---
--- 任务开始: Wed Jul 29 06:50:01 AM CST 2026 ---
--- 任务结束: Wed Jul 29 06:50:01 AM CST 2026 ---
--- 任务开始: Wed Jul 29 07:00:01 AM CST 2026 ---
--- 任务结束: Wed Jul 29 07:00:01 AM CST 2026 ---
--- 任务开始: Wed Jul 29 07:10:01 AM CST 2026 ---
--- 任务结束: Wed Jul 29 07:10:01 AM CST 2026 ---
--- 任务开始: Wed Jul 29 07:20:01 AM CST 2026 ---
--- 任务结束: Wed Jul 29 07:20:01 AM CST 2026 ---
--- 任务开始: Wed Jul 29 07:30:01 AM CST 2026 ---
--- 任务结束: Wed Jul 29 07:30:01 AM CST 2026 ---
--- 任务开始: Wed Jul 29 07:40:01 AM CST 2026 ---
--- 任务结束: Wed Jul 29 07:40:01 AM CST 2026 ---
--- 任务开始: Wed Jul 29 07:50:01 AM CST 2026 ---
--- 任务结束: Wed Jul 29 07:50:01 AM CST 2026 ---
--- 任务开始: Wed Jul 29 08:00:01 AM CST 2026 ---
--- 任务结束: Wed Jul 29 08:00:01 AM CST 2026 ---
/home/ubuntu/DouyinLiveRecorder-main/upload_baidu.sh: line 51: 2470152 Killed                  python3 -m bypy --retry 5 --timeout 120 -s 500M syncup "$batch_dir" "/live_audio/$anchor_name/$batch_time" --on-dup overwrite 2>&1
--- 任务结束: Wed Jul 29 08:05:14 AM CST 2026 ---
--- 任务开始: Wed Jul 29 08:10:01 AM CST 2026 ---
--- 任务结束: Wed Jul 29 08:10:01 AM CST 2026 ---
--- 任务开始: Wed Jul 29 08:20:01 AM CST 2026 ---
--- 任务结束: Wed Jul 29 08:20:04 AM CST 2026 ---
--- 任务开始: Wed Jul 29 08:30:01 AM CST 2026 ---
--- 任务结束: Wed Jul 29 08:30:17 AM CST 2026 ---
--- 任务开始: Wed Jul 29 08:40:01 AM CST 2026 ---
--- 任务结束: Wed Jul 29 08:40:01 AM CST 2026 ---
--- 任务开始: Wed Jul 29 08:50:01 AM CST 2026 ---
--- 任务结束: Wed Jul 29 08:51:07 AM CST 2026 ---
--- 任务开始: Wed Jul 29 09:00:01 AM CST 2026 ---
--- 任务结束: Wed Jul 29 09:00:01 AM CST 2026 ---
--- 任务开始: Wed Jul 29 09:10:01 AM CST 2026 ---
--- 任务结束: Wed Jul 29 09:10:01 AM CST 2026 ---
--- 任务开始: Wed Jul 29 09:20:01 AM CST 2026 ---
--- 任务结束: Wed Jul 29 09:20:01 AM CST 2026 ---
--- 任务开始: Wed Jul 29 09:30:01 AM CST 2026 ---
--- 任务结束: Wed Jul 29 09:30:01 AM CST 2026 ---
--- 任务开始: Wed Jul 29 09:40:02 AM CST 2026 ---
--- 任务结束: Wed Jul 29 09:40:02 AM CST 2026 ---
--- 任务开始: Wed Jul 29 09:50:01 AM CST 2026 ---
--- 任务结束: Wed Jul 29 09:50:01 AM CST 2026 ---
--- 任务开始: Wed Jul 29 10:00:01 AM CST 2026 ---
--- 任务结束: Wed Jul 29 10:00:01 AM CST 2026 ---
--- 任务开始: Wed Jul 29 10:10:01 AM CST 2026 ---
--- 任务结束: Wed Jul 29 10:10:01 AM CST 2026 ---
--- 任务开始: Wed Jul 29 10:20:01 AM CST 2026 ---
--- 任务结束: Wed Jul 29 10:20:01 AM CST 2026 ---
--- 任务开始: Wed Jul 29 10:30:01 AM CST 2026 ---
--- 任务结束: Wed Jul 29 10:30:02 AM CST 2026 ---
--- 任务开始: Wed Jul 29 10:40:01 AM CST 2026 ---
--- 任务结束: Wed Jul 29 10:40:01 AM CST 2026 ---
--- 任务开始: Wed Jul 29 10:50:01 AM CST 2026 ---
--- 任务开始: Wed Jul 29 11:00:01 AM CST 2026 ---
cp: './converted/WS_T3/2026-07-29_10-43/WS_T3_2026-07-29_10-43-26_000.mp4' and './converted/WS_T3/2026-07-29_10-43/WS_T3_2026-07-29_10-43-26_000.mp4' are the same file
--- 任务开始: Wed Jul 29 11:10:01 AM CST 2026 ---
cp: './converted/WS_T3/2026-07-29_10-43/WS_T3_2026-07-29_10-43-26_000.mp4' and './converted/WS_T3/2026-07-29_10-43/WS_T3_2026-07-29_10-43-26_000.mp4' are the same file
<E> [11:21:36] Waiting 10 seconds before retrying...
<E> [11:21:36] Waiting 10 seconds before retrying...
<E> [11:21:49] Waiting 10 seconds before retrying...
--- 任务开始: Wed Jul 29 11:21:50 AM CST 2026 ---
cp: './converted/WS_T3/2026-07-29_10-43/WS_T3_2026-07-29_10-43-26_000.mp4' and './converted/WS_T3/2026-07-29_10-43/WS_T3_2026-07-29_10-43-26_000.mp4' are the same file
<E> [11:21:58] Request Try #2 / 5
<E> [11:21:58] Request Try #2 / 5
<E> [11:22:00] Request Try #2 / 5
<E> [11:22:24] Waiting 20 seconds before retrying...
<E> [11:22:45] Request Try #3 / 5
<E> [11:22:50] Waiting 20 seconds before retrying...
<E> [11:23:22] Request Try #3 / 5
<E> [11:25:36] Waiting 30 seconds before retrying...
<E> [11:26:53] Request Try #4 / 5
<E> [11:27:08] Waiting 20 seconds before retrying...
<E> [11:27:29] Request Try #3 / 5
<E> [11:28:53] Waiting 30 seconds before retrying...
<E> [11:29:45] Request Try #4 / 5
<E> [11:30:04] Waiting 30 seconds before retrying...
<E> [11:30:51] Request Try #4 / 5
--- 任务开始: Wed Jul 29 11:39:02 AM CST 2026 ---
cp: './converted/WS_T3/2026-07-29_10-43/WS_T3_2026-07-29_10-43-26_000.mp4' and './converted/WS_T3/2026-07-29_10-43/WS_T3_2026-07-29_10-43-26_000.mp4' are the same file
--- 任务开始: Wed Jul 29 11:40:03 AM CST 2026 ---
cp: './converted/WS_T3/2026-07-29_10-43/WS_T3_2026-07-29_10-43-26_000.mp4' and './converted/WS_T3/2026-07-29_10-43/WS_T3_2026-07-29_10-43-26_000.mp4' are the same file
<E> [11:41:14] Waiting 40 seconds before retrying...
/home/ubuntu/DouyinLiveRecorder-main/upload_baidu.sh: line 50: 1347659 Killed                  python3 -m bypy --retry 5 --timeout 120 -s 500M syncup "$batch_dir" "/live_audio/$anchor_name/$batch_time" --on-dup overwrite 2>&1
<E> [11:41:54] Request Try #5 / 5
<E> [11:44:42] Waiting 10 seconds before retrying...
<E> [11:44:53] Request Try #2 / 5
--- 任务开始: Wed Jul 29 11:50:28 AM CST 2026 ---
/home/ubuntu/DouyinLiveRecorder-main/upload_baidu.sh: line 50: 1351658 Killed                  python3 -m bypy --retry 5 --timeout 120 -s 500M syncup "$batch_dir" "/live_audio/$anchor_name/$batch_time" --on-dup overwrite 2>&1
<E> [11:50:43] Maximum number (5) of tries failed.
<E> [11:50:43] Slice MD5 mismatch, waiting 10 seconds before retrying...
<E> [11:50:53] Retrying #2 / 5
<E> [11:50:55] Waiting 10 seconds before retrying...
<E> [11:51:05] Request Try #2 / 5
/home/ubuntu/DouyinLiveRecorder-main/upload_baidu.sh: line 50: 1353609 Killed                  python3 -m bypy --retry 5 --timeout 120 -s 500M syncup "$batch_dir" "/live_audio/$anchor_name/$batch_time" --on-dup overwrite 2>&1
<E> [11:51:48] Waiting 20 seconds before retrying...
<E> [11:52:08] Request Try #3 / 5
<E> [11:52:15] Waiting 10 seconds before retrying...
<E> [11:52:25] Request Try #2 / 5
<E> [11:56:34] Waiting 20 seconds before retrying...
<E> [11:56:56] Request Try #3 / 5
<E> [11:57:35] Waiting 30 seconds before retrying...
<E> [11:57:38] Waiting 10 seconds before retrying...
<E> [11:57:38] Waiting 10 seconds before retrying...
<E> [11:57:49] Request Try #2 / 5
<E> [11:57:49] Request Try #2 / 5
<E> [11:58:09] Request Try #4 / 5
<E> [11:58:15] Waiting 30 seconds before retrying...
<E> [11:58:46] Request Try #4 / 5
<E> [12:02:08] Waiting 20 seconds before retrying...
<E> [12:02:17] Waiting 40 seconds before retrying...
--- 任务开始: Wed Jul 29 12:02:18 PM CST 2026 ---
<E> [12:02:29] Request Try #3 / 5
<E> [12:02:58] Waiting 30 seconds before retrying...
/home/ubuntu/DouyinLiveRecorder-main/upload_baidu.sh: line 50: 1353345 Killed                  python3 -m bypy --retry 5 --timeout 120 -s 500M syncup "$batch_dir" "/live_audio/$anchor_name/$batch_time" --on-dup overwrite 2>&1
<E> [12:03:25] Waiting 20 seconds before retrying...
<E> [12:03:28] Request Try #4 / 5
<E> [12:03:45] Request Try #3 / 5
<E> [12:03:54] Waiting 40 seconds before retrying...
<E> [12:04:09] Waiting 40 seconds before retrying...
<E> [12:04:17] Waiting 20 seconds before retrying...
<E> [12:04:17] Waiting 10 seconds before retrying...
<E> [12:04:18] Waiting 10 seconds before retrying...
<E> [12:04:27] Request Try #2 / 5
<E> [12:04:28] Request Try #2 / 5
<E> [12:04:34] Request Try #5 / 5
<E> [12:04:37] Request Try #3 / 5
<E> [12:04:49] Request Try #5 / 5
<E> [12:04:50] Waiting 30 seconds before retrying...
<E> [12:05:20] Request Try #4 / 5
<E> [12:05:29] Maximum number (5) of tries failed.
<E> [12:05:29] ----------------------------------------------------------------
Error 140: Maximum retries reached
--- 任务结束: Wed Jul 29 12:05:29 PM CST 2026 ---
<E> [12:06:01] Waiting 40 seconds before retrying...
<E> [12:06:41] Request Try #5 / 5
<E> [12:07:21] Maximum number (5) of tries failed.
<E> [12:07:21] ----------------------------------------------------------------
Error 140: Maximum retries reached
--- 任务结束: Wed Jul 29 12:07:21 PM CST 2026 ---
<E> [12:07:59] Waiting 30 seconds before retrying...
<E> [12:08:07] Maximum number (5) of tries failed.
<E> [12:08:07] ----------------------------------------------------------------
Error 140: Maximum retries reached
--- 任务结束: Wed Jul 29 12:08:08 PM CST 2026 ---
<E> [12:08:29] Request Try #4 / 5
<E> [12:08:46] './converted/WS_T3/2026-07-29_10-43/WS_T3_2026-07-29_11-39-07_000.mp4' ==> '/apps/bypy/live_audio/WS_T3/2026-07-29_10-43/WS_T3_2026-07-29_11-39-07_000.mp4' skipped since local path no longer exists
<E> [12:08:46] './converted/WS_T3/2026-07-29_10-43/WS_T3_2026-07-29_11-56-06_000.mp4' ==> '/apps/bypy/live_audio/WS_T3/2026-07-29_10-43/WS_T3_2026-07-29_11-56-06_000.mp4' skipped since local path no longer exists
<E> [12:08:46] ----------------------------------------------------------------
Error 210: Some files/directores are skipped
--- 任务结束: Wed Jul 29 12:08:46 PM CST 2026 ---
